# Blender 4.4.1
# www.blender.org
mtllib tutorialSpace.mtl
o テキスト.001
v -4.397500 -2.212000 0.000000
v -4.397458 -2.221483 0.000000
v -4.397328 -2.231365 0.000000
v -4.397109 -2.241547 0.000000
v -4.396796 -2.251926 0.000000
v -4.396386 -2.262402 0.000000
v -4.395875 -2.272875 0.000000
v -4.395259 -2.283243 0.000000
v -4.394536 -2.293407 0.000000
v -4.393703 -2.303265 0.000000
v -4.392754 -2.312717 0.000000
v -4.391687 -2.321662 0.000000
v -4.390500 -2.330000 0.000000
v -4.487500 -2.330000 0.000000
v -4.486542 -2.321338 0.000000
v -4.485667 -2.311954 0.000000
v -4.484875 -2.302000 0.000000
v -4.484167 -2.291630 0.000000
v -4.483541 -2.280996 0.000000
v -4.483000 -2.270250 0.000000
v -4.482542 -2.259547 0.000000
v -4.482167 -2.249037 0.000000
v -4.481875 -2.238875 0.000000
v -4.481667 -2.229213 0.000000
v -4.481542 -2.220204 0.000000
v -4.481500 -2.212000 0.000000
v -4.480500 -1.882000 0.000000
v -4.509469 -1.891393 0.000000
v -4.540584 -1.901981 0.000000
v -4.573407 -1.913625 0.000000
v -4.607501 -1.926185 0.000000
v -4.642427 -1.939523 0.000000
v -4.677751 -1.953500 0.000000
v -4.713032 -1.967977 0.000000
v -4.747834 -1.982815 0.000001
v -4.781719 -1.997875 0.000001
v -4.814250 -2.013018 0.000001
v -4.844990 -2.028106 0.000001
v -4.873500 -2.043000 0.000001
v -4.907500 -1.958000 0.000001
v -4.879562 -1.944384 0.000001
v -4.848579 -1.930153 0.000001
v -4.815047 -1.915484 0.000001
v -4.779463 -1.900556 0.000001
v -4.742324 -1.885543 0.000000
v -4.704125 -1.870625 0.000000
v -4.665364 -1.855977 0.000000
v -4.626537 -1.841778 0.000000
v -4.588141 -1.828203 0.000000
v -4.550672 -1.815431 0.000000
v -4.514626 -1.803637 0.000000
v -4.480500 -1.793000 0.000000
v -4.480500 -1.630000 0.000000
v -4.480581 -1.622244 0.000000
v -4.480811 -1.614032 0.000000
v -4.481172 -1.605453 0.000000
v -4.481648 -1.596593 0.000000
v -4.482222 -1.587538 0.000000
v -4.482875 -1.578375 0.000000
v -4.483591 -1.569191 0.000000
v -4.484352 -1.560074 0.000000
v -4.485141 -1.551109 0.000000
v -4.485940 -1.542384 0.000000
v -4.486732 -1.533985 0.000000
v -4.487500 -1.526000 0.000000
v -4.389500 -1.526000 0.000000
v -4.390918 -1.534024 0.000000
v -4.392176 -1.542523 0.000000
v -4.393281 -1.551391 0.000000
v -4.394240 -1.560518 0.000000
v -4.395061 -1.569799 0.000000
v -4.395750 -1.579125 0.000000
v -4.396313 -1.588388 0.000000
v -4.396759 -1.597481 0.000000
v -4.397093 -1.606297 0.000000
v -4.397323 -1.614727 0.000000
v -4.397456 -1.622664 0.000000
v -4.397500 -1.630000 0.000000
v -4.397500 -1.658028 0.000000
v -4.397500 -1.698389 0.000000
v -4.397500 -1.748500 0.000000
v -4.397500 -1.805778 0.000000
v -4.397500 -1.867639 0.000000
v -4.397500 -1.931500 0.000000
v -4.397500 -1.994778 0.000000
v -4.397500 -2.054889 0.000000
v -4.397500 -2.109250 0.000000
v -4.397500 -2.155278 0.000000
v -4.397500 -2.190389 0.000000
v -3.162500 -1.867000 0.000000
v -3.162500 -1.965000 0.000000
v -3.170697 -1.964271 0.000000
v -3.179741 -1.963588 0.000000
v -3.189563 -1.962953 0.000000
v -3.200093 -1.962370 0.000000
v -3.211262 -1.961843 0.000000
v -3.223000 -1.961375 0.000000
v -3.235239 -1.960969 0.000000
v -3.247908 -1.960630 0.000000
v -3.260938 -1.960359 0.000000
v -3.274259 -1.960162 0.000000
v -3.287803 -1.960041 0.000000
v -3.301500 -1.960000 0.000000
v -3.326625 -1.960000 0.000000
v -3.363000 -1.960000 0.000000
v -3.408375 -1.960000 0.000000
v -3.460500 -1.960000 0.000000
v -3.517125 -1.960000 0.000000
v -3.576000 -1.960000 0.000000
v -3.634876 -1.960000 0.000000
v -3.691500 -1.960000 0.000000
v -3.743625 -1.960000 0.000000
v -3.789000 -1.960000 0.000000
v -3.825375 -1.960000 0.000000
v -3.850500 -1.960000 0.000000
v -3.861677 -1.960079 0.000000
v -3.872662 -1.960301 0.000000
v -3.883391 -1.960641 0.000000
v -3.893797 -1.961074 0.000000
v -3.903813 -1.961577 0.000000
v -3.913375 -1.962125 0.000000
v -3.922416 -1.962694 0.000000
v -3.930871 -1.963259 0.000000
v -3.938672 -1.963797 0.000000
v -3.945755 -1.964282 0.000000
v -3.952053 -1.964692 0.000000
v -3.957500 -1.965000 0.000000
v -3.957500 -1.867000 0.000000
v -3.951709 -1.867518 0.000000
v -3.945333 -1.868065 0.000000
v -3.938375 -1.868625 0.000000
v -3.930834 -1.869185 0.000000
v -3.922709 -1.869731 0.000000
v -3.914000 -1.870250 0.000000
v -3.904709 -1.870727 0.000000
v -3.894834 -1.871148 0.000000
v -3.884375 -1.871500 0.000000
v -3.873334 -1.871769 0.000000
v -3.861709 -1.871940 0.000000
v -3.849500 -1.872000 0.000000
v -3.824586 -1.872000 0.000000
v -3.788352 -1.872000 0.000000
v -3.743063 -1.872000 0.000000
v -3.690982 -1.872000 0.000000
v -3.634373 -1.872000 0.000000
v -3.575500 -1.872000 0.000000
v -3.516627 -1.872000 0.000000
v -3.460018 -1.872000 0.000000
v -3.407937 -1.872000 0.000000
v -3.362648 -1.872000 0.000000
v -3.326414 -1.872000 0.000000
v -3.301500 -1.872000 0.000000
v -3.287574 -1.871940 0.000000
v -3.273843 -1.871768 0.000000
v -3.260375 -1.871500 0.000000
v -3.247241 -1.871148 0.000000
v -3.234509 -1.870727 0.000000
v -3.222250 -1.870250 0.000000
v -3.210532 -1.869731 0.000000
v -3.199426 -1.869185 0.000000
v -3.189000 -1.868625 0.000000
v -3.179324 -1.868065 0.000000
v -3.170468 -1.867518 0.000000
v -2.596500 -1.515000 0.000000
v -2.505500 -1.486000 0.000000
v -2.503801 -1.492672 0.000000
v -2.501741 -1.499629 0.000000
v -2.499375 -1.506781 0.000000
v -2.496759 -1.514037 0.000000
v -2.493949 -1.521307 0.000000
v -2.491000 -1.528500 0.000000
v -2.487968 -1.535527 0.000000
v -2.484908 -1.542296 0.000000
v -2.481875 -1.548719 0.000000
v -2.478926 -1.554704 0.000000
v -2.476116 -1.560161 0.000000
v -2.473500 -1.565000 0.000000
v -2.460596 -1.588920 0.000000
v -2.445347 -1.614944 0.000000
v -2.427703 -1.642719 0.000000
v -2.407611 -1.671889 0.000000
v -2.385019 -1.702101 0.000000
v -2.359875 -1.733000 0.000000
v -2.332127 -1.764233 0.000000
v -2.301722 -1.795444 0.000000
v -2.268609 -1.826281 0.000000
v -2.232736 -1.856389 0.000000
v -2.194050 -1.885413 0.000000
v -2.152500 -1.913000 0.000000
v -2.219500 -1.965000 0.000000
v -2.247020 -1.945329 0.000000
v -2.273574 -1.924884 0.000000
v -2.299156 -1.903766 0.000000
v -2.323759 -1.882074 0.000000
v -2.347376 -1.859910 0.000000
v -2.370000 -1.837375 0.000000
v -2.391624 -1.814569 0.000000
v -2.412241 -1.791592 0.000000
v -2.431844 -1.768547 0.000000
v -2.450426 -1.745532 0.000000
v -2.467980 -1.722650 0.000000
v -2.484500 -1.700000 0.000000
v -2.822500 -1.700000 0.000000
v -2.816864 -1.721014 0.000000
v -2.809996 -1.742949 0.000000
v -2.801953 -1.765640 0.000000
v -2.792796 -1.788926 0.000000
v -2.782584 -1.812642 0.000000
v -2.771375 -1.836625 0.000000
v -2.759228 -1.860712 0.000000
v -2.746204 -1.884741 0.000000
v -2.732359 -1.908547 0.000000
v -2.717755 -1.931967 0.000000
v -2.702448 -1.954839 0.000000
v -2.686500 -1.977000 0.000000
v -2.668904 -1.964776 0.000000
v -2.651148 -1.952625 0.000000
v -2.633281 -1.940578 0.000000
v -2.615352 -1.928667 0.000000
v -2.597409 -1.916922 0.000000
v -2.579500 -1.905375 0.000000
v -2.561675 -1.894057 0.000000
v -2.543982 -1.883000 0.000000
v -2.526469 -1.872234 0.000000
v -2.509185 -1.861791 0.000000
v -2.492180 -1.851703 0.000000
v -2.475500 -1.842000 0.000000
v -2.421500 -1.897000 0.000000
v -2.437741 -1.907243 0.000000
v -2.454426 -1.917944 0.000000
v -2.471500 -1.929062 0.000000
v -2.488908 -1.940556 0.000000
v -2.506593 -1.952382 0.000000
v -2.524500 -1.964500 0.000000
v -2.542574 -1.976868 0.000000
v -2.560759 -1.989444 0.000000
v -2.579000 -2.002187 0.000000
v -2.597241 -2.015056 0.000000
v -2.615426 -2.028007 0.000000
v -2.633500 -2.041000 0.000000
v -2.610207 -2.065125 0.000000
v -2.585320 -2.088921 0.000000
v -2.558828 -2.112266 0.000000
v -2.530722 -2.135037 0.000000
v -2.500991 -2.157114 0.000000
v -2.469625 -2.178375 0.000000
v -2.436613 -2.198699 0.000000
v -2.401944 -2.217963 0.000000
v -2.365609 -2.236047 0.000000
v -2.327597 -2.252829 0.000000
v -2.287898 -2.268187 0.000000
v -2.246500 -2.282000 0.000000
v -2.318500 -2.344000 0.000000
v -2.359799 -2.327658 0.000000
v -2.399222 -2.310185 0.000000
v -2.436813 -2.291656 0.000000
v -2.472611 -2.272148 0.000000
v -2.506660 -2.251737 0.000000
v -2.539000 -2.230500 0.000000
v -2.569674 -2.208513 0.000000
v -2.598722 -2.185852 0.000000
v -2.626188 -2.162593 0.000000
v -2.652111 -2.138814 0.000000
v -2.676535 -2.114591 0.000000
v -2.699500 -2.090000 0.000000
v -2.709685 -2.098207 0.000000
v -2.719727 -2.106324 0.000000
v -2.729609 -2.114344 0.000000
v -2.739315 -2.122259 0.000000
v -2.748826 -2.130064 0.000000
v -2.758125 -2.137750 0.000000
v -2.767195 -2.145311 0.000000
v -2.776018 -2.152741 0.000000
v -2.784578 -2.160031 0.000000
v -2.792856 -2.167176 0.000000
v -2.800836 -2.174168 0.000000
v -2.808500 -2.181000 0.000000
v -2.867500 -2.112000 0.000000
v -2.859337 -2.105399 0.000000
v -2.850861 -2.098606 0.000000
v -2.842094 -2.091640 0.000000
v -2.833056 -2.084518 0.000000
v -2.823767 -2.077257 0.000000
v -2.814250 -2.069875 0.000000
v -2.804524 -2.062388 0.000000
v -2.794611 -2.054815 0.000000
v -2.784531 -2.047172 0.000000
v -2.774305 -2.039477 0.000000
v -2.763955 -2.031747 0.000000
v -2.753500 -2.024000 0.000000
v -2.772038 -1.998211 0.000000
v -2.789639 -1.971935 0.000000
v -2.806282 -1.945312 0.000000
v -2.821945 -1.918481 0.000000
v -2.836608 -1.891581 0.000000
v -2.850250 -1.864750 0.000000
v -2.862851 -1.838127 0.000000
v -2.874389 -1.811852 0.000000
v -2.884844 -1.786062 0.000000
v -2.894195 -1.760898 0.000000
v -2.902421 -1.736498 0.000000
v -2.909500 -1.713000 0.000000
v -2.911061 -1.708844 0.000000
v -2.912736 -1.704417 0.000000
v -2.914516 -1.699781 0.000000
v -2.916389 -1.695000 0.000000
v -2.918346 -1.690135 0.000000
v -2.920375 -1.685250 0.000000
v -2.922467 -1.680406 0.000000
v -2.924611 -1.675667 0.000000
v -2.926797 -1.671094 0.000000
v -2.929014 -1.666750 0.000000
v -2.931252 -1.662698 0.000000
v -2.933500 -1.659000 0.000000
v -2.867500 -1.619000 0.000000
v -2.863146 -1.620667 0.000000
v -2.858583 -1.622171 0.000000
v -2.853813 -1.623516 0.000000
v -2.848834 -1.624704 0.000000
v -2.843646 -1.625739 0.000000
v -2.838250 -1.626625 0.000000
v -2.832646 -1.627365 0.000000
v -2.826833 -1.627963 0.000000
v -2.820813 -1.628422 0.000000
v -2.814584 -1.628745 0.000000
v -2.808146 -1.628937 0.000000
v -2.801500 -1.629000 0.000000
v -2.530500 -1.629000 0.000000
v -2.551500 -1.593000 0.000000
v -2.554162 -1.588181 0.000000
v -2.557125 -1.582778 0.000000
v -2.560359 -1.576875 0.000000
v -2.563833 -1.570556 0.000000
v -2.567516 -1.563903 0.000000
v -2.571375 -1.557000 0.000000
v -2.575380 -1.549930 0.000000
v -2.579500 -1.542778 0.000000
v -2.583703 -1.535625 0.000000
v -2.587959 -1.528555 0.000000
v -2.592235 -1.521653 0.000000
v -1.860500 -1.631000 0.000000
v -1.809500 -1.592000 0.000000
v -1.805294 -1.593208 0.000000
v -1.800681 -1.594329 0.000000
v -1.795672 -1.595359 0.000000
v -1.790278 -1.596296 0.000000
v -1.784509 -1.597136 0.000000
v -1.778375 -1.597875 0.000000
v -1.771887 -1.598510 0.000000
v -1.765056 -1.599037 0.000000
v -1.757891 -1.599453 0.000000
v -1.750403 -1.599754 0.000000
v -1.742602 -1.599938 0.000000
v -1.734500 -1.600000 0.000000
v -1.719897 -1.600000 0.000000
v -1.695838 -1.600000 0.000000
v -1.664203 -1.600000 0.000000
v -1.626871 -1.600000 0.000000
v -1.585718 -1.600000 0.000000
v -1.542625 -1.600000 0.000000
v -1.499469 -1.600000 0.000000
v -1.458130 -1.600000 0.000000
v -1.420484 -1.600000 0.000000
v -1.388412 -1.600000 0.000000
v -1.363791 -1.600000 0.000000
v -1.348500 -1.600000 0.000000
v -1.340478 -1.599920 0.000000
v -1.331574 -1.599694 0.000000
v -1.322031 -1.599344 0.000000
v -1.312093 -1.598889 0.000000
v -1.302001 -1.598351 0.000000
v -1.292000 -1.597750 0.000000
v -1.282332 -1.597107 0.000000
v -1.273241 -1.596444 0.000000
v -1.264969 -1.595781 0.000000
v -1.257759 -1.595139 0.000000
v -1.251855 -1.594538 0.000000
v -1.247500 -1.594000 0.000000
v -1.247500 -1.685000 0.000000
v -1.251130 -1.684691 0.000000
v -1.256370 -1.684282 0.000000
v -1.263000 -1.683797 0.000000
v -1.270796 -1.683259 0.000000
v -1.279537 -1.682694 0.000000
v -1.289000 -1.682125 0.000000
v -1.298963 -1.681577 0.000000
v -1.309204 -1.681074 0.000000
v -1.319500 -1.680640 0.000000
v -1.329630 -1.680301 0.000000
v -1.339370 -1.680079 0.000000
v -1.348500 -1.680000 0.000000
v -1.362839 -1.680000 0.000000
v -1.387042 -1.680000 0.000000
v -1.419141 -1.680000 0.000000
v -1.457167 -1.680000 0.000000
v -1.499151 -1.680000 0.000000
v -1.543125 -1.680000 0.000000
v -1.587120 -1.680000 0.000000
v -1.629167 -1.680000 0.000000
v -1.667297 -1.680000 0.000000
v -1.699542 -1.680000 0.000000
v -1.723932 -1.680000 0.000000
v -1.738500 -1.680000 0.000000
v -1.731281 -1.701435 0.000000
v -1.722246 -1.724065 0.000000
v -1.711578 -1.747625 0.000000
v -1.699463 -1.771852 0.000000
v -1.686084 -1.796481 0.000000
v -1.671625 -1.821250 0.000000
v -1.656271 -1.845893 0.000000
v -1.640204 -1.870148 0.000000
v -1.623610 -1.893750 0.000000
v -1.606672 -1.916435 0.000000
v -1.589574 -1.937940 0.000000
v -1.572500 -1.958000 0.000000
v -1.545831 -1.986799 0.000000
v -1.517398 -2.015555 0.000000
v -1.487313 -2.044062 0.000000
v -1.455685 -2.072111 0.000000
v -1.422627 -2.099493 0.000000
v -1.388250 -2.126000 0.000000
v -1.352664 -2.151423 0.000000
v -1.315982 -2.175555 0.000000
v -1.278313 -2.198187 0.000000
v -1.239769 -2.219111 0.000000
v -1.200461 -2.238118 0.000000
v -1.160500 -2.255000 0.000000
v -1.224500 -2.322000 0.000000
v -1.261221 -2.304376 0.000000
v -1.297347 -2.285093 0.000000
v -1.332828 -2.264281 0.000000
v -1.367611 -2.242074 0.000000
v -1.401644 -2.218603 0.000000
v -1.434875 -2.194000 0.000000
v -1.467252 -2.168397 0.000000
v -1.498722 -2.141926 0.000000
v -1.529234 -2.114718 0.000000
v -1.558736 -2.086907 0.000000
v -1.587175 -2.058624 0.000000
v -1.614500 -2.030000 0.000000
v -1.640059 -2.053260 0.000000
v -1.665634 -2.077417 0.000000
v -1.691078 -2.102281 0.000000
v -1.716241 -2.127667 0.000000
v -1.740973 -2.153385 0.000000
v -1.765125 -2.179250 0.000000
v -1.788548 -2.205073 0.000000
v -1.811093 -2.230667 0.000000
v -1.832610 -2.255844 0.000000
v -1.852949 -2.280416 0.000000
v -1.871963 -2.304198 0.000000
v -1.889500 -2.327000 0.000000
v -1.959500 -2.267000 0.000000
v -1.942106 -2.246240 0.000000
v -1.922593 -2.223671 0.000000
v -1.901219 -2.199609 0.000000
v -1.878241 -2.174370 0.000000
v -1.853916 -2.148270 0.000000
v -1.828500 -2.121625 0.000000
v -1.802251 -2.094750 0.000000
v -1.775426 -2.067963 0.000000
v -1.748281 -2.041578 0.000000
v -1.721074 -2.015912 0.000000
v -1.694062 -1.991281 0.000000
v -1.667500 -1.968000 0.000000
v -1.685071 -1.944971 0.000000
v -1.702236 -1.921018 0.000000
v -1.718922 -1.896344 0.000000
v -1.735056 -1.871148 0.000000
v -1.750564 -1.845633 0.000000
v -1.765375 -1.820000 0.000000
v -1.779415 -1.794450 0.000000
v -1.792611 -1.769185 0.000000
v -1.804891 -1.744406 0.000000
v -1.816181 -1.720315 0.000000
v -1.826408 -1.697112 0.000000
v -1.835500 -1.675000 0.000000
v -1.837138 -1.671346 0.000000
v -1.839019 -1.667435 0.000000
v -1.841094 -1.663344 0.000000
v -1.843315 -1.659148 0.000000
v -1.845633 -1.654925 0.000000
v -1.848000 -1.650750 0.000000
v -1.850367 -1.646700 0.000000
v -1.852685 -1.642852 0.000000
v -1.854906 -1.639281 0.000000
v -1.856982 -1.636065 0.000000
v -1.858862 -1.633279 0.000000
v -0.227500 -2.189000 0.000000
v -0.220151 -2.189249 0.000000
v -0.212625 -2.189491 0.000000
v -0.204953 -2.189719 0.000000
v -0.197167 -2.189926 0.000000
v -0.189297 -2.190105 0.000000
v -0.181375 -2.190250 0.000000
v -0.173432 -2.190353 0.000000
v -0.165500 -2.190407 0.000000
v -0.157610 -2.190406 0.000000
v -0.149792 -2.190342 0.000000
v -0.142078 -2.190209 0.000000
v -0.134500 -2.190000 0.000000
v -0.149500 -2.283000 0.000000
v -0.156748 -2.281981 0.000000
v -0.163982 -2.280935 0.000000
v -0.171188 -2.279875 0.000000
v -0.178352 -2.278815 0.000000
v -0.185461 -2.277768 0.000000
v -0.192500 -2.276750 0.000000
v -0.199456 -2.275773 0.000000
v -0.206315 -2.274852 0.000000
v -0.213063 -2.274000 0.000000
v -0.219685 -2.273232 0.000000
v -0.226169 -2.272560 0.000000
v -0.232500 -2.272000 0.000000
v -0.269967 -2.268503 0.000000
v -0.314482 -2.264111 0.000000
v -0.364719 -2.258969 0.000000
v -0.419352 -2.253222 0.000000
v -0.477055 -2.247017 0.000000
v -0.536500 -2.240500 0.000000
v -0.596362 -2.233816 0.000000
v -0.655315 -2.227111 0.000000
v -0.712031 -2.220531 0.000000
v -0.765185 -2.214222 0.000000
v -0.813450 -2.208330 0.000000
v -0.855500 -2.203000 0.000000
v -0.861166 -2.215183 0.000000
v -0.866658 -2.227218 0.000000
v -0.871969 -2.239078 0.000000
v -0.877093 -2.250741 0.000000
v -0.882022 -2.262181 0.000000
v -0.886750 -2.273375 0.000000
v -0.891270 -2.284298 0.000000
v -0.895574 -2.294926 0.000000
v -0.899657 -2.305234 0.000000
v -0.903510 -2.315199 0.000000
v -0.907126 -2.324795 0.000000
v -0.910500 -2.334000 0.000000
v -0.994500 -2.296000 0.000000
v -0.982665 -2.268322 0.000000
v -0.968403 -2.237241 0.000000
v -0.952078 -2.203438 0.000000
v -0.934056 -2.167593 0.000000
v -0.914700 -2.130387 0.000000
v -0.894375 -2.092500 0.000000
v -0.873446 -2.054613 0.000000
v -0.852278 -2.017407 0.000000
v -0.831235 -1.981562 0.000000
v -0.810681 -1.947759 0.000000
v -0.790981 -1.916678 0.000000
v -0.772500 -1.889000 0.000000
v -0.697500 -1.923000 0.000000
v -0.706909 -1.935608 0.000000
v -0.716607 -1.949366 0.000000
v -0.726547 -1.964172 0.000000
v -0.736685 -1.979926 0.000000
v -0.746976 -1.996527 0.000000
v -0.757375 -2.013875 0.000000
v -0.767836 -2.031868 0.000000
v -0.778315 -2.050407 0.000000
v -0.788766 -2.069390 0.000000
v -0.799144 -2.088717 0.000000
v -0.809404 -2.108287 0.000000
v -0.819500 -2.128000 0.000000
v -0.790365 -2.131867 0.000000
v -0.758255 -2.135940 0.000000
v -0.723610 -2.140172 0.000000
v -0.686871 -2.144519 0.000000
v -0.648479 -2.148935 0.000000
v -0.608875 -2.153375 0.000000
v -0.568501 -2.157794 0.000000
v -0.527796 -2.162148 0.000000
v -0.487203 -2.166390 0.000000
v -0.447162 -2.170477 0.000000
v -0.408114 -2.174361 0.000000
v -0.370500 -2.178000 0.000000
v -0.383952 -2.142038 0.000000
v -0.399033 -2.100055 0.000000
v -0.415328 -2.053406 0.000000
v -0.432426 -2.003444 0.000000
v -0.449913 -1.951524 0.000000
v -0.467375 -1.899000 0.000000
v -0.484400 -1.847226 0.000000
v -0.500574 -1.797556 0.000000
v -0.515485 -1.751344 0.000000
v -0.528718 -1.709944 0.000000
v -0.539861 -1.674712 0.000000
v -0.548500 -1.647000 0.000000
v -0.551709 -1.636824 0.000000
v -0.554838 -1.627264 0.000000
v -0.557891 -1.618266 0.000000
v -0.560871 -1.609778 0.000000
v -0.563781 -1.601748 0.000000
v -0.566625 -1.594125 0.000000
v -0.569407 -1.586856 0.000000
v -0.572130 -1.579889 0.000000
v -0.574797 -1.573172 0.000000
v -0.577412 -1.566653 0.000000
v -0.579979 -1.560279 0.000000
v -0.582500 -1.554000 0.000000
v -0.482500 -1.534000 0.000000
v -0.481725 -1.540472 0.000000
v -0.480884 -1.546944 0.000000
v -0.479953 -1.553500 0.000000
v -0.478908 -1.560222 0.000000
v -0.477723 -1.567194 0.000000
v -0.476375 -1.574500 0.000000
v -0.474840 -1.582222 0.000000
v -0.473093 -1.590444 0.000000
v -0.471110 -1.599250 0.000000
v -0.468866 -1.608722 0.000000
v -0.466338 -1.618944 0.000000
v -0.463500 -1.630000 0.000000
v -0.455028 -1.658891 0.000000
v -0.443889 -1.695629 0.000000
v -0.430500 -1.738812 0.000000
v -0.415278 -1.787037 0.000000
v -0.398639 -1.838900 0.000000
v -0.381000 -1.893000 0.000000
v -0.362778 -1.947933 0.000000
v -0.344389 -2.002296 0.000000
v -0.326250 -2.054688 0.000000
v -0.308778 -2.103704 0.000000
v -0.292389 -2.147942 0.000000
v -0.277500 -2.186000 0.000000
v 0.837500 -1.867000 0.000000
v 0.837500 -1.965000 0.000000
v 0.829303 -1.964271 0.000000
v 0.820259 -1.963588 0.000000
v 0.810437 -1.962953 0.000000
v 0.799907 -1.962370 0.000000
v 0.788738 -1.961843 0.000000
v 0.777000 -1.961375 0.000000
v 0.764761 -1.960969 0.000000
v 0.752092 -1.960630 0.000000
v 0.739062 -1.960359 0.000000
v 0.725741 -1.960162 0.000000
v 0.712197 -1.960041 0.000000
v 0.698500 -1.960000 0.000000
v 0.673375 -1.960000 0.000000
v 0.637000 -1.960000 0.000000
v 0.591625 -1.960000 0.000000
v 0.539500 -1.960000 0.000000
v 0.482875 -1.960000 0.000000
v 0.424000 -1.960000 0.000000
v 0.365125 -1.960000 0.000000
v 0.308500 -1.960000 0.000000
v 0.256375 -1.960000 0.000000
v 0.211000 -1.960000 0.000000
v 0.174625 -1.960000 0.000000
v 0.149500 -1.960000 0.000000
v 0.138323 -1.960079 0.000000
v 0.127338 -1.960301 0.000000
v 0.116609 -1.960641 0.000000
v 0.106204 -1.961074 0.000000
v 0.096187 -1.961577 0.000000
v 0.086625 -1.962125 0.000000
v 0.077584 -1.962694 0.000000
v 0.069129 -1.963259 0.000000
v 0.061328 -1.963797 0.000000
v 0.054245 -1.964282 0.000000
v 0.047947 -1.964692 0.000000
v 0.042500 -1.965000 0.000000
v 0.042500 -1.867000 0.000000
v 0.048291 -1.867518 0.000000
v 0.054666 -1.868065 0.000000
v 0.061625 -1.868625 0.000000
v 0.069166 -1.869185 0.000000
v 0.077291 -1.869731 0.000000
v 0.086000 -1.870250 0.000000
v 0.095291 -1.870727 0.000000
v 0.105166 -1.871148 0.000000
v 0.115625 -1.871500 0.000000
v 0.126666 -1.871769 0.000000
v 0.138291 -1.871940 0.000000
v 0.150500 -1.872000 0.000000
v 0.175414 -1.872000 0.000000
v 0.211648 -1.872000 0.000000
v 0.256937 -1.872000 0.000000
v 0.309018 -1.872000 0.000000
v 0.365627 -1.872000 0.000000
v 0.424500 -1.872000 0.000000
v 0.483373 -1.872000 0.000000
v 0.539981 -1.872000 0.000000
v 0.592062 -1.872000 0.000000
v 0.637352 -1.872000 0.000000
v 0.673585 -1.872000 0.000000
v 0.698500 -1.872000 0.000000
v 0.712426 -1.871940 0.000000
v 0.726157 -1.871768 0.000000
v 0.739625 -1.871500 0.000000
v 0.752759 -1.871148 0.000000
v 0.765491 -1.870727 0.000000
v 0.777750 -1.870250 0.000000
v 0.789467 -1.869731 0.000000
v 0.800574 -1.869185 0.000000
v 0.811000 -1.868625 0.000000
v 0.820676 -1.868065 0.000000
v 0.829532 -1.867518 0.000000
v 1.179500 -1.510000 -0.000000
v 1.232500 -1.533000 -0.000000
v 1.225616 -1.542934 -0.000000
v 1.218514 -1.553639 -0.000000
v 1.211266 -1.564969 -0.000000
v 1.203944 -1.576778 -0.000000
v 1.196623 -1.588920 -0.000000
v 1.189375 -1.601250 -0.000000
v 1.182272 -1.613621 -0.000000
v 1.175389 -1.625889 -0.000000
v 1.168797 -1.637906 -0.000000
v 1.162569 -1.649528 -0.000000
v 1.156779 -1.660608 -0.000000
v 1.151500 -1.671000 -0.000000
v 1.097500 -1.647000 -0.000000
v 1.102837 -1.636589 -0.000000
v 1.108782 -1.625463 -0.000000
v 1.115234 -1.613781 -0.000000
v 1.122092 -1.601704 -0.000000
v 1.129256 -1.589390 -0.000000
v 1.136625 -1.577000 -0.000000
v 1.144098 -1.564693 -0.000000
v 1.151574 -1.552630 -0.000000
v 1.158953 -1.540969 -0.000000
v 1.166134 -1.529870 -0.000000
v 1.173017 -1.519494 -0.000000
v 1.069500 -1.470000 -0.000000
v 1.122500 -1.493000 -0.000000
v 1.115195 -1.502647 -0.000000
v 1.107810 -1.513009 -0.000000
v 1.100391 -1.523969 -0.000000
v 1.092981 -1.535407 -0.000000
v 1.085628 -1.547207 -0.000000
v 1.078375 -1.559250 -0.000000
v 1.071268 -1.571418 -0.000000
v 1.064352 -1.583592 -0.000000
v 1.057672 -1.595656 -0.000000
v 1.051273 -1.607491 -0.000000
v 1.045201 -1.618978 -0.000000
v 1.039500 -1.630000 -0.000000
v 0.985500 -1.606000 -0.000000
v 0.990647 -1.596258 -0.000000
v 0.996514 -1.585648 -0.000000
v 1.002984 -1.574344 -0.000000
v 1.009944 -1.562518 -0.000000
v 1.017279 -1.550346 -0.000000
v 1.024875 -1.538000 -0.000000
v 1.032616 -1.525654 -0.000000
v 1.040389 -1.513481 -0.000000
v 1.048078 -1.501656 -0.000000
v 1.055569 -1.490352 -0.000000
v 1.062748 -1.479742 -0.000000
v 1.541500 -1.547000 -0.000000
v 1.638500 -1.528000 -0.000000
v 1.639062 -1.534539 -0.000000
v 1.639750 -1.541148 -0.000000
v 1.640562 -1.547812 -0.000000
v 1.641500 -1.554518 -0.000000
v 1.642562 -1.561252 -0.000000
v 1.643750 -1.568000 -0.000000
v 1.645062 -1.574748 -0.000000
v 1.646500 -1.581481 -0.000000
v 1.648062 -1.588187 -0.000000
v 1.649750 -1.594852 -0.000000
v 1.651562 -1.601461 -0.000000
v 1.653500 -1.608000 -0.000000
v 1.656397 -1.617992 -0.000000
v 1.659593 -1.628440 -0.000000
v 1.663094 -1.639297 -0.000000
v 1.666907 -1.650519 -0.000000
v 1.671040 -1.662060 -0.000000
v 1.675500 -1.673875 -0.000000
v 1.680293 -1.685920 -0.000000
v 1.685426 -1.698148 -0.000000
v 1.690906 -1.710516 -0.000000
v 1.696741 -1.722977 -0.000000
v 1.702936 -1.735487 -0.000000
v 1.709500 -1.748000 -0.000000
v 1.718980 -1.764051 -0.000000
v 1.729838 -1.781495 -0.000000
v 1.741953 -1.800016 -0.000000
v 1.755203 -1.819296 -0.000000
v 1.769468 -1.839021 -0.000000
v 1.784625 -1.858875 -0.000000
v 1.800552 -1.878541 -0.000000
v 1.817129 -1.897704 -0.000000
v 1.834234 -1.916047 -0.000000
v 1.851745 -1.933255 -0.000000
v 1.869541 -1.949011 -0.000000
v 1.887500 -1.963000 -0.000000
v 1.808500 -2.010000 -0.000000
v 1.793813 -1.997138 -0.000000
v 1.778842 -1.982690 -0.000000
v 1.763719 -1.966859 -0.000000
v 1.748574 -1.949852 -0.000000
v 1.733540 -1.931872 -0.000000
v 1.718750 -1.913125 -0.000000
v 1.704334 -1.893815 -0.000000
v 1.690426 -1.874148 -0.000000
v 1.677156 -1.854328 -0.000000
v 1.664657 -1.834560 -0.000000
v 1.653061 -1.815049 -0.000000
v 1.642500 -1.796000 -0.000000
v 1.385500 -1.796000 -0.000000
v 1.391128 -1.856976 -0.000000
v 1.400273 -1.913056 -0.000000
v 1.412578 -1.964469 -0.000000
v 1.427685 -2.011444 -0.000000
v 1.445237 -2.054212 -0.000000
v 1.464875 -2.093000 -0.000000
v 1.486242 -2.128038 -0.000000
v 1.508981 -2.159555 -0.000000
v 1.532734 -2.187781 -0.000000
v 1.557143 -2.212944 -0.000000
v 1.581851 -2.235274 -0.000000
v 1.606500 -2.255000 -0.000000
v 1.612161 -2.259476 -0.000000
v 1.618125 -2.263893 -0.000000
v 1.624359 -2.268234 -0.000000
v 1.630833 -2.272481 -0.000000
v 1.637516 -2.276618 -0.000000
v 1.644375 -2.280625 -0.000000
v 1.651380 -2.284487 -0.000000
v 1.658500 -2.288185 -0.000000
v 1.665703 -2.291703 -0.000000
v 1.672958 -2.295023 -0.000000
v 1.680234 -2.298128 -0.000000
v 1.687500 -2.301000 -0.000000
v 1.602500 -2.359000 -0.000000
v 1.560771 -2.330276 -0.000000
v 1.521666 -2.298963 -0.000000
v 1.485312 -2.264844 -0.000000
v 1.451833 -2.227704 -0.000000
v 1.421354 -2.187327 -0.000000
v 1.394000 -2.143500 -0.000000
v 1.369896 -2.096006 -0.000000
v 1.349166 -2.044630 -0.000000
v 1.331937 -1.989156 -0.000000
v 1.318333 -1.929370 -0.000000
v 1.308479 -1.865057 -0.000000
v 1.302500 -1.796000 -0.000000
v 1.132500 -1.796000 -0.000000
v 1.126430 -1.796021 -0.000000
v 1.119778 -1.796083 -0.000000
v 1.112625 -1.796188 -0.000000
v 1.105055 -1.796333 -0.000000
v 1.097153 -1.796521 -0.000000
v 1.089000 -1.796750 -0.000000
v 1.080680 -1.797021 -0.000000
v 1.072278 -1.797333 -0.000000
v 1.063875 -1.797687 -0.000000
v 1.055555 -1.798083 -0.000000
v 1.047402 -1.798521 -0.000000
v 1.039500 -1.799000 -0.000000
v 1.039500 -1.713000 -0.000000
v 1.046963 -1.713939 -0.000000
v 1.054791 -1.714759 -0.000000
v 1.062890 -1.715469 -0.000000
v 1.071166 -1.716074 -0.000000
v 1.079526 -1.716582 -0.000000
v 1.087875 -1.717000 -0.000000
v 1.096120 -1.717335 -0.000000
v 1.104166 -1.717593 -0.000000
v 1.111922 -1.717781 -0.000000
v 1.119291 -1.717907 -0.000000
v 1.126182 -1.717978 -0.000000
v 1.132500 -1.718000 -0.000000
v 1.605500 -1.718000 -0.000000
v 1.601582 -1.709004 -0.000000
v 1.597824 -1.700032 -0.000000
v 1.594219 -1.691109 -0.000000
v 1.590759 -1.682259 -0.000000
v 1.587439 -1.673506 -0.000000
v 1.584250 -1.664875 -0.000000
v 1.581186 -1.656389 -0.000000
v 1.578241 -1.648074 -0.000000
v 1.575406 -1.639953 -0.000000
v 1.572676 -1.632051 -0.000000
v 1.570043 -1.624391 -0.000000
v 1.567500 -1.617000 -0.000000
v 1.565690 -1.611860 -0.000000
v 1.563768 -1.606467 -0.000000
v 1.561750 -1.600859 -0.000000
v 1.559648 -1.595074 -0.000000
v 1.557477 -1.589150 -0.000000
v 1.555250 -1.583125 -0.000000
v 1.552981 -1.577037 -0.000000
v 1.550685 -1.570926 -0.000000
v 1.548375 -1.564828 -0.000000
v 1.546065 -1.558782 -0.000000
v 1.543768 -1.552827 -0.000000
v 2.255500 -1.618000 -0.000000
v 2.642500 -1.618000 -0.000000
v 2.642500 -2.300000 -0.000000
v 2.246500 -2.300000 -0.000000
v 2.246500 -2.212000 -0.000000
v 2.544500 -2.212000 -0.000000
v 2.544500 -2.000000 -0.000000
v 2.265500 -2.000000 -0.000000
v 2.265500 -1.912000 -0.000000
v 2.544500 -1.912000 -0.000000
v 2.544500 -1.706000 -0.000000
v 2.255500 -1.706000 -0.000000
v 2.769500 -1.665000 -0.000000
v 2.792304 -1.655705 -0.000000
v 2.814264 -1.647310 -0.000000
v 2.835453 -1.639797 -0.000000
v 2.855944 -1.633148 -0.000000
v 2.875810 -1.627347 -0.000000
v 2.895125 -1.622375 -0.000000
v 2.913960 -1.618216 -0.000000
v 2.932389 -1.614852 -0.000000
v 2.950484 -1.612266 -0.000000
v 2.968319 -1.610440 -0.000000
v 2.985967 -1.609357 -0.000000
v 3.003500 -1.609000 -0.000000
v 3.056444 -1.612111 -0.000000
v 3.106551 -1.621222 -0.000000
v 3.153484 -1.636000 -0.000000
v 3.196907 -1.656111 -0.000000
v 3.236483 -1.681222 -0.000000
v 3.271875 -1.711000 -0.000000
v 3.302746 -1.745111 -0.000000
v 3.328759 -1.783222 -0.000000
v 3.349578 -1.825000 -0.000000
v 3.364866 -1.870111 -0.000000
v 3.374285 -1.918222 -0.000000
v 3.377500 -1.969000 -0.000000
v 3.375148 -2.005730 -0.000000
v 3.368018 -2.043838 -0.000000
v 3.356000 -2.082453 -0.000000
v 3.338981 -2.120704 -0.000000
v 3.316852 -2.157718 -0.000000
v 3.289500 -2.192625 -0.000000
v 3.256815 -2.224553 -0.000000
v 3.218685 -2.252630 -0.000000
v 3.175000 -2.275985 -0.000000
v 3.125648 -2.293746 -0.000000
v 3.070518 -2.305041 -0.000000
v 3.009500 -2.309000 -0.000000
v 2.983442 -2.308488 -0.000000
v 2.958704 -2.306986 -0.000000
v 2.935187 -2.304547 -0.000000
v 2.912796 -2.301222 -0.000000
v 2.891433 -2.297064 -0.000000
v 2.871000 -2.292125 -0.000000
v 2.851400 -2.286456 -0.000000
v 2.832537 -2.280111 -0.000000
v 2.814312 -2.273140 -0.000000
v 2.796629 -2.265597 -0.000000
v 2.779391 -2.257533 -0.000000
v 2.762500 -2.249000 -0.000000
v 2.762500 -2.142000 -0.000000
v 2.781888 -2.154018 -0.000000
v 2.801518 -2.165065 -0.000000
v 2.821344 -2.175125 -0.000000
v 2.841315 -2.184185 -0.000000
v 2.861383 -2.192231 -0.000000
v 2.881500 -2.199250 -0.000000
v 2.901617 -2.205227 -0.000000
v 2.921685 -2.210148 -0.000000
v 2.941656 -2.214000 -0.000000
v 2.961482 -2.216768 -0.000000
v 2.981112 -2.218440 -0.000000
v 3.000500 -2.219000 -0.000000
v 3.040382 -2.216826 -0.000000
v 3.077889 -2.210440 -0.000000
v 3.112813 -2.200047 -0.000000
v 3.144944 -2.185852 -0.000000
v 3.174076 -2.168060 -0.000000
v 3.200000 -2.146875 -0.000000
v 3.222507 -2.122503 -0.000000
v 3.241389 -2.095148 -0.000000
v 3.256437 -2.065016 -0.000000
v 3.267444 -2.032310 -0.000000
v 3.274201 -1.997236 -0.000000
v 3.276500 -1.960000 -0.000000
v 3.274127 -1.923354 -0.000000
v 3.267185 -1.888583 -0.000000
v 3.255938 -1.855937 -0.000000
v 3.240648 -1.825667 -0.000000
v 3.221581 -1.798021 -0.000000
v 3.199000 -1.773250 -0.000000
v 3.173169 -1.751604 -0.000000
v 3.144352 -1.733333 -0.000000
v 3.112813 -1.718688 -0.000000
v 3.078815 -1.707917 -0.000000
v 3.042623 -1.701271 -0.000000
v 3.004500 -1.699000 -0.000000
v 2.984885 -1.699461 -0.000000
v 2.965495 -1.700856 -0.000000
v 2.946266 -1.703203 -0.000000
v 2.927130 -1.706518 -0.000000
v 2.908021 -1.710820 -0.000000
v 2.888875 -1.716125 -0.000000
v 2.869624 -1.722451 -0.000000
v 2.850204 -1.729815 -0.000000
v 2.830547 -1.738234 -0.000000
v 2.810588 -1.747727 -0.000000
v 2.790261 -1.758310 -0.000000
v 2.769500 -1.770000 -0.000000
v 3.730500 -1.614000 -0.000000
v 3.799500 -1.614000 -0.000000
v 4.092500 -2.300000 -0.000000
v 3.992500 -2.300000 -0.000000
v 3.906500 -2.099000 -0.000000
v 3.616500 -2.099000 -0.000000
v 3.525500 -2.300000 -0.000000
v 3.425500 -2.300000 -0.000000
v 3.766500 -1.764000 -0.000000
v 3.656500 -2.011000 -0.000000
v 3.868500 -2.011000 -0.000000
v 4.532500 -1.618000 -0.000000
v 4.532500 -2.300000 -0.000000
v 4.434500 -2.300000 -0.000000
v 4.434500 -2.005000 -0.000000
v 4.332500 -2.005000 -0.000000
v 4.294784 -2.003285 -0.000000
v 4.260602 -1.998282 -0.000000
v 4.229907 -1.990203 -0.000000
v 4.202649 -1.979259 -0.000000
v 4.178780 -1.965662 -0.000000
v 4.158251 -1.949625 -0.000000
v 4.141014 -1.931358 -0.000000
v 4.127019 -1.911074 -0.000000
v 4.116220 -1.888984 -0.000000
v 4.108566 -1.865301 -0.000000
v 4.104009 -1.840235 -0.000000
v 4.102500 -1.814000 -0.000000
v 4.103924 -1.787456 -0.000000
v 4.108227 -1.761981 -0.000000
v 4.115453 -1.737812 -0.000000
v 4.125648 -1.715185 -0.000000
v 4.138857 -1.694335 -0.000000
v 4.155125 -1.675500 -0.000000
v 4.174497 -1.658914 -0.000000
v 4.197018 -1.644815 -0.000000
v 4.222734 -1.633437 -0.000000
v 4.251689 -1.625018 -0.000000
v 4.283930 -1.619794 -0.000000
v 4.319500 -1.618000 -0.000000
v 4.434500 -1.706000 -0.000000
v 4.319500 -1.706000 -0.000000
v 4.298522 -1.707091 -0.000000
v 4.280005 -1.710231 -0.000000
v 4.263828 -1.715219 -0.000000
v 4.249870 -1.721852 -0.000000
v 4.238009 -1.729929 -0.000000
v 4.228125 -1.739250 -0.000000
v 4.220094 -1.749612 -0.000000
v 4.213796 -1.760815 -0.000000
v 4.209109 -1.772656 -0.000000
v 4.205912 -1.784935 -0.000000
v 4.204082 -1.797450 -0.000000
v 4.203500 -1.810000 -0.000000
v 4.204467 -1.826390 -0.000000
v 4.207319 -1.841537 -0.000000
v 4.211984 -1.855406 -0.000000
v 4.218389 -1.867963 -0.000000
v 4.226460 -1.879172 -0.000000
v 4.236125 -1.889000 -0.000000
v 4.247311 -1.897411 -0.000000
v 4.259944 -1.904370 -0.000000
v 4.273953 -1.909844 -0.000000
v 4.289264 -1.913796 -0.000000
v 4.305804 -1.916193 -0.000000
v 4.323500 -1.917000 -0.000000
v 4.434500 -1.917000 -0.000000
v 4.661500 -1.657000 -0.000000
v 4.673581 -1.649333 -0.000000
v 4.685815 -1.642333 -0.000000
v 4.698188 -1.636000 -0.000000
v 4.710686 -1.630333 -0.000000
v 4.723295 -1.625333 -0.000000
v 4.736001 -1.621000 -0.000000
v 4.748790 -1.617333 -0.000000
v 4.761649 -1.614333 -0.000000
v 4.774563 -1.612000 -0.000000
v 4.787519 -1.610333 -0.000000
v 4.800503 -1.609333 -0.000000
v 4.813500 -1.609000 -0.000000
v 4.843832 -1.610461 -0.000000
v 4.872236 -1.614773 -0.000000
v 4.898578 -1.621828 -0.000000
v 4.922722 -1.631518 -0.000000
v 4.944533 -1.643737 -0.000000
v 4.963875 -1.658375 -0.000000
v 4.980613 -1.675326 -0.000000
v 4.994612 -1.694481 -0.000000
v 5.005735 -1.715734 -0.000000
v 5.013848 -1.738977 -0.000000
v 5.018815 -1.764101 -0.000000
v 5.020500 -1.791000 -0.000000
v 5.014696 -1.834359 -0.000000
v 4.998648 -1.871620 -0.000000
v 4.974406 -1.903812 -0.000000
v 4.944018 -1.931963 -0.000000
v 4.909534 -1.957099 -0.000000
v 4.873000 -1.980250 -0.000000
v 4.836467 -2.002442 -0.000000
v 4.801982 -2.024704 -0.000000
v 4.771594 -2.048063 -0.000000
v 4.747352 -2.073546 -0.000000
v 4.731305 -2.102183 -0.000000
v 4.725500 -2.135000 -0.000000
v 4.726233 -2.144675 -0.000000
v 4.728444 -2.154565 -0.000000
v 4.732156 -2.164469 -0.000000
v 4.737389 -2.174185 -0.000000
v 4.744163 -2.183513 -0.000000
v 4.752500 -2.192250 -0.000000
v 4.762420 -2.200196 -0.000000
v 4.773944 -2.207148 -0.000000
v 4.787094 -2.212906 -0.000000
v 4.801889 -2.217269 -0.000000
v 4.818351 -2.220034 -0.000000
v 4.836500 -2.221000 -0.000000
v 4.853162 -2.220274 -0.000000
v 4.869626 -2.218111 -0.000000
v 4.885860 -2.214531 -0.000000
v 4.901834 -2.209555 -0.000000
v 4.917516 -2.203205 -0.000000
v 4.932876 -2.195500 -0.000000
v 4.947881 -2.186461 -0.000000
v 4.962501 -2.176111 -0.000000
v 4.976704 -2.164468 -0.000000
v 4.990459 -2.151555 -0.000000
v 5.003735 -2.137392 -0.000000
v 5.016500 -2.122000 -0.000000
v 5.016500 -2.246000 -0.000000
v 5.002181 -2.256273 -0.000000
v 4.987699 -2.265597 -0.000000
v 4.973016 -2.273984 -0.000000
v 4.958093 -2.281444 -0.000000
v 4.942892 -2.287988 -0.000000
v 4.927375 -2.293625 -0.000000
v 4.911504 -2.298366 -0.000000
v 4.895241 -2.302222 -0.000000
v 4.878547 -2.305203 -0.000000
v 4.861384 -2.307319 -0.000000
v 4.843714 -2.308582 -0.000000
v 4.825500 -2.309000 -0.000000
v 4.798634 -2.307403 -0.000000
v 4.773157 -2.302727 -0.000000
v 4.749250 -2.295141 -0.000000
v 4.727093 -2.284815 -0.000000
v 4.706866 -2.271919 -0.000000
v 4.688750 -2.256625 -0.000000
v 4.672926 -2.239101 -0.000000
v 4.659575 -2.219518 -0.000000
v 4.648875 -2.198046 -0.000000
v 4.641009 -2.174856 -0.000000
v 4.636158 -2.150117 -0.000000
v 4.634500 -2.124000 -0.000000
v 4.640305 -2.074109 -0.000000
v 4.656352 -2.032120 -0.000000
v 4.680594 -1.996812 -0.000000
v 4.710982 -1.966963 -0.000000
v 4.745467 -1.941349 -0.000000
v 4.782000 -1.918750 -0.000000
v 4.818533 -1.897942 -0.000000
v 4.853018 -1.877704 -0.000000
v 4.883406 -1.856812 -0.000000
v 4.907648 -1.834046 -0.000000
v 4.923696 -1.808183 -0.000000
v 4.929500 -1.778000 -0.000000
v 4.928578 -1.766323 -0.000000
v 4.925875 -1.755333 -0.000000
v 4.921484 -1.745094 -0.000000
v 4.915500 -1.735667 -0.000000
v 4.908016 -1.727115 -0.000000
v 4.899125 -1.719500 -0.000000
v 4.888922 -1.712885 -0.000000
v 4.877501 -1.707333 -0.000000
v 4.864954 -1.702906 -0.000000
v 4.851376 -1.699667 -0.000000
v 4.836860 -1.697677 -0.000000
v 4.821500 -1.697000 -0.000000
v 4.809797 -1.697347 -0.000000
v 4.797704 -1.698440 -0.000000
v 4.785251 -1.700359 -0.000000
v 4.772464 -1.703185 -0.000000
v 4.759371 -1.706997 -0.000000
v 4.746001 -1.711875 -0.000000
v 4.732380 -1.717899 -0.000000
v 4.718538 -1.725148 -0.000000
v 4.704501 -1.733703 -0.000000
v 4.690297 -1.743644 -0.000000
v 4.675954 -1.755049 -0.000000
v 4.661500 -1.768000 -0.000000
v -8.431000 0.376000 0.000001
v -8.382000 0.423000 0.000001
v -8.377834 0.422252 0.000001
v -8.372926 0.421514 0.000001
v -8.367406 0.420797 0.000001
v -8.361407 0.420111 0.000001
v -8.355062 0.419467 0.000001
v -8.348500 0.418875 0.000001
v -8.341856 0.418346 0.000001
v -8.335260 0.417889 0.000001
v -8.328845 0.417516 0.000001
v -8.322742 0.417236 0.000001
v -8.317084 0.417061 0.000001
v -8.312000 0.417000 0.000001
v -8.289019 0.417000 0.000001
v -8.251982 0.417000 0.000001
v -8.203751 0.417000 0.000001
v -8.147185 0.417000 0.000001
v -8.085148 0.417000 0.000001
v -8.020500 0.417000 0.000001
v -7.956102 0.417000 0.000001
v -7.894815 0.417000 0.000001
v -7.839500 0.417000 0.000001
v -7.793018 0.417000 0.000001
v -7.758231 0.417000 0.000001
v -7.738000 0.417000 0.000001
v -7.728653 0.417082 0.000001
v -7.719139 0.417320 0.000001
v -7.709500 0.417703 0.000001
v -7.699778 0.418222 0.000001
v -7.690014 0.418866 0.000001
v -7.680251 0.419625 0.000001
v -7.670528 0.420488 0.000001
v -7.660890 0.421444 0.000001
v -7.651376 0.422484 0.000001
v -7.642028 0.423597 0.000001
v -7.632889 0.424773 0.000001
v -7.624000 0.426000 0.000001
v -7.624000 0.335000 0.000001
v -7.633729 0.335958 0.000001
v -7.643417 0.336833 0.000001
v -7.653063 0.337625 0.000001
v -7.662667 0.338333 0.000001
v -7.672229 0.338958 0.000001
v -7.681750 0.339500 0.000001
v -7.691229 0.339958 0.000001
v -7.700667 0.340333 0.000001
v -7.710063 0.340625 0.000001
v -7.719417 0.340833 0.000001
v -7.728729 0.340958 0.000001
v -7.738000 0.341000 0.000001
v -7.757751 0.341000 0.000001
v -7.791680 0.341000 0.000001
v -7.837047 0.341000 0.000001
v -7.891111 0.341000 0.000001
v -7.951133 0.341000 0.000001
v -8.014375 0.341000 0.000001
v -8.078095 0.341000 0.000001
v -8.139556 0.341000 0.000001
v -8.196016 0.341000 0.000001
v -8.244737 0.341000 0.000001
v -8.282978 0.341000 0.000001
v -8.308000 0.341000 0.000001
v -8.298515 0.324581 0.000001
v -8.286708 0.306560 0.000001
v -8.272797 0.287297 0.000001
v -8.257000 0.267148 0.000001
v -8.239536 0.246472 0.000001
v -8.220625 0.225625 0.000001
v -8.200484 0.204966 0.000001
v -8.179334 0.184852 0.000001
v -8.157391 0.165641 0.000001
v -8.134875 0.147690 0.000001
v -8.112005 0.131357 0.000001
v -8.089000 0.117000 0.000001
v -8.155000 0.064000 0.000001
v -8.183084 0.084727 0.000001
v -8.210250 0.107153 0.000001
v -8.236375 0.130891 0.000001
v -8.261333 0.155556 0.000001
v -8.285000 0.180762 0.000001
v -8.307250 0.206125 0.000001
v -8.327958 0.231259 0.000001
v -8.347000 0.255778 0.000001
v -8.364250 0.279297 0.000001
v -8.379583 0.301431 0.000001
v -8.392875 0.321793 0.000001
v -8.404000 0.340000 0.000001
v -8.405869 0.342828 0.000001
v -8.407945 0.345792 0.000001
v -8.410188 0.348859 0.000001
v -8.412556 0.352000 0.000001
v -8.415007 0.355182 0.000001
v -8.417500 0.358375 0.000001
v -8.419992 0.361547 0.000001
v -8.422443 0.364667 0.000001
v -8.424811 0.367703 0.000001
v -8.427054 0.370625 0.000001
v -8.429131 0.373401 0.000001
v -8.032000 0.244000 0.000001
v -7.942000 0.244000 0.000001
v -7.942709 0.237580 0.000001
v -7.943338 0.231306 0.000001
v -7.943891 0.225156 0.000001
v -7.944370 0.219111 0.000001
v -7.944780 0.213149 0.000001
v -7.945125 0.207250 0.000001
v -7.945406 0.201392 0.000001
v -7.945629 0.195556 0.000001
v -7.945796 0.189719 0.000001
v -7.945912 0.183861 0.000001
v -7.945979 0.177962 0.000001
v -7.946000 0.172000 0.000001
v -7.945477 0.130765 0.000001
v -7.943653 0.090616 0.000001
v -7.940140 0.051641 0.000001
v -7.934555 0.013926 0.000001
v -7.926512 -0.022441 0.000001
v -7.915625 -0.057375 0.000001
v -7.901508 -0.090788 0.000001
v -7.883778 -0.122593 0.000001
v -7.862047 -0.152703 0.000001
v -7.835930 -0.181032 0.000001
v -7.805043 -0.207494 0.000001
v -7.769000 -0.232000 0.000001
v -7.761882 -0.236915 0.000001
v -7.754555 -0.241653 0.000001
v -7.747062 -0.246203 0.000001
v -7.739444 -0.250555 0.000001
v -7.731743 -0.254700 0.000001
v -7.724000 -0.258625 0.000001
v -7.716257 -0.262321 0.000001
v -7.708556 -0.265778 0.000001
v -7.700938 -0.268984 0.000001
v -7.693445 -0.271930 0.000001
v -7.686118 -0.274606 0.000001
v -7.679000 -0.277000 0.000001
v -7.753000 -0.337000 0.000001
v -7.812057 -0.304065 0.000001
v -7.862208 -0.268685 0.000001
v -7.904172 -0.230750 0.000001
v -7.938667 -0.190148 0.000001
v -7.966412 -0.146768 0.000001
v -7.988125 -0.100500 0.000001
v -8.004526 -0.051231 0.000001
v -8.016334 0.001148 0.000001
v -8.024266 0.056750 0.000001
v -8.029042 0.115685 0.000001
v -8.031381 0.178065 0.000001
v -6.812000 0.451000 0.000001
v -6.721000 0.451000 0.000001
v -6.721499 0.445936 0.000001
v -6.721991 0.440320 0.000001
v -6.722469 0.434266 0.000001
v -6.722926 0.427889 0.000001
v -6.723355 0.421304 0.000001
v -6.723750 0.414625 0.000001
v -6.724103 0.407967 0.000001
v -6.724407 0.401445 0.000001
v -6.724656 0.395172 0.000001
v -6.724843 0.389264 0.000001
v -6.724959 0.383835 0.000001
v -6.725000 0.379000 0.000001
v -6.725000 0.366948 0.000001
v -6.725000 0.346833 0.000001
v -6.725000 0.320219 0.000001
v -6.725000 0.288667 0.000001
v -6.725000 0.253740 0.000001
v -6.725000 0.217000 0.000001
v -6.725000 0.180010 0.000001
v -6.725000 0.144333 0.000001
v -6.725000 0.111531 0.000001
v -6.725000 0.083167 0.000001
v -6.725000 0.060802 0.000001
v -6.725000 0.046000 0.000001
v -6.724940 0.038469 0.000001
v -6.724769 0.030921 0.000001
v -6.724500 0.023422 0.000001
v -6.724148 0.016037 0.000001
v -6.723727 0.008833 0.000001
v -6.723250 0.001875 0.000001
v -6.722732 -0.004770 0.000001
v -6.722186 -0.011037 0.000001
v -6.721625 -0.016859 0.000001
v -6.721065 -0.022171 0.000001
v -6.720519 -0.026907 0.000001
v -6.720000 -0.031000 0.000001
v -6.812000 -0.031000 0.000001
v -6.811501 -0.026201 0.000001
v -6.811009 -0.020856 0.000001
v -6.810531 -0.015047 0.000001
v -6.810074 -0.008852 0.000001
v -6.809645 -0.002351 0.000001
v -6.809250 0.004375 0.000001
v -6.808897 0.011247 0.000001
v -6.808593 0.018185 0.000001
v -6.808344 0.025109 0.000001
v -6.808157 0.031940 0.000001
v -6.808041 0.038597 0.000001
v -6.808000 0.045000 0.000001
v -6.808000 0.059822 0.000001
v -6.808000 0.082241 0.000001
v -6.808000 0.110688 0.000001
v -6.808000 0.143593 0.000001
v -6.808000 0.179387 0.000001
v -6.808000 0.216500 0.000001
v -6.808000 0.253364 0.000001
v -6.808000 0.288408 0.000001
v -6.808000 0.320063 0.000001
v -6.808000 0.346759 0.000001
v -6.808000 0.366928 0.000001
v -6.808000 0.379000 0.000001
v -6.808041 0.385096 0.000001
v -6.808157 0.391347 0.000001
v -6.808344 0.397703 0.000001
v -6.808593 0.404111 0.000001
v -6.808897 0.410519 0.000001
v -6.809250 0.416875 0.000001
v -6.809645 0.423127 0.000001
v -6.810074 0.429222 0.000001
v -6.810531 0.435109 0.000001
v -6.811009 0.440736 0.000001
v -6.811501 0.446050 0.000001
v -7.276000 0.459000 0.000001
v -7.182000 0.459000 0.000001
v -7.182729 0.452686 0.000001
v -7.183412 0.446236 0.000001
v -7.184047 0.439641 0.000001
v -7.184629 0.432889 0.000001
v -7.185157 0.425971 0.000001
v -7.185625 0.418875 0.000001
v -7.186031 0.411592 0.000001
v -7.186370 0.404111 0.000001
v -7.186641 0.396422 0.000001
v -7.186838 0.388514 0.000001
v -7.186959 0.380377 0.000001
v -7.187000 0.372000 0.000001
v -7.187000 0.362265 0.000001
v -7.187000 0.350783 0.000001
v -7.187000 0.337891 0.000001
v -7.187000 0.323926 0.000001
v -7.187000 0.309225 0.000001
v -7.187000 0.294125 0.000001
v -7.187000 0.278962 0.000001
v -7.187000 0.264074 0.000001
v -7.187000 0.249797 0.000001
v -7.187000 0.236468 0.000001
v -7.187000 0.224423 0.000001
v -7.187000 0.214000 0.000001
v -7.186723 0.168936 0.000001
v -7.185783 0.127991 0.000001
v -7.184016 0.090781 0.000001
v -7.181260 0.056926 0.000001
v -7.177351 0.026043 0.000001
v -7.172125 -0.002250 0.000001
v -7.165421 -0.028334 0.000001
v -7.157074 -0.052592 0.000001
v -7.146922 -0.075406 0.000001
v -7.134801 -0.097157 0.000001
v -7.120548 -0.118228 0.000001
v -7.104000 -0.139000 0.000001
v -7.088030 -0.155882 0.000001
v -7.071157 -0.171560 0.000001
v -7.053438 -0.186078 0.000001
v -7.034926 -0.199481 0.000001
v -7.015678 -0.211815 0.000001
v -6.995750 -0.223125 0.000001
v -6.975197 -0.233455 0.000001
v -6.954074 -0.242852 0.000001
v -6.932437 -0.251359 0.000001
v -6.910343 -0.259023 0.000001
v -6.887845 -0.265888 0.000001
v -6.865000 -0.272000 0.000001
v -6.930000 -0.341000 0.000001
v -6.948777 -0.334365 0.000001
v -6.968463 -0.326921 0.000001
v -6.988844 -0.318609 0.000001
v -7.009704 -0.309370 0.000001
v -7.030828 -0.299145 0.000001
v -7.052001 -0.287875 0.000001
v -7.073006 -0.275501 0.000001
v -7.093630 -0.261963 0.000001
v -7.113657 -0.247203 0.000001
v -7.132871 -0.231162 0.000001
v -7.151057 -0.213781 0.000001
v -7.168000 -0.195000 0.000001
v -7.185191 -0.173549 0.000001
v -7.200778 -0.151806 0.000001
v -7.214781 -0.129187 0.000001
v -7.227222 -0.105111 0.000001
v -7.238122 -0.078993 0.000001
v -7.247500 -0.050250 0.000001
v -7.255379 -0.018299 0.000001
v -7.261778 0.017444 0.000001
v -7.266719 0.057563 0.000001
v -7.270222 0.102639 0.000001
v -7.272309 0.153257 0.000001
v -7.273000 0.210000 0.000001
v -7.273000 0.220406 0.000001
v -7.273000 0.232417 0.000001
v -7.273000 0.245719 0.000001
v -7.273000 0.260000 0.000001
v -7.273000 0.274948 0.000001
v -7.273000 0.290250 0.000001
v -7.273000 0.305594 0.000001
v -7.273000 0.320667 0.000001
v -7.273000 0.335156 0.000001
v -7.273000 0.348750 0.000001
v -7.273000 0.361136 0.000001
v -7.273000 0.372000 0.000001
v -7.273021 0.380377 0.000001
v -7.273084 0.388514 0.000001
v -7.273188 0.396422 0.000001
v -7.273334 0.404111 0.000001
v -7.273521 0.411592 0.000001
v -7.273750 0.418875 0.000001
v -7.274021 0.425971 0.000001
v -7.274333 0.432889 0.000001
v -7.274688 0.439641 0.000001
v -7.275084 0.446236 0.000001
v -7.275521 0.452686 0.000001
v -6.037000 0.477000 0.000001
v -5.944000 0.507000 0.000000
v -5.942321 0.500309 0.000000
v -5.940315 0.493301 0.000000
v -5.938032 0.486078 0.000000
v -5.935519 0.478741 0.000000
v -5.932826 0.471390 0.000000
v -5.930000 0.464125 0.000000
v -5.927092 0.457048 0.000000
v -5.924148 0.450259 0.000000
v -5.921219 0.443859 0.000000
v -5.918352 0.437949 0.000000
v -5.915596 0.432629 0.000000
v -5.913000 0.428000 0.000000
v -5.901073 0.404410 0.000000
v -5.886755 0.378866 0.000000
v -5.869984 0.351703 0.000000
v -5.850703 0.323259 0.000000
v -5.828853 0.293871 0.000000
v -5.804375 0.263875 0.000000
v -5.777209 0.233608 0.000000
v -5.747296 0.203408 0.000000
v -5.714578 0.173609 0.000000
v -5.678996 0.144551 0.000000
v -5.640489 0.116569 0.000000
v -5.599000 0.090000 0.000000
v -5.668000 0.038000 0.000000
v -5.694730 0.056571 0.000000
v -5.720421 0.075736 0.000000
v -5.745078 0.095422 0.000000
v -5.768703 0.115556 0.000000
v -5.791301 0.136064 0.000001
v -5.812875 0.156875 0.000001
v -5.833427 0.177915 0.000001
v -5.852962 0.199111 0.000001
v -5.871484 0.220391 0.000001
v -5.888995 0.241681 0.000001
v -5.905499 0.262908 0.000001
v -5.921000 0.284000 0.000001
v -6.260000 0.284000 0.000001
v -6.253930 0.260502 0.000001
v -6.246273 0.235681 0.000001
v -6.237109 0.209797 0.000001
v -6.226518 0.183111 0.000001
v -6.214580 0.155884 0.000001
v -6.201375 0.128375 0.000001
v -6.186982 0.100846 0.000001
v -6.171481 0.073556 0.000001
v -6.154953 0.046766 0.000001
v -6.137477 0.020736 0.000001
v -6.119133 -0.004272 0.000001
v -6.100000 -0.028000 0.000001
v -6.076528 -0.054175 0.000001
v -6.051555 -0.079648 0.000001
v -6.025000 -0.104344 0.000001
v -5.996778 -0.128185 0.000001
v -5.966805 -0.151096 0.000001
v -5.935000 -0.173000 0.000001
v -5.901278 -0.193821 0.000001
v -5.865555 -0.213481 0.000001
v -5.827750 -0.231906 0.000001
v -5.787777 -0.249018 0.000001
v -5.745555 -0.264742 0.000001
v -5.701000 -0.279000 0.000001
v -5.773000 -0.344000 0.000001
v -5.818586 -0.326273 0.000001
v -5.861440 -0.307602 0.000001
v -5.901703 -0.288000 0.000001
v -5.939518 -0.267481 0.000001
v -5.975029 -0.246060 0.000001
v -6.008375 -0.223750 0.000001
v -6.039701 -0.200565 0.000001
v -6.069149 -0.176518 0.000001
v -6.096860 -0.151625 0.000001
v -6.122977 -0.125898 0.000001
v -6.147644 -0.099352 0.000001
v -6.171000 -0.072000 0.000001
v -6.192683 -0.044473 0.000001
v -6.213213 -0.016032 0.000001
v -6.232563 0.013109 0.000001
v -6.250704 0.042741 0.000001
v -6.267609 0.072650 0.000001
v -6.283250 0.102625 0.000001
v -6.297600 0.132454 0.000001
v -6.310630 0.161926 0.000001
v -6.322313 0.190828 0.000001
v -6.332621 0.218949 0.000001
v -6.341526 0.246077 0.000001
v -6.349000 0.272000 0.000001
v -6.350350 0.276137 0.000001
v -6.351884 0.280509 0.000001
v -6.353578 0.285063 0.000001
v -6.355407 0.289741 0.000001
v -6.357347 0.294488 0.000001
v -6.359374 0.299250 0.000001
v -6.361464 0.303970 0.000001
v -6.363592 0.308593 0.000001
v -6.365734 0.313063 0.000001
v -6.367865 0.317324 0.000001
v -6.369962 0.321322 0.000001
v -6.372000 0.325000 0.000001
v -6.305000 0.366000 0.000001
v -6.300876 0.364333 0.000001
v -6.296504 0.362829 0.000001
v -6.291891 0.361484 0.000001
v -6.287037 0.360296 0.000001
v -6.281947 0.359261 0.000001
v -6.276625 0.358375 0.000001
v -6.271073 0.357635 0.000001
v -6.265296 0.357037 0.000001
v -6.259296 0.356578 0.000001
v -6.253078 0.356255 0.000001
v -6.246644 0.356063 0.000001
v -6.240000 0.356000 0.000001
v -5.968000 0.356000 0.000001
v -5.992000 0.398000 0.000001
v -5.994661 0.403049 0.000001
v -5.997625 0.408644 0.000001
v -6.000859 0.414703 0.000001
v -6.004333 0.421148 0.000001
v -6.008015 0.427899 0.000001
v -6.011875 0.434875 0.000001
v -6.015880 0.441997 0.000001
v -6.020000 0.449185 0.000001
v -6.024203 0.456359 0.000001
v -6.028459 0.463440 0.000001
v -6.032735 0.470347 0.000001
v -5.311000 0.492000 0.000000
v -5.262000 0.477000 0.000000
v -5.266827 0.466835 0.000000
v -5.271778 0.455926 0.000000
v -5.276813 0.444406 0.000000
v -5.281889 0.432407 0.000000
v -5.286966 0.420061 0.000000
v -5.292001 0.407500 0.000000
v -5.296952 0.394855 0.000000
v -5.301779 0.382259 0.000000
v -5.306438 0.369844 0.000000
v -5.310890 0.357741 0.000000
v -5.315091 0.346082 0.000000
v -5.319000 0.335000 0.000000
v -5.370000 0.353000 0.000000
v -5.366242 0.363450 0.000000
v -5.362019 0.374685 0.000000
v -5.357406 0.386531 0.000000
v -5.352481 0.398815 0.000000
v -5.347321 0.411362 0.000000
v -5.342000 0.424000 0.000000
v -5.336596 0.436554 0.000000
v -5.331185 0.448852 0.000000
v -5.325844 0.460719 0.000000
v -5.320648 0.471982 0.000000
v -5.315675 0.482467 0.000000
v -5.411000 0.523000 0.000000
v -5.362000 0.507000 0.000000
v -5.367267 0.497103 0.000000
v -5.372551 0.486491 0.000000
v -5.377828 0.475281 0.000000
v -5.383074 0.463593 0.000000
v -5.388265 0.451543 0.000000
v -5.393375 0.439250 0.000000
v -5.398382 0.426832 0.000000
v -5.403260 0.414407 0.000000
v -5.407985 0.402094 0.000000
v -5.412533 0.390009 0.000000
v -5.416880 0.378272 0.000000
v -5.421000 0.367000 0.000000
v -5.472000 0.385000 0.000000
v -5.468012 0.395412 0.000000
v -5.463593 0.406542 0.000000
v -5.458813 0.418234 0.000000
v -5.453741 0.430333 0.000000
v -5.448447 0.442682 0.000000
v -5.443000 0.455125 0.000000
v -5.437470 0.467505 0.000000
v -5.431927 0.479667 0.000000
v -5.426438 0.491453 0.000000
v -5.421075 0.502708 0.000000
v -5.415906 0.513276 0.000000
v -5.152000 -0.126000 0.000000
v -5.153000 -0.160000 0.000000
v -5.152459 -0.176219 0.000000
v -5.150759 -0.191338 0.000000
v -5.147781 -0.205297 0.000000
v -5.143407 -0.218037 0.000000
v -5.137519 -0.229499 0.000000
v -5.130000 -0.239625 0.000000
v -5.120730 -0.248355 0.000000
v -5.109592 -0.255630 0.000000
v -5.096468 -0.261391 0.000000
v -5.081241 -0.265579 0.000000
v -5.063790 -0.268135 0.000000
v -5.044000 -0.269000 0.000000
v -5.026474 -0.268439 0.000000
v -5.009963 -0.266764 0.000000
v -4.994563 -0.263984 0.000000
v -4.980371 -0.260111 0.000000
v -4.967484 -0.255154 0.000000
v -4.956000 -0.249125 0.000000
v -4.946016 -0.242033 0.000000
v -4.937630 -0.233889 0.000000
v -4.930938 -0.224703 0.000000
v -4.926037 -0.214486 0.000000
v -4.923026 -0.203248 0.000000
v -4.922000 -0.191000 0.000000
v -4.923086 -0.179113 0.000000
v -4.926269 -0.167986 0.000000
v -4.931437 -0.157672 0.000000
v -4.938481 -0.148222 0.000000
v -4.947289 -0.139689 0.000000
v -4.957750 -0.132125 0.000000
v -4.969752 -0.125582 0.000000
v -4.983185 -0.120111 0.000000
v -4.997938 -0.115766 0.000000
v -5.013898 -0.112597 0.000000
v -5.030956 -0.110658 0.000000
v -5.049000 -0.110000 0.000000
v -5.057978 -0.110105 0.000000
v -5.066907 -0.110421 0.000000
v -5.075781 -0.110953 0.000000
v -5.084592 -0.111704 0.000000
v -5.093334 -0.112676 0.000000
v -5.102000 -0.113875 0.000000
v -5.110582 -0.115303 0.000000
v -5.119074 -0.116963 0.000000
v -5.127469 -0.118859 0.000000
v -5.135759 -0.120995 0.000000
v -5.143938 -0.123374 0.000000
v -5.225000 0.460000 0.000000
v -5.135000 0.460000 0.000000
v -5.135499 0.455324 0.000000
v -5.135991 0.450338 0.000000
v -5.136469 0.445109 0.000000
v -5.136926 0.439704 0.000000
v -5.137355 0.434187 0.000000
v -5.137750 0.428625 0.000000
v -5.138103 0.423084 0.000000
v -5.138407 0.417630 0.000000
v -5.138656 0.412328 0.000000
v -5.138843 0.407245 0.000000
v -5.138959 0.402447 0.000000
v -5.139000 0.398000 0.000000
v -5.139000 0.274000 0.000000
v -5.044000 0.272000 0.000000
v -5.029580 0.272062 0.000000
v -5.015301 0.272245 0.000000
v -5.001141 0.272547 0.000000
v -4.987074 0.272963 0.000000
v -4.973077 0.273490 0.000000
v -4.959126 0.274125 0.000000
v -4.945194 0.274864 0.000000
v -4.931260 0.275704 0.000000
v -4.917297 0.276641 0.000000
v -4.903283 0.277671 0.000000
v -4.889192 0.278792 0.000000
v -4.875000 0.280000 0.000000
v -4.875000 0.205000 0.000000
v -4.889611 0.204042 0.000000
v -4.903972 0.203167 0.000000
v -4.918125 0.202375 0.000000
v -4.932111 0.201667 0.000000
v -4.945972 0.201042 0.000000
v -4.959750 0.200500 0.000000
v -4.973486 0.200042 0.000000
v -4.987223 0.199667 0.000000
v -5.001000 0.199375 0.000000
v -5.014862 0.199167 0.000000
v -5.028848 0.199042 0.000000
v -5.043000 0.199000 0.000000
v -5.139000 0.201000 0.000000
v -5.139349 0.179958 0.000000
v -5.139880 0.158417 0.000000
v -5.140563 0.136500 0.000000
v -5.141370 0.114333 0.000000
v -5.142275 0.092042 0.000000
v -5.143250 0.069750 0.000000
v -5.144266 0.047583 0.000000
v -5.145296 0.025667 0.000000
v -5.146312 0.004125 0.000000
v -5.147287 -0.016917 0.000000
v -5.148192 -0.037333 0.000000
v -5.149000 -0.057000 0.000000
v -5.141708 -0.055562 0.000000
v -5.134333 -0.054250 0.000000
v -5.126875 -0.053062 0.000000
v -5.119333 -0.052000 0.000000
v -5.111708 -0.051062 0.000000
v -5.104000 -0.050250 0.000000
v -5.096208 -0.049562 0.000000
v -5.088333 -0.049000 0.000000
v -5.080375 -0.048562 0.000000
v -5.072333 -0.048250 0.000000
v -5.064208 -0.048062 0.000000
v -5.056000 -0.048000 0.000000
v -5.024447 -0.049366 0.000000
v -4.995329 -0.053347 0.000000
v -4.968703 -0.059766 0.000000
v -4.944630 -0.068444 0.000000
v -4.923167 -0.079207 0.000000
v -4.904375 -0.091875 0.000000
v -4.888312 -0.106273 0.000000
v -4.875037 -0.122222 0.000000
v -4.864609 -0.139547 0.000000
v -4.857088 -0.158069 0.000000
v -4.852531 -0.177613 0.000000
v -4.851000 -0.198000 0.000000
v -4.852514 -0.219759 0.000000
v -4.857028 -0.239991 0.000000
v -4.864500 -0.258625 0.000000
v -4.874888 -0.275593 0.000000
v -4.888152 -0.290824 0.000000
v -4.904249 -0.304250 0.000000
v -4.923138 -0.315801 0.000000
v -4.944777 -0.325407 0.000000
v -4.969124 -0.333000 0.000000
v -4.996138 -0.338509 0.000000
v -5.025777 -0.341866 0.000000
v -5.058000 -0.343000 0.000000
v -5.089763 -0.341359 0.000000
v -5.117690 -0.336620 0.000000
v -5.141984 -0.329062 0.000000
v -5.162851 -0.318963 0.000000
v -5.180497 -0.306599 0.000000
v -5.195125 -0.292250 0.000000
v -5.206940 -0.276192 0.000000
v -5.216148 -0.258704 0.000000
v -5.222953 -0.240062 0.000000
v -5.227560 -0.220546 0.000000
v -5.230174 -0.200433 0.000000
v -5.231000 -0.180000 0.000000
v -5.231000 -0.160000 0.000000
v -5.243730 -0.167477 0.000000
v -5.256421 -0.175398 0.000000
v -5.269078 -0.183750 0.000000
v -5.281703 -0.192518 0.000000
v -5.294301 -0.201690 0.000000
v -5.306874 -0.211250 0.000000
v -5.319427 -0.221185 0.000000
v -5.331962 -0.231481 0.000000
v -5.344483 -0.242125 0.000000
v -5.356994 -0.253102 0.000000
v -5.369498 -0.264398 0.000000
v -5.382000 -0.276000 0.000000
v -5.425000 -0.209000 0.000000
v -5.411747 -0.197200 0.000000
v -5.397977 -0.185347 0.000000
v -5.383672 -0.173516 0.000000
v -5.368815 -0.161778 0.000000
v -5.353388 -0.150207 0.000000
v -5.337375 -0.138875 0.000000
v -5.320758 -0.127856 0.000000
v -5.303519 -0.117222 0.000000
v -5.285641 -0.107047 0.000000
v -5.267107 -0.097403 0.000000
v -5.247899 -0.088363 0.000000
v -5.228000 -0.080000 0.000000
v -5.226943 -0.058675 0.000000
v -5.225792 -0.036736 0.000000
v -5.224578 -0.014234 0.000000
v -5.223333 0.008778 0.000000
v -5.222088 0.032248 0.000000
v -5.220875 0.056125 0.000000
v -5.219724 0.080356 0.000000
v -5.218667 0.104889 0.000000
v -5.217734 0.129672 0.000000
v -5.216959 0.154653 0.000000
v -5.216370 0.179780 0.000000
v -5.216000 0.205000 0.000000
v -5.230958 0.206042 0.000000
v -5.245829 0.207171 0.000000
v -5.260610 0.208391 0.000000
v -5.275297 0.209704 0.000000
v -5.289886 0.211114 0.000000
v -5.304376 0.212625 0.000000
v -5.318760 0.214240 0.000000
v -5.333037 0.215963 0.000000
v -5.347203 0.217797 0.000000
v -5.361255 0.219745 0.000000
v -5.375188 0.221812 0.000000
v -5.389000 0.224000 0.000000
v -5.389000 0.301000 0.000000
v -5.375627 0.298542 0.000000
v -5.362018 0.296171 0.000000
v -5.348187 0.293891 0.000000
v -5.334147 0.291704 0.000000
v -5.319914 0.289614 0.000000
v -5.305500 0.287625 0.000000
v -5.290918 0.285740 0.000000
v -5.276185 0.283963 0.000000
v -5.261312 0.282297 0.000000
v -5.246315 0.280745 0.000000
v -5.231206 0.279312 0.000000
v -5.216000 0.278000 0.000000
v -5.216001 0.289738 0.000000
v -5.216009 0.301407 0.000000
v -5.216031 0.312938 0.000000
v -5.216074 0.324259 0.000000
v -5.216145 0.335303 0.000000
v -5.216250 0.346000 0.000000
v -5.216397 0.356280 0.000000
v -5.216592 0.366074 0.000000
v -5.216844 0.375313 0.000000
v -5.217157 0.383926 0.000000
v -5.217540 0.391845 0.000000
v -5.218000 0.399000 0.000000
v -5.218271 0.404001 0.000000
v -5.218588 0.409005 0.000000
v -5.218953 0.414016 0.000000
v -5.219370 0.419037 0.000000
v -5.219843 0.424072 0.000000
v -5.220375 0.429125 0.000000
v -5.220969 0.434199 0.000000
v -5.221630 0.439296 0.000000
v -5.222359 0.444422 0.000000
v -5.223162 0.449579 0.000000
v -5.224041 0.454770 0.000000
v -4.731000 0.453000 0.000000
v -4.643000 0.461000 0.000000
v -4.642940 0.455401 0.000000
v -4.642764 0.449625 0.000000
v -4.642485 0.443703 0.000000
v -4.642111 0.437667 0.000000
v -4.641654 0.431547 0.000000
v -4.641125 0.425375 0.000000
v -4.640532 0.419182 0.000000
v -4.639888 0.413000 0.000000
v -4.639203 0.406859 0.000000
v -4.638485 0.400792 0.000000
v -4.637748 0.394828 0.000000
v -4.637000 0.389000 0.000000
v -4.633574 0.366318 0.000000
v -4.629426 0.339625 0.000000
v -4.624750 0.309453 0.000000
v -4.619741 0.276333 0.000000
v -4.614593 0.240797 0.000000
v -4.609500 0.203375 0.000000
v -4.604658 0.164599 0.000000
v -4.600259 0.125000 0.000000
v -4.596500 0.085109 0.000000
v -4.593574 0.045458 0.000000
v -4.591676 0.006578 0.000000
v -4.591000 -0.031000 0.000000
v -4.591366 -0.064432 0.000000
v -4.592426 -0.096704 0.000000
v -4.594125 -0.127781 0.000000
v -4.596407 -0.157630 0.000000
v -4.599217 -0.186214 0.000000
v -4.602500 -0.213500 0.000000
v -4.606199 -0.239453 0.000000
v -4.610260 -0.264037 0.000000
v -4.614625 -0.287219 0.000000
v -4.619241 -0.308963 0.000000
v -4.624052 -0.329235 0.000000
v -4.629000 -0.348000 0.000000
v -4.699000 -0.343000 0.000000
v -4.698750 -0.340172 0.000000
v -4.698500 -0.337213 0.000000
v -4.698250 -0.334156 0.000000
v -4.698000 -0.331037 0.000000
v -4.697751 -0.327890 0.000000
v -4.697501 -0.324750 0.000000
v -4.697251 -0.321652 0.000000
v -4.697001 -0.318630 0.000000
v -4.696751 -0.315719 0.000000
v -4.696501 -0.312954 0.000000
v -4.696251 -0.310369 0.000000
v -4.696000 -0.308000 0.000000
v -4.696022 -0.304861 0.000000
v -4.696088 -0.301472 0.000000
v -4.696203 -0.297875 0.000000
v -4.696371 -0.294111 0.000000
v -4.696593 -0.290222 0.000000
v -4.696875 -0.286250 0.000000
v -4.697219 -0.282236 0.000000
v -4.697629 -0.278222 0.000000
v -4.698109 -0.274250 0.000000
v -4.698662 -0.270361 0.000000
v -4.699291 -0.266597 0.000000
v -4.700000 -0.263000 0.000000
v -4.703269 -0.249676 0.000000
v -4.707486 -0.234407 0.000000
v -4.712516 -0.217500 0.000000
v -4.718223 -0.199259 0.000000
v -4.724471 -0.179991 0.000000
v -4.731126 -0.160000 0.000000
v -4.738051 -0.139593 0.000000
v -4.745112 -0.119074 0.000000
v -4.752172 -0.098750 0.000000
v -4.759098 -0.078926 0.000000
v -4.765752 -0.059907 0.000000
v -4.772000 -0.042000 0.000000
v -4.731000 -0.010000 0.000000
v -4.726613 -0.020417 0.000000
v -4.721986 -0.031583 0.000000
v -4.717172 -0.043375 0.000000
v -4.712223 -0.055667 0.000000
v -4.707190 -0.068333 0.000000
v -4.702125 -0.081250 0.000000
v -4.697082 -0.094292 0.000000
v -4.692111 -0.107333 0.000000
v -4.687265 -0.120250 0.000000
v -4.682597 -0.132917 0.000000
v -4.678158 -0.145208 0.000000
v -4.674000 -0.157000 0.000000
v -4.672333 -0.144888 0.000000
v -4.670829 -0.133018 0.000000
v -4.669485 -0.121344 0.000000
v -4.668296 -0.109815 0.000000
v -4.667261 -0.098383 0.000000
v -4.666375 -0.087000 0.000000
v -4.665635 -0.075617 0.000000
v -4.665037 -0.064185 0.000000
v -4.664578 -0.052656 0.000000
v -4.664255 -0.040981 0.000000
v -4.664063 -0.029112 0.000000
v -4.664000 -0.017000 0.000000
v -4.664602 0.012471 0.000000
v -4.666315 0.044935 0.000000
v -4.669000 0.079719 0.000000
v -4.672518 0.116148 0.000000
v -4.676731 0.153550 0.000000
v -4.681499 0.191250 0.000000
v -4.686685 0.228575 0.000000
v -4.692148 0.264852 0.000000
v -4.697750 0.299406 0.000000
v -4.703351 0.331565 0.000000
v -4.708815 0.360654 0.000000
v -4.714000 0.386000 0.000000
v -4.714850 0.390775 0.000000
v -4.715885 0.396033 0.000000
v -4.717079 0.401672 0.000000
v -4.718408 0.407593 0.000000
v -4.719849 0.413694 0.000000
v -4.721376 0.419875 0.000000
v -4.722966 0.426035 0.000000
v -4.724594 0.432074 0.000000
v -4.726235 0.437891 0.000000
v -4.727867 0.443384 0.000000
v -4.729463 0.448454 0.000000
v -3.793000 0.420000 0.000000
v -3.788000 0.325000 0.000000
v -3.774873 0.322813 0.000000
v -3.761569 0.320755 0.000000
v -3.748203 0.318828 0.000000
v -3.734889 0.317037 0.000000
v -3.721741 0.315385 0.000000
v -3.708875 0.313875 0.000000
v -3.696405 0.312511 0.000000
v -3.684445 0.311296 0.000000
v -3.673110 0.310234 0.000000
v -3.662514 0.309329 0.000000
v -3.652773 0.308583 0.000000
v -3.644000 0.308000 0.000000
v -3.638100 0.307751 0.000000
v -3.632380 0.307509 0.000000
v -3.626813 0.307281 0.000000
v -3.621371 0.307074 0.000000
v -3.616026 0.306895 0.000000
v -3.610750 0.306750 0.000000
v -3.605516 0.306647 0.000000
v -3.600296 0.306593 0.000000
v -3.595063 0.306594 0.000000
v -3.589787 0.306657 0.000000
v -3.584442 0.306791 0.000000
v -3.579000 0.307000 0.000000
v -3.587000 0.225000 0.000000
v -3.783000 0.252000 0.000000
v -3.776000 0.153000 0.000000
v -3.762198 0.131970 0.000000
v -3.746083 0.108259 0.000000
v -3.728094 0.082438 0.000000
v -3.708667 0.055074 0.000000
v -3.688240 0.026738 0.000000
v -3.667250 -0.002000 0.000000
v -3.646136 -0.030572 0.000000
v -3.625334 -0.058407 0.000000
v -3.605281 -0.084937 0.000000
v -3.586417 -0.109593 0.000000
v -3.569177 -0.131803 0.000000
v -3.554000 -0.151000 0.000000
v -3.605000 -0.220000 0.000000
v -3.617355 -0.202466 0.000000
v -3.630338 -0.183977 0.000000
v -3.643828 -0.164703 0.000000
v -3.657704 -0.144815 0.000000
v -3.671843 -0.124482 0.000000
v -3.686125 -0.103875 0.000000
v -3.700428 -0.083164 0.000000
v -3.714630 -0.062518 0.000000
v -3.728609 -0.042109 0.000000
v -3.742245 -0.022106 0.000000
v -3.755416 -0.002680 0.000000
v -3.768000 0.016000 0.000000
v -3.767000 -0.023000 0.000000
v -3.766540 -0.049101 0.000000
v -3.766153 -0.073143 0.000000
v -3.765828 -0.095484 0.000000
v -3.765555 -0.116481 0.000000
v -3.765325 -0.136492 0.000000
v -3.765125 -0.155875 0.000000
v -3.764946 -0.174987 0.000000
v -3.764778 -0.194185 0.000000
v -3.764610 -0.213828 0.000000
v -3.764431 -0.234273 0.000000
v -3.764231 -0.255878 0.000000
v -3.764000 -0.279000 0.000000
v -3.763979 -0.283178 0.000000
v -3.763917 -0.287676 0.000000
v -3.763813 -0.292437 0.000000
v -3.763667 -0.297407 0.000000
v -3.763479 -0.302530 0.000000
v -3.763250 -0.307750 0.000000
v -3.762979 -0.313012 0.000000
v -3.762667 -0.318259 0.000000
v -3.762312 -0.323437 0.000000
v -3.761917 -0.328491 0.000000
v -3.761479 -0.333363 0.000000
v -3.761000 -0.338000 0.000000
v -3.848000 -0.338000 0.000000
v -3.847501 -0.333362 0.000000
v -3.847005 -0.328481 0.000000
v -3.846516 -0.323406 0.000000
v -3.846037 -0.318185 0.000000
v -3.845572 -0.312867 0.000000
v -3.845125 -0.307500 0.000000
v -3.844699 -0.302133 0.000000
v -3.844296 -0.296815 0.000000
v -3.843922 -0.291594 0.000000
v -3.843579 -0.286518 0.000000
v -3.843271 -0.281638 0.000000
v -3.843000 -0.277000 0.000000
v -3.841871 -0.255300 0.000000
v -3.840968 -0.234565 0.000000
v -3.840266 -0.214594 0.000000
v -3.839741 -0.195185 0.000000
v -3.839369 -0.176138 0.000000
v -3.839125 -0.157250 0.000000
v -3.838986 -0.138321 0.000000
v -3.838926 -0.119148 0.000000
v -3.838922 -0.099531 0.000000
v -3.838949 -0.079268 0.000000
v -3.838983 -0.058159 0.000000
v -3.839000 -0.036000 0.000000
v -3.839021 -0.026918 0.000000
v -3.839083 -0.017676 0.000000
v -3.839187 -0.008281 0.000000
v -3.839333 0.001259 0.000000
v -3.839521 0.010939 0.000000
v -3.839750 0.020750 0.000000
v -3.840021 0.030686 0.000000
v -3.840333 0.040741 0.000000
v -3.840688 0.050906 0.000000
v -3.841083 0.061176 0.000000
v -3.841521 0.071543 0.000000
v -3.842000 0.082000 0.000000
v -3.865564 0.106365 0.000000
v -3.890097 0.130250 0.000000
v -3.915359 0.153344 0.000000
v -3.941111 0.175333 0.000000
v -3.967113 0.195906 0.000000
v -3.993125 0.214750 0.000000
v -4.018908 0.231552 0.000000
v -4.044222 0.246000 0.000000
v -4.068828 0.257781 0.000000
v -4.092486 0.266583 0.000000
v -4.114956 0.272094 0.000000
v -4.136000 0.274000 0.000000
v -4.148307 0.273494 0.000000
v -4.159708 0.271954 0.000000
v -4.170172 0.269344 0.000000
v -4.179667 0.265630 0.000000
v -4.188162 0.260777 0.000000
v -4.195625 0.254750 0.000000
v -4.202026 0.247515 0.000000
v -4.207334 0.239037 0.000000
v -4.211516 0.229281 0.000000
v -4.214542 0.218213 0.000000
v -4.216381 0.205798 0.000000
v -4.217000 0.192000 0.000000
v -4.216252 0.166194 0.000000
v -4.214185 0.138051 0.000000
v -4.211062 0.107984 0.000000
v -4.207148 0.076407 0.000000
v -4.202706 0.043733 0.000000
v -4.198000 0.010375 0.000000
v -4.193294 -0.023254 0.000000
v -4.188852 -0.056741 0.000000
v -4.184937 -0.089672 0.000000
v -4.181815 -0.121634 0.000000
v -4.179748 -0.152215 0.000000
v -4.179000 -0.181000 0.000000
v -4.179924 -0.200915 0.000000
v -4.182639 -0.219153 0.000000
v -4.187062 -0.235703 0.000000
v -4.193111 -0.250555 0.000000
v -4.200701 -0.263700 0.000000
v -4.209750 -0.275125 0.000000
v -4.220173 -0.284821 0.000000
v -4.231889 -0.292778 0.000000
v -4.244812 -0.298984 0.000000
v -4.258861 -0.303430 0.000000
v -4.273952 -0.306106 0.000000
v -4.290000 -0.307000 0.000000
v -4.306893 -0.306379 0.000000
v -4.323560 -0.304532 0.000000
v -4.339984 -0.301484 0.000000
v -4.356148 -0.297259 0.000000
v -4.372034 -0.291881 0.000000
v -4.387625 -0.285375 0.000000
v -4.402903 -0.277764 0.000000
v -4.417851 -0.269074 0.000000
v -4.432453 -0.259328 0.000000
v -4.446690 -0.248551 0.000000
v -4.460545 -0.236767 0.000000
v -4.474000 -0.224000 0.000000
v -4.461000 -0.138000 0.000000
v -4.448232 -0.150977 0.000000
v -4.435440 -0.162898 0.000000
v -4.422641 -0.173750 0.000000
v -4.409852 -0.183518 0.000000
v -4.397091 -0.192190 0.000000
v -4.384375 -0.199750 0.000000
v -4.371722 -0.206185 0.000000
v -4.359148 -0.211481 0.000000
v -4.346672 -0.215625 0.000000
v -4.334310 -0.218602 0.000000
v -4.322080 -0.220398 0.000000
v -4.310000 -0.221000 0.000000
v -4.301414 -0.220430 0.000000
v -4.293648 -0.218773 0.000000
v -4.286687 -0.216109 0.000000
v -4.280519 -0.212518 0.000000
v -4.275127 -0.208080 0.000000
v -4.270500 -0.202875 0.000000
v -4.266623 -0.196982 0.000000
v -4.263482 -0.190481 0.000000
v -4.261063 -0.183453 0.000000
v -4.259352 -0.175977 0.000000
v -4.258336 -0.168132 0.000000
v -4.258000 -0.160000 0.000000
v -4.258728 -0.133124 0.000000
v -4.260741 -0.103824 0.000000
v -4.263781 -0.072594 0.000000
v -4.267592 -0.039926 0.000000
v -4.271918 -0.006314 0.000000
v -4.276500 0.027750 0.000000
v -4.281083 0.061772 0.000000
v -4.285408 0.095259 0.000000
v -4.289219 0.127719 0.000000
v -4.292260 0.158657 0.000000
v -4.294272 0.187582 0.000000
v -4.295000 0.214000 0.000000
v -4.294041 0.233652 0.000000
v -4.291162 0.252051 0.000000
v -4.286359 0.269109 0.000000
v -4.279630 0.284741 0.000000
v -4.270969 0.298858 0.000000
v -4.260375 0.311375 0.000000
v -4.247843 0.322204 0.000000
v -4.233370 0.331259 0.000000
v -4.216953 0.338453 0.000000
v -4.198588 0.343699 0.000000
v -4.178271 0.346910 0.000000
v -4.156000 0.348000 0.000000
v -4.130212 0.346050 0.000000
v -4.103532 0.340482 0.000000
v -4.076234 0.331719 0.000000
v -4.048593 0.320185 0.000000
v -4.020881 0.306304 0.000000
v -3.993375 0.290500 0.000000
v -3.966348 0.273196 0.000000
v -3.940074 0.254815 0.000000
v -3.914828 0.235781 0.000000
v -3.890884 0.216519 0.000000
v -3.868517 0.197450 0.000000
v -3.848000 0.179000 0.000000
v -3.853000 0.237000 0.000000
v -3.856788 0.243285 0.000000
v -3.860639 0.249616 0.000000
v -3.864531 0.255953 0.000000
v -3.868444 0.262259 0.000000
v -3.872358 0.268496 0.000000
v -3.876250 0.274625 0.000000
v -3.880101 0.280608 0.000000
v -3.883889 0.286408 0.000000
v -3.887594 0.291984 0.000000
v -3.891194 0.297301 0.000000
v -3.894670 0.302319 0.000000
v -3.898000 0.307000 0.000000
v -3.869000 0.342000 0.000000
v -3.863000 0.340000 0.000000
v -3.864769 0.357199 0.000000
v -3.866565 0.373755 0.000000
v -3.868375 0.389609 0.000000
v -3.870185 0.404704 0.000000
v -3.871981 0.418979 0.000000
v -3.873750 0.432375 0.000000
v -3.875477 0.444834 0.000000
v -3.877148 0.456296 0.000000
v -3.878750 0.466703 0.000000
v -3.880268 0.475996 0.000000
v -3.881690 0.484114 0.000000
v -3.883000 0.491000 0.000000
v -3.789000 0.494000 0.000000
v -3.789919 0.487712 0.000000
v -3.790685 0.481366 0.000000
v -3.791312 0.474984 0.000000
v -3.791815 0.468593 0.000000
v -3.792206 0.462215 0.000000
v -3.792500 0.455875 0.000000
v -3.792711 0.449598 0.000000
v -3.792852 0.443407 0.000000
v -3.792938 0.437328 0.000000
v -3.792981 0.431384 0.000000
v -3.792998 0.425600 0.000000
v -3.068000 0.072000 0.000000
v -3.069267 0.049479 0.000000
v -3.068634 0.028917 0.000000
v -3.066203 0.010313 0.000000
v -3.062074 -0.006333 0.000000
v -3.056348 -0.021021 0.000000
v -3.049125 -0.033750 0.000000
v -3.040506 -0.044521 0.000000
v -3.030593 -0.053333 0.000000
v -3.019485 -0.060187 0.000000
v -3.007282 -0.065083 0.000000
v -2.994087 -0.068021 0.000000
v -2.980000 -0.069000 0.000000
v -2.966229 -0.068236 0.000000
v -2.953000 -0.065972 0.000000
v -2.940438 -0.062250 0.000000
v -2.928667 -0.057111 0.000000
v -2.917813 -0.050597 0.000000
v -2.908000 -0.042750 0.000000
v -2.899354 -0.033611 0.000000
v -2.892000 -0.023222 0.000000
v -2.886062 -0.011625 0.000000
v -2.881667 0.001139 0.000000
v -2.878937 0.015028 0.000000
v -2.878000 0.030000 0.000000
v -2.878994 0.045740 0.000000
v -2.881870 0.060421 0.000000
v -2.886469 0.073984 0.000000
v -2.892630 0.086370 0.000000
v -2.900193 0.097520 0.000000
v -2.909000 0.107375 0.000000
v -2.918890 0.115876 0.000000
v -2.929704 0.122963 0.000000
v -2.941281 0.128578 0.000000
v -2.953463 0.132662 0.000000
v -2.966089 0.135156 0.000000
v -2.979000 0.136000 0.000000
v -2.988848 0.135600 0.000000
v -2.998370 0.134384 0.000000
v -3.007531 0.132328 0.000000
v -3.016296 0.129407 0.000000
v -3.024631 0.125598 0.000000
v -3.032500 0.120875 0.000000
v -3.039869 0.115215 0.000000
v -3.046704 0.108593 0.000000
v -3.052969 0.100984 0.000000
v -3.058630 0.092366 0.000000
v -3.063652 0.082712 0.000000
v -2.596000 0.353000 0.000000
v -2.598000 0.276000 0.000000
v -2.630151 0.278206 0.000000
v -2.663958 0.280315 0.000000
v -2.699203 0.282313 0.000000
v -2.735667 0.284185 0.000000
v -2.773130 0.285919 0.000000
v -2.811375 0.287500 0.000000
v -2.850182 0.288914 0.000000
v -2.889333 0.290148 0.000000
v -2.928609 0.291188 0.000000
v -2.967792 0.292019 0.000000
v -3.006661 0.292627 0.000000
v -3.045000 0.293000 0.000000
v -3.046000 0.192000 0.000000
v -3.040958 0.193687 0.000000
v -3.035829 0.195245 0.000000
v -3.030609 0.196672 0.000000
v -3.025296 0.197963 0.000000
v -3.019886 0.199115 0.000000
v -3.014375 0.200125 0.000000
v -3.008760 0.200989 0.000000
v -3.003037 0.201704 0.000000
v -2.997203 0.202266 0.000000
v -2.991255 0.202671 0.000000
v -2.985188 0.202917 0.000000
v -2.979000 0.203000 0.000000
v -2.955580 0.201467 0.000000
v -2.932977 0.196986 0.000000
v -2.911422 0.189734 0.000000
v -2.891148 0.179889 0.000000
v -2.872388 0.167627 0.000000
v -2.855375 0.153125 0.000000
v -2.840341 0.136561 0.000000
v -2.827518 0.118111 0.000000
v -2.817141 0.097953 0.000000
v -2.809440 0.076264 0.000000
v -2.804649 0.053221 0.000000
v -2.803000 0.029000 0.000000
v -2.804623 0.002817 0.000000
v -2.809315 -0.021218 0.000000
v -2.816813 -0.043078 0.000000
v -2.826852 -0.062741 0.000000
v -2.839169 -0.080181 0.000000
v -2.853500 -0.095375 0.000000
v -2.869581 -0.108298 0.000000
v -2.887148 -0.118926 0.000000
v -2.905938 -0.127234 0.000000
v -2.925685 -0.133199 0.000000
v -2.946128 -0.136796 0.000000
v -2.967000 -0.138000 0.000000
v -2.975396 -0.137812 0.000000
v -2.983583 -0.137250 0.000000
v -2.991563 -0.136312 0.000000
v -2.999333 -0.135000 0.000000
v -3.006896 -0.133312 0.000000
v -3.014250 -0.131250 0.000000
v -3.021396 -0.128812 0.000000
v -3.028333 -0.126000 0.000000
v -3.035063 -0.122812 0.000000
v -3.041583 -0.119250 0.000000
v -3.047896 -0.115312 0.000000
v -3.054000 -0.111000 0.000000
v -3.042923 -0.133026 0.000000
v -3.029717 -0.153625 0.000000
v -3.014422 -0.172828 0.000000
v -2.997074 -0.190667 0.000000
v -2.977712 -0.207172 0.000000
v -2.956375 -0.222375 0.000000
v -2.933100 -0.236307 0.000000
v -2.907926 -0.249000 0.000000
v -2.880891 -0.260484 0.000000
v -2.852032 -0.270792 0.000000
v -2.821389 -0.279953 0.000000
v -2.789000 -0.288000 0.000000
v -2.856000 -0.354000 0.000000
v -2.910829 -0.334888 0.000000
v -2.959051 -0.312773 0.000000
v -3.001016 -0.287984 0.000000
v -3.037074 -0.260852 0.000000
v -3.067577 -0.231705 0.000000
v -3.092875 -0.200875 0.000000
v -3.113319 -0.168690 0.000000
v -3.129259 -0.135481 0.000000
v -3.141047 -0.101578 0.000000
v -3.149033 -0.067310 0.000000
v -3.153567 -0.033007 0.000000
v -3.155000 0.001000 0.000000
v -3.154771 0.013373 0.000000
v -3.154088 0.025482 0.000000
v -3.152953 0.037313 0.000000
v -3.151370 0.048852 0.000000
v -3.149343 0.060086 0.000000
v -3.146875 0.071000 0.000000
v -3.143969 0.081581 0.000000
v -3.140629 0.091815 0.000000
v -3.136859 0.101688 0.000000
v -3.132662 0.111185 0.000000
v -3.128041 0.120294 0.000000
v -3.123000 0.129000 0.000000
v -3.121000 0.294000 0.000000
v -3.135000 0.294000 0.000000
v -3.170366 0.293959 0.000000
v -3.203509 0.293838 0.000000
v -3.234500 0.293641 0.000000
v -3.263407 0.293370 0.000000
v -3.290301 0.293031 0.000000
v -3.315250 0.292625 0.000000
v -3.338324 0.292157 0.000000
v -3.359593 0.291630 0.000000
v -3.379125 0.291047 0.000000
v -3.396991 0.290412 0.000000
v -3.413260 0.289729 0.000000
v -3.428000 0.289000 0.000000
v -3.429000 0.363000 0.000000
v -3.415481 0.363020 0.000000
v -3.399102 0.363074 0.000000
v -3.380125 0.363156 0.000000
v -3.358815 0.363259 0.000000
v -3.335435 0.363376 0.000000
v -3.310250 0.363500 0.000000
v -3.283523 0.363624 0.000000
v -3.255518 0.363741 0.000000
v -3.226500 0.363844 0.000000
v -3.196732 0.363926 0.000000
v -3.166477 0.363980 0.000000
v -3.136000 0.364000 0.000000
v -3.121000 0.364000 0.000000
v -3.122000 0.429000 0.000000
v -3.122270 0.432761 0.000000
v -3.122579 0.437417 0.000000
v -3.122922 0.442781 0.000000
v -3.123296 0.448667 0.000000
v -3.123698 0.454886 0.000000
v -3.124125 0.461250 0.000000
v -3.124572 0.467573 0.000000
v -3.125037 0.473667 0.000000
v -3.125515 0.479344 0.000000
v -3.126004 0.484417 0.000000
v -3.126500 0.488698 0.000000
v -3.127000 0.492000 0.000000
v -3.036000 0.492000 0.000000
v -3.036309 0.489576 0.000000
v -3.036722 0.486361 0.000000
v -3.037219 0.482438 0.000000
v -3.037778 0.477889 0.000000
v -3.038378 0.472799 0.000000
v -3.039000 0.467250 0.000000
v -3.039622 0.461326 0.000000
v -3.040222 0.455111 0.000000
v -3.040781 0.448688 0.000000
v -3.041278 0.442139 0.000000
v -3.041691 0.435549 0.000000
v -3.042000 0.429000 0.000000
v -3.044000 0.363000 0.000000
v -3.006005 0.362421 0.000000
v -2.966787 0.361704 0.000000
v -2.926750 0.360875 0.000000
v -2.886296 0.359963 0.000000
v -2.845829 0.358995 0.000000
v -2.805750 0.358000 0.000000
v -2.766463 0.357005 0.000000
v -2.728370 0.356037 0.000000
v -2.691875 0.355125 0.000000
v -2.657380 0.354296 0.000000
v -2.625287 0.353579 0.000000
v -2.229000 0.268000 0.000000
v -2.332000 0.268000 0.000000
v -2.332000 0.145000 0.000000
v -2.229000 0.145000 0.000000
v -2.071000 0.268000 0.000000
v -2.171000 0.268000 0.000000
v -2.171000 0.145000 0.000000
v -2.071000 0.145000 0.000000
v -1.915000 0.268000 0.000000
v -2.013000 0.268000 0.000000
v -2.013000 0.145000 0.000000
v -1.915000 0.145000 0.000000
v -2.084000 0.527000 0.000000
v -2.084000 0.448000 0.000000
v -1.810000 0.448000 0.000000
v -1.810000 0.387000 0.000000
v -2.084000 0.387000 0.000000
v -2.084000 0.318000 0.000000
v -1.848000 0.318000 0.000000
v -1.848000 0.095000 0.000000
v -2.403000 0.095000 0.000000
v -2.403000 0.318000 0.000000
v -2.156000 0.318000 0.000000
v -2.156000 0.387000 0.000000
v -2.443000 0.387000 0.000000
v -2.443000 0.448000 0.000000
v -2.156000 0.448000 0.000000
v -2.156000 0.527000 0.000000
v -1.533000 -0.141000 0.000000
v -1.558000 -0.216000 0.000000
v -1.577633 -0.207028 0.000000
v -1.597977 -0.197639 0.000000
v -1.618953 -0.187875 0.000000
v -1.640482 -0.177778 0.000000
v -1.662482 -0.167389 0.000000
v -1.684875 -0.156750 0.000000
v -1.707581 -0.145903 0.000000
v -1.730519 -0.134889 0.000000
v -1.753610 -0.123750 0.000000
v -1.776773 -0.112528 0.000000
v -1.799930 -0.101264 0.000000
v -1.823000 -0.090000 0.000000
v -1.811000 -0.038000 0.000000
v -2.030000 -0.038000 0.000000
v -2.013277 -0.053031 0.000000
v -1.995134 -0.068083 0.000000
v -1.975609 -0.083094 0.000000
v -1.954741 -0.098000 0.000000
v -1.932567 -0.112740 0.000000
v -1.909125 -0.127250 0.000000
v -1.884454 -0.141469 0.000000
v -1.858593 -0.155333 0.000000
v -1.831578 -0.168781 0.000000
v -1.803449 -0.181750 0.000000
v -1.774243 -0.194177 0.000000
v -1.744000 -0.206000 0.000000
v -1.747864 -0.209028 0.000000
v -1.751912 -0.212560 0.000000
v -1.756078 -0.216516 0.000000
v -1.760296 -0.220815 0.000000
v -1.764501 -0.225378 0.000000
v -1.768625 -0.230125 0.000000
v -1.772604 -0.234976 0.000000
v -1.776370 -0.239852 0.000000
v -1.779859 -0.244672 0.000000
v -1.783005 -0.249356 0.000000
v -1.785740 -0.253826 0.000000
v -1.788000 -0.258000 0.000000
v -1.802356 -0.251958 0.000000
v -1.816431 -0.245833 0.000000
v -1.830234 -0.239625 0.000000
v -1.843778 -0.233333 0.000000
v -1.857071 -0.226958 0.000000
v -1.870125 -0.220500 0.000000
v -1.882950 -0.213958 0.000000
v -1.895555 -0.207333 0.000000
v -1.907953 -0.200625 0.000000
v -1.920153 -0.193833 0.000000
v -1.932165 -0.186958 0.000000
v -1.944000 -0.180000 0.000000
v -1.944000 -0.262000 0.000000
v -1.943598 -0.272278 0.000000
v -1.942449 -0.281639 0.000000
v -1.940641 -0.290125 0.000000
v -1.938259 -0.297778 0.000000
v -1.935392 -0.304639 0.000000
v -1.932125 -0.310750 0.000000
v -1.928546 -0.316153 0.000000
v -1.924741 -0.320889 0.000000
v -1.920797 -0.325000 0.000000
v -1.916801 -0.328528 0.000000
v -1.912840 -0.331514 0.000000
v -1.909000 -0.334000 0.000000
v -1.911826 -0.337468 0.000000
v -1.914773 -0.341329 0.000000
v -1.917797 -0.345516 0.000000
v -1.920852 -0.349963 0.000000
v -1.923893 -0.354605 0.000000
v -1.926875 -0.359375 0.000000
v -1.929753 -0.364208 0.000000
v -1.932481 -0.369037 0.000000
v -1.935016 -0.373797 0.000000
v -1.937310 -0.378421 0.000000
v -1.939320 -0.382844 0.000000
v -1.941000 -0.387000 0.000000
v -1.945362 -0.384238 0.000000
v -1.950810 -0.381319 0.000000
v -1.957891 -0.378047 0.000000
v -1.967148 -0.374222 0.000000
v -1.979128 -0.369648 0.000000
v -1.994375 -0.364125 0.000000
v -2.013435 -0.357457 0.000000
v -2.036852 -0.349444 0.000000
v -2.065172 -0.339891 0.000000
v -2.098940 -0.328597 0.000000
v -2.138701 -0.315366 0.000000
v -2.185000 -0.300000 0.000000
v -2.184751 -0.296262 0.000000
v -2.184509 -0.292097 0.000000
v -2.184281 -0.287578 0.000000
v -2.184074 -0.282778 0.000000
v -2.183895 -0.277769 0.000000
v -2.183750 -0.272625 0.000000
v -2.183647 -0.267418 0.000000
v -2.183593 -0.262222 0.000000
v -2.183594 -0.257109 0.000000
v -2.183657 -0.252153 0.000000
v -2.183790 -0.247425 0.000000
v -2.184000 -0.243000 0.000000
v -2.010000 -0.293000 0.000000
v -2.010000 -0.136000 0.000000
v -2.017937 -0.130229 0.000000
v -2.025750 -0.124417 0.000000
v -2.033437 -0.118562 0.000000
v -2.041000 -0.112667 0.000000
v -2.048437 -0.106729 0.000000
v -2.055750 -0.100750 0.000000
v -2.062937 -0.094729 0.000000
v -2.070000 -0.088667 0.000000
v -2.076937 -0.082562 0.000000
v -2.083750 -0.076417 0.000000
v -2.090437 -0.070229 0.000000
v -2.097000 -0.064000 0.000000
v -2.114258 -0.097709 0.000000
v -2.133477 -0.130259 0.000000
v -2.154578 -0.161531 0.000000
v -2.177482 -0.191407 0.000000
v -2.202107 -0.219770 0.000000
v -2.228375 -0.246500 0.000000
v -2.256206 -0.271480 0.000000
v -2.285519 -0.294593 0.000000
v -2.316235 -0.315719 0.000000
v -2.348273 -0.334741 0.000000
v -2.381555 -0.351540 0.000000
v -2.416000 -0.366000 0.000000
v -2.418721 -0.360885 0.000000
v -2.421847 -0.355583 0.000000
v -2.425328 -0.350156 0.000000
v -2.429111 -0.344667 0.000000
v -2.433144 -0.339177 0.000000
v -2.437375 -0.333750 0.000000
v -2.441752 -0.328448 0.000000
v -2.446223 -0.323333 0.000000
v -2.450735 -0.318469 0.000000
v -2.455236 -0.313917 0.000000
v -2.459676 -0.309740 0.000000
v -2.464000 -0.306000 0.000000
v -2.446128 -0.299920 0.000000
v -2.428523 -0.293194 0.000000
v -2.411203 -0.285844 0.000000
v -2.394185 -0.277889 0.000000
v -2.377487 -0.269351 0.000000
v -2.361125 -0.260250 0.000000
v -2.345118 -0.250608 0.000000
v -2.329482 -0.240444 0.000000
v -2.314234 -0.229781 0.000000
v -2.299394 -0.218639 0.000000
v -2.284976 -0.207038 0.000000
v -2.271000 -0.195000 0.000000
v -2.281616 -0.187359 0.000000
v -2.292430 -0.179454 0.000000
v -2.303391 -0.171312 0.000000
v -2.314444 -0.162963 0.000000
v -2.325540 -0.154433 0.000000
v -2.336625 -0.145750 0.000000
v -2.347647 -0.136942 0.000000
v -2.358555 -0.128037 0.000000
v -2.369297 -0.119062 0.000000
v -2.379819 -0.110046 0.000000
v -2.390071 -0.101016 0.000000
v -2.400000 -0.092000 0.000000
v -2.348000 -0.049000 0.000000
v -2.340369 -0.057157 0.000000
v -2.332032 -0.065588 0.000000
v -2.323078 -0.074234 0.000000
v -2.313593 -0.083037 0.000000
v -2.303663 -0.091937 0.000000
v -2.293375 -0.100875 0.000000
v -2.282817 -0.109792 0.000000
v -2.272074 -0.118630 0.000000
v -2.261235 -0.127328 0.000000
v -2.250385 -0.135829 0.000000
v -2.239611 -0.144072 0.000000
v -2.229000 -0.152000 0.000000
v -2.221585 -0.143398 0.000000
v -2.214343 -0.134597 0.000000
v -2.207281 -0.125609 0.000000
v -2.200408 -0.116444 0.000000
v -2.193728 -0.107113 0.000000
v -2.187250 -0.097625 0.000000
v -2.180980 -0.087991 0.000000
v -2.174926 -0.078222 0.000000
v -2.169094 -0.068328 0.000000
v -2.163491 -0.058319 0.000000
v -2.158124 -0.048207 0.000000
v -2.153000 -0.038000 0.000000
v -2.445000 -0.038000 0.000000
v -2.445000 0.024000 0.000000
v -2.162000 0.024000 0.000000
v -2.159589 0.029407 0.000000
v -2.156875 0.035093 0.000000
v -2.153891 0.041000 0.000000
v -2.150667 0.047074 0.000000
v -2.147235 0.053259 0.000000
v -2.143625 0.059500 0.000000
v -2.139870 0.065741 0.000000
v -2.136000 0.071926 0.000000
v -2.132047 0.078000 0.000000
v -2.128042 0.083907 0.000000
v -2.124016 0.089593 0.000000
v -2.120000 0.095000 0.000000
v -2.055000 0.075000 0.000000
v -2.057499 0.071170 0.000000
v -2.059995 0.067195 0.000000
v -2.062485 0.063094 0.000000
v -2.064963 0.058889 0.000000
v -2.067428 0.054601 0.000000
v -2.069875 0.050250 0.000000
v -2.072302 0.045858 0.000000
v -2.074704 0.041445 0.000000
v -2.077079 0.037031 0.000000
v -2.079422 0.032639 0.000000
v -2.081730 0.028288 0.000000
v -2.084000 0.024000 0.000000
v -1.807000 0.024000 0.000000
v -1.807000 -0.022000 0.000000
v -1.718000 -0.062000 0.000000
v -1.718000 0.225000 0.000000
v -1.806000 0.225000 0.000000
v -1.806000 0.296000 0.000000
v -1.718000 0.296000 0.000000
v -1.718000 0.528000 0.000000
v -1.652000 0.528000 0.000000
v -1.652000 0.296000 0.000000
v -1.550000 0.296000 0.000000
v -1.550000 0.225000 0.000000
v -1.652000 0.225000 0.000000
v -1.652000 -0.091000 0.000000
v -1.640836 -0.095937 0.000000
v -1.629852 -0.100745 0.000000
v -1.619062 -0.105422 0.000000
v -1.608481 -0.109963 0.000000
v -1.598123 -0.114365 0.000000
v -1.588000 -0.118625 0.000000
v -1.578127 -0.122739 0.000000
v -1.568519 -0.126704 0.000000
v -1.559188 -0.130516 0.000000
v -1.550148 -0.134171 0.000000
v -1.541414 -0.137667 0.000000
v -0.552000 0.487000 0.000000
v -0.552000 0.418000 0.000000
v -0.674000 0.418000 0.000000
v -0.666620 0.380000 0.000000
v -0.658463 0.342583 0.000000
v -0.649500 0.305875 0.000000
v -0.639704 0.270000 0.000000
v -0.629046 0.235083 0.000000
v -0.617500 0.201250 0.000000
v -0.605037 0.168625 0.000000
v -0.591630 0.137333 0.000000
v -0.577250 0.107500 0.000000
v -0.561870 0.079250 0.000000
v -0.545463 0.052708 0.000000
v -0.528000 0.028000 0.000000
v -0.531114 0.022778 0.000000
v -0.534412 0.016722 0.000000
v -0.537828 0.010000 0.000000
v -0.541296 0.002778 0.000000
v -0.544751 -0.004778 0.000000
v -0.548125 -0.012500 0.000000
v -0.551354 -0.020222 0.000000
v -0.554370 -0.027778 0.000000
v -0.557109 -0.035000 0.000000
v -0.559505 -0.041722 0.000000
v -0.561490 -0.047778 0.000000
v -0.563000 -0.053000 0.000000
v -0.567729 -0.046708 0.000000
v -0.572417 -0.040329 0.000000
v -0.577062 -0.033859 0.000000
v -0.581667 -0.027296 0.000000
v -0.586229 -0.020636 0.000000
v -0.590750 -0.013875 0.000000
v -0.595229 -0.007010 0.000000
v -0.599667 -0.000037 0.000000
v -0.604062 0.007047 0.000000
v -0.608417 0.014245 0.000000
v -0.612729 0.021562 0.000000
v -0.617000 0.029000 0.000000
v -0.617000 -0.334000 0.000000
v -0.683000 -0.334000 0.000000
v -0.683000 -0.254000 0.000000
v -0.863000 -0.254000 0.000000
v -0.863000 0.179000 0.000000
v -0.684000 0.179000 0.000000
v -0.690416 0.197873 0.000000
v -0.696657 0.216982 0.000000
v -0.702719 0.236313 0.000000
v -0.708593 0.255852 0.000000
v -0.714272 0.275586 0.000000
v -0.719750 0.295500 0.000000
v -0.725020 0.315581 0.000000
v -0.730074 0.335815 0.000000
v -0.734906 0.356188 0.000000
v -0.739509 0.376685 0.000000
v -0.743876 0.397294 0.000000
v -0.748000 0.418000 0.000000
v -0.888000 0.418000 0.000000
v -0.888000 0.487000 0.000000
v -0.683000 0.111000 0.000000
v -0.797000 0.111000 0.000000
v -0.797000 -0.187000 0.000000
v -0.683000 -0.187000 0.000000
v -0.938000 0.385000 0.000000
v -0.938000 0.128000 0.000000
v -0.937771 0.091749 0.000000
v -0.936921 0.053741 0.000000
v -0.935203 0.014344 0.000000
v -0.932370 -0.026074 0.000000
v -0.928177 -0.067145 0.000000
v -0.922375 -0.108500 0.000000
v -0.914719 -0.149772 0.000000
v -0.904963 -0.190593 0.000000
v -0.892859 -0.230594 0.000000
v -0.878162 -0.269407 0.000000
v -0.860624 -0.306665 0.000000
v -0.840000 -0.342000 0.000000
v -0.844253 -0.343988 0.000000
v -0.848944 -0.346403 0.000000
v -0.853969 -0.349172 0.000000
v -0.859222 -0.352222 0.000000
v -0.864601 -0.355481 0.000000
v -0.870000 -0.358875 0.000000
v -0.875316 -0.362332 0.000000
v -0.880444 -0.365778 0.000000
v -0.885281 -0.369141 0.000000
v -0.889722 -0.372347 0.000000
v -0.893663 -0.375325 0.000000
v -0.897000 -0.378000 0.000000
v -0.916255 -0.345658 0.000000
v -0.933120 -0.311347 0.000000
v -0.947750 -0.275391 0.000000
v -0.960296 -0.238111 0.000000
v -0.970912 -0.199832 0.000000
v -0.979750 -0.160875 0.000000
v -0.986963 -0.121564 0.000000
v -0.992704 -0.082222 0.000000
v -0.997125 -0.043172 0.000000
v -1.000379 -0.004736 0.000000
v -1.002620 0.032762 0.000000
v -1.004000 0.069000 0.000000
v -1.013291 0.044252 0.000000
v -1.023162 0.020014 0.000000
v -1.033609 -0.003703 0.000000
v -1.044630 -0.026889 0.000000
v -1.056219 -0.049533 0.000000
v -1.068375 -0.071625 0.000000
v -1.081093 -0.093154 0.000000
v -1.094370 -0.114111 0.000000
v -1.108203 -0.134484 0.000000
v -1.122588 -0.154264 0.000000
v -1.137522 -0.173439 0.000000
v -1.153000 -0.192000 0.000000
v -1.138067 -0.205977 0.000000
v -1.122782 -0.219398 0.000000
v -1.107172 -0.232250 0.000000
v -1.091259 -0.244518 0.000000
v -1.075069 -0.256190 0.000000
v -1.058625 -0.267250 0.000000
v -1.041952 -0.277685 0.000000
v -1.025074 -0.287481 0.000000
v -1.008016 -0.296625 0.000000
v -0.990801 -0.305102 0.000000
v -0.973454 -0.312898 0.000000
v -0.956000 -0.320000 0.000000
v -0.959596 -0.323757 0.000000
v -0.963347 -0.327977 0.000000
v -0.967203 -0.332578 0.000000
v -0.971111 -0.337481 0.000000
v -0.975019 -0.342607 0.000000
v -0.978875 -0.347875 0.000000
v -0.982627 -0.353205 0.000000
v -0.986222 -0.358518 0.000000
v -0.989609 -0.363734 0.000000
v -0.992736 -0.368773 0.000000
v -0.995550 -0.373555 0.000000
v -0.998000 -0.378000 0.000000
v -1.015935 -0.369729 0.000000
v -1.033727 -0.360912 0.000000
v -1.051359 -0.351547 0.000000
v -1.068815 -0.341630 0.000000
v -1.086076 -0.331157 0.000000
v -1.103125 -0.320125 0.000000
v -1.119945 -0.308531 0.000000
v -1.136519 -0.296370 0.000000
v -1.152828 -0.283641 0.000000
v -1.168857 -0.270338 0.000000
v -1.184586 -0.256459 0.000000
v -1.200000 -0.242000 0.000000
v -1.215458 -0.256268 0.000000
v -1.231329 -0.270065 0.000000
v -1.247609 -0.283375 0.000000
v -1.264296 -0.296185 0.000000
v -1.281386 -0.308481 0.000000
v -1.298875 -0.320250 0.000000
v -1.316760 -0.331477 0.000000
v -1.335037 -0.342148 0.000000
v -1.353703 -0.352250 0.000000
v -1.372755 -0.361768 0.000000
v -1.392188 -0.370690 0.000000
v -1.412000 -0.379000 0.000000
v -1.414950 -0.374076 0.000000
v -1.418264 -0.368856 0.000000
v -1.421891 -0.363422 0.000000
v -1.425778 -0.357852 0.000000
v -1.429873 -0.352226 0.000000
v -1.434125 -0.346625 0.000000
v -1.438481 -0.341128 0.000000
v -1.442889 -0.335815 0.000000
v -1.447297 -0.330766 0.000000
v -1.451653 -0.326060 0.000000
v -1.455905 -0.321778 0.000000
v -1.460000 -0.318000 0.000000
v -1.440169 -0.310670 0.000000
v -1.420685 -0.302690 0.000000
v -1.401563 -0.294078 0.000000
v -1.382815 -0.284852 0.000000
v -1.364456 -0.275028 0.000000
v -1.346500 -0.264625 0.000000
v -1.328961 -0.253659 0.000000
v -1.311852 -0.242148 0.000000
v -1.295187 -0.230109 0.000000
v -1.278981 -0.217560 0.000000
v -1.263248 -0.204518 0.000000
v -1.248000 -0.191000 0.000000
v -1.265911 -0.169251 0.000000
v -1.283125 -0.146505 0.000000
v -1.299609 -0.122766 0.000000
v -1.315333 -0.098037 0.000000
v -1.330266 -0.072322 0.000000
v -1.344375 -0.045625 0.000000
v -1.357630 -0.017948 0.000000
v -1.370000 0.010704 0.000000
v -1.381453 0.040328 0.000000
v -1.391958 0.070921 0.000000
v -1.401484 0.102480 0.000000
v -1.410000 0.135000 0.000000
v -1.366000 0.152000 0.000000
v -1.354000 0.149000 0.000000
v -1.212000 0.149000 0.000000
v -1.212000 0.318000 0.000000
v -1.362000 0.318000 0.000000
v -1.359210 0.306489 0.000000
v -1.356347 0.294991 0.000000
v -1.353422 0.283563 0.000000
v -1.350445 0.272259 0.000000
v -1.347426 0.261137 0.000000
v -1.344375 0.250250 0.000000
v -1.341304 0.239655 0.000000
v -1.338223 0.229408 0.000000
v -1.335141 0.219563 0.000000
v -1.332070 0.210176 0.000000
v -1.329019 0.201303 0.000000
v -1.326000 0.193000 0.000000
v -1.385000 0.178000 0.000000
v -1.390057 0.191082 0.000000
v -1.395208 0.205236 0.000000
v -1.400422 0.220328 0.000000
v -1.405667 0.236222 0.000000
v -1.410911 0.252783 0.000000
v -1.416125 0.269875 0.000000
v -1.421276 0.287363 0.000000
v -1.426333 0.305111 0.000000
v -1.431266 0.322984 0.000000
v -1.436042 0.340847 0.000000
v -1.440630 0.358564 0.000000
v -1.445000 0.376000 0.000000
v -1.397000 0.388000 0.000000
v -1.385000 0.385000 0.000000
v -1.212000 0.385000 0.000000
v -1.212000 0.540000 0.000000
v -1.145000 0.540000 0.000000
v -1.145000 0.385000 0.000000
v -1.145000 0.318000 0.000000
v -1.145000 0.149000 0.000000
v -1.005000 0.149000 0.000000
v -1.005000 0.318000 0.000000
v -1.326000 0.083000 0.000000
v -1.318460 0.061710 0.000000
v -1.310347 0.040847 0.000000
v -1.301672 0.020422 0.000000
v -1.292445 0.000445 0.000000
v -1.282676 -0.019075 0.000000
v -1.272375 -0.038125 0.000000
v -1.261554 -0.056696 0.000000
v -1.250222 -0.074778 0.000000
v -1.238391 -0.092359 0.000000
v -1.226070 -0.109430 0.000000
v -1.213269 -0.125981 0.000000
v -1.200000 -0.142000 0.000000
v -1.186001 -0.125752 0.000000
v -1.172509 -0.109014 0.000000
v -1.159531 -0.091797 0.000000
v -1.147074 -0.074111 0.000000
v -1.135145 -0.055967 0.000000
v -1.123750 -0.037375 0.000000
v -1.112897 -0.018345 0.000000
v -1.102593 0.001111 0.000000
v -1.092844 0.020984 0.000000
v -1.083658 0.041264 0.000000
v -1.075041 0.061939 0.000000
v -1.067000 0.083000 0.000000
v -0.382000 0.141000 0.000000
v -0.349000 0.216000 0.000000
v -0.342078 0.212330 0.000000
v -0.335287 0.208806 0.000000
v -0.328594 0.205406 0.000000
v -0.321963 0.202111 0.000000
v -0.315360 0.198899 0.000000
v -0.308750 0.195750 0.000000
v -0.302098 0.192642 0.000000
v -0.295370 0.189556 0.000000
v -0.288531 0.186469 0.000000
v -0.281546 0.183361 0.000000
v -0.274381 0.180212 0.000000
v -0.267000 0.177000 0.000000
v -0.253813 0.170995 0.000000
v -0.240255 0.164958 0.000000
v -0.226328 0.158859 0.000000
v -0.212037 0.152667 0.000000
v -0.197385 0.146349 0.000000
v -0.182375 0.139875 0.000000
v -0.167011 0.133214 0.000000
v -0.151296 0.126333 0.000000
v -0.135234 0.119203 0.000000
v -0.118829 0.111792 0.000000
v -0.102083 0.104068 0.000000
v -0.085000 0.096000 0.000000
v -0.080473 0.109955 0.000000
v -0.074454 0.122806 0.000000
v -0.067031 0.134531 -0.000000
v -0.058296 0.145111 -0.000000
v -0.048339 0.154524 -0.000000
v -0.037250 0.162750 -0.000000
v -0.025119 0.169767 -0.000000
v -0.012037 0.175556 -0.000000
v 0.001906 0.180094 -0.000000
v 0.016620 0.183361 -0.000000
v 0.032015 0.185337 -0.000000
v 0.048000 0.186000 -0.000000
v 0.059042 0.185730 -0.000000
v 0.070588 0.184926 -0.000000
v 0.082516 0.183594 -0.000000
v 0.094704 0.181741 -0.000000
v 0.107031 0.179374 -0.000000
v 0.119375 0.176500 -0.000000
v 0.131615 0.173126 -0.000000
v 0.143630 0.169259 -0.000000
v 0.155297 0.164906 -0.000000
v 0.166495 0.160074 -0.000000
v 0.177104 0.154770 -0.000000
v 0.187000 0.149000 -0.000000
v 0.178526 0.160491 -0.000000
v 0.170125 0.172426 -0.000000
v 0.161828 0.184750 -0.000000
v 0.153667 0.197407 -0.000000
v 0.145672 0.210343 -0.000000
v 0.137875 0.223500 -0.000000
v 0.130307 0.236824 -0.000000
v 0.123000 0.250259 -0.000000
v 0.115984 0.263750 -0.000000
v 0.109292 0.277241 -0.000000
v 0.102953 0.290676 -0.000000
v 0.097000 0.304000 -0.000000
v 0.069461 0.305086 -0.000000
v 0.041435 0.306352 -0.000000
v 0.013062 0.307813 -0.000000
v -0.015519 0.309482 -0.000000
v -0.044169 0.311373 -0.000000
v -0.072750 0.313500 -0.000000
v -0.101123 0.315877 -0.000000
v -0.129148 0.318519 -0.000000
v -0.156688 0.321438 -0.000000
v -0.183602 0.324648 0.000000
v -0.209752 0.328164 0.000000
v -0.235000 0.332000 0.000000
v -0.236000 0.406000 0.000000
v -0.212200 0.401914 0.000000
v -0.187852 0.398148 -0.000000
v -0.163031 0.394688 -0.000000
v -0.137815 0.391519 -0.000000
v -0.112279 0.388627 -0.000000
v -0.086500 0.386000 -0.000000
v -0.060554 0.383623 -0.000000
v -0.034519 0.381482 -0.000000
v -0.008469 0.379563 -0.000000
v 0.017518 0.377852 -0.000000
v 0.043367 0.376336 -0.000000
v 0.069000 0.375000 -0.000000
v 0.065393 0.386583 -0.000000
v 0.062060 0.397829 -0.000000
v 0.058984 0.408734 -0.000000
v 0.056148 0.419296 -0.000000
v 0.053534 0.429511 -0.000000
v 0.051125 0.439375 -0.000000
v 0.048903 0.448885 -0.000000
v 0.046852 0.458037 -0.000000
v 0.044953 0.466828 -0.000000
v 0.043190 0.475255 -0.000000
v 0.041545 0.483313 -0.000000
v 0.040000 0.491000 -0.000000
v 0.122000 0.498000 -0.000000
v 0.122645 0.488589 -0.000000
v 0.123574 0.478880 -0.000000
v 0.124781 0.468906 -0.000000
v 0.126259 0.458704 -0.000000
v 0.128001 0.448307 -0.000000
v 0.130000 0.437750 -0.000000
v 0.132249 0.427068 -0.000000
v 0.134741 0.416296 -0.000000
v 0.137469 0.405469 -0.000000
v 0.140426 0.394620 -0.000000
v 0.143605 0.383786 -0.000000
v 0.147000 0.373000 -0.000000
v 0.213000 0.372000 -0.000000
v 0.224976 0.372083 -0.000000
v 0.237810 0.372329 -0.000000
v 0.251359 0.372734 -0.000000
v 0.265481 0.373296 -0.000000
v 0.280034 0.374011 -0.000000
v 0.294875 0.374875 -0.000000
v 0.309862 0.375885 -0.000000
v 0.324852 0.377037 -0.000000
v 0.339703 0.378328 -0.000000
v 0.354273 0.379755 -0.000000
v 0.368420 0.381313 -0.000000
v 0.382000 0.383000 -0.000000
v 0.382000 0.308000 -0.000000
v 0.368041 0.307042 -0.000000
v 0.353741 0.306167 -0.000000
v 0.339219 0.305375 -0.000000
v 0.324593 0.304667 -0.000000
v 0.309980 0.304042 -0.000000
v 0.295500 0.303500 -0.000000
v 0.281270 0.303042 -0.000000
v 0.267407 0.302667 -0.000000
v 0.254031 0.302375 -0.000000
v 0.241259 0.302167 -0.000000
v 0.229210 0.302042 -0.000000
v 0.218000 0.302000 -0.000000
v 0.174000 0.302000 -0.000000
v 0.184122 0.281294 -0.000000
v 0.195556 0.259681 -0.000000
v 0.208406 0.237172 -0.000000
v 0.222778 0.213778 -0.000000
v 0.238774 0.189509 -0.000000
v 0.256500 0.164375 -0.000000
v 0.276059 0.138387 -0.000000
v 0.297556 0.111556 -0.000000
v 0.321094 0.083891 -0.000000
v 0.346778 0.055403 -0.000000
v 0.374712 0.026102 -0.000000
v 0.405000 -0.004000 -0.000000
v 0.337000 -0.054000 -0.000000
v 0.328621 -0.044066 -0.000000
v 0.320468 -0.034282 -0.000000
v 0.312516 -0.024672 -0.000000
v 0.304741 -0.015259 -0.000000
v 0.297119 -0.006069 -0.000000
v 0.289625 0.002875 -0.000000
v 0.282236 0.011548 -0.000000
v 0.274926 0.019926 -0.000000
v 0.267672 0.027984 -0.000000
v 0.260449 0.035699 -0.000000
v 0.253233 0.043046 -0.000000
v 0.246000 0.050000 -0.000000
v 0.234366 0.060259 -0.000000
v 0.222009 0.069991 -0.000000
v 0.209000 0.079125 -0.000000
v 0.195407 0.087593 -0.000000
v 0.181301 0.095324 -0.000000
v 0.166750 0.102250 -0.000000
v 0.151824 0.108301 -0.000000
v 0.136593 0.113407 -0.000000
v 0.121125 0.117500 -0.000000
v 0.105491 0.120509 -0.000000
v 0.089759 0.122366 -0.000000
v 0.074000 0.123000 -0.000000
v 0.062947 0.122601 -0.000000
v 0.052329 0.121394 -0.000000
v 0.042203 0.119359 -0.000000
v 0.032630 0.116482 -0.000000
v 0.023667 0.112743 -0.000000
v 0.015375 0.108125 -0.000000
v 0.007812 0.102612 -0.000000
v 0.001037 0.096185 -0.000000
v -0.004891 0.088828 -0.000000
v -0.009912 0.080523 -0.000000
v -0.013968 0.071253 -0.000000
v -0.017000 0.061000 -0.000000
v 0.012222 0.045461 -0.000000
v 0.041106 0.029273 -0.000000
v 0.069234 0.012328 -0.000000
v 0.096185 -0.005481 -0.000000
v 0.121539 -0.024263 -0.000000
v 0.144875 -0.044125 -0.000000
v 0.165774 -0.065174 -0.000000
v 0.183815 -0.087518 -0.000000
v 0.198578 -0.111266 -0.000000
v 0.209643 -0.136523 -0.000000
v 0.216591 -0.163399 -0.000000
v 0.219000 -0.192000 -0.000000
v 0.216654 -0.220639 -0.000000
v 0.209819 -0.245694 -0.000000
v 0.198797 -0.267375 -0.000000
v 0.183889 -0.285889 -0.000000
v 0.165398 -0.301444 -0.000000
v 0.143625 -0.314250 0.000000
v 0.118873 -0.324514 0.000000
v 0.091444 -0.332444 0.000000
v 0.061641 -0.338250 0.000000
v 0.029764 -0.342139 0.000000
v -0.003884 -0.344319 0.000000
v -0.039000 -0.345000 0.000000
v -0.061216 -0.344837 0.000000
v -0.084227 -0.344361 0.000000
v -0.107828 -0.343594 0.000000
v -0.131815 -0.342556 0.000000
v -0.155982 -0.341267 0.000000
v -0.180125 -0.339750 0.000000
v -0.204039 -0.338024 0.000000
v -0.227519 -0.336111 0.000000
v -0.250359 -0.334031 0.000000
v -0.272357 -0.331805 0.000000
v -0.293305 -0.329455 0.000000
v -0.313000 -0.327000 0.000000
v -0.315000 -0.247000 0.000000
v -0.292632 -0.250623 0.000000
v -0.269639 -0.253986 0.000000
v -0.246188 -0.257078 0.000000
v -0.222445 -0.259889 0.000000
v -0.198576 -0.262408 0.000000
v -0.174750 -0.264625 0.000000
v -0.151132 -0.266530 0.000000
v -0.127889 -0.268111 0.000000
v -0.105188 -0.269359 0.000000
v -0.083195 -0.270264 0.000000
v -0.062076 -0.270814 0.000000
v -0.042000 -0.271000 0.000000
v -0.016802 -0.270719 0.000000
v 0.007171 -0.269750 0.000000
v 0.029734 -0.267906 0.000000
v 0.050704 -0.265000 0.000000
v 0.069895 -0.260844 0.000000
v 0.087125 -0.255250 0.000000
v 0.102209 -0.248031 0.000000
v 0.114963 -0.239000 0.000000
v 0.125203 -0.227969 -0.000000
v 0.132745 -0.214750 -0.000000
v 0.137406 -0.199156 -0.000000
v 0.139000 -0.181000 -0.000000
v 0.137667 -0.164766 -0.000000
v 0.133755 -0.149042 -0.000000
v 0.127391 -0.133797 -0.000000
v 0.118704 -0.119000 -0.000000
v 0.107822 -0.104620 -0.000000
v 0.094875 -0.090625 -0.000000
v 0.079990 -0.076984 -0.000000
v 0.063296 -0.063667 -0.000000
v 0.044922 -0.050641 -0.000000
v 0.024995 -0.037875 -0.000000
v 0.003645 -0.025338 0.000000
v -0.019000 -0.013000 0.000000
v -0.018979 -0.026248 0.000000
v -0.018917 -0.039903 0.000000
v -0.018813 -0.053828 0.000000
v -0.018667 -0.067889 0.000000
v -0.018479 -0.081950 0.000000
v -0.018250 -0.095875 0.000000
v -0.017979 -0.109529 0.000000
v -0.017667 -0.122778 0.000000
v -0.017313 -0.135484 0.000000
v -0.016917 -0.147514 0.000000
v -0.016479 -0.158731 0.000000
v -0.016000 -0.169000 0.000000
v -0.093000 -0.169000 0.000000
v -0.090000 0.023000 0.000000
v -0.108890 0.031854 0.000000
v -0.127537 0.040412 0.000000
v -0.145906 0.048672 0.000000
v -0.163963 0.056630 0.000000
v -0.181672 0.064282 0.000000
v -0.199000 0.071625 0.000000
v -0.215911 0.078656 0.000000
v -0.232370 0.085370 0.000000
v -0.248344 0.091766 0.000000
v -0.263796 0.097838 0.000000
v -0.278693 0.103584 0.000000
v -0.293000 0.109000 0.000000
v -0.299927 0.111807 0.000000
v -0.307162 0.114704 0.000000
v -0.314641 0.117656 0.000000
v -0.322296 0.120630 0.000000
v -0.330063 0.123589 0.000000
v -0.337875 0.126500 0.000000
v -0.345666 0.129328 0.000000
v -0.353370 0.132037 0.000000
v -0.360922 0.134594 0.000000
v -0.368255 0.136963 0.000000
v -0.375303 0.139110 0.000000
v 1.163000 -0.212000 -0.000000
v 1.163042 -0.221483 -0.000000
v 1.163171 -0.231366 -0.000000
v 1.163391 -0.241547 -0.000000
v 1.163704 -0.251926 -0.000000
v 1.164114 -0.262402 -0.000000
v 1.164625 -0.272875 -0.000000
v 1.165240 -0.283244 -0.000000
v 1.165963 -0.293407 -0.000000
v 1.166797 -0.303266 -0.000000
v 1.167745 -0.312718 -0.000000
v 1.168812 -0.321663 -0.000000
v 1.170000 -0.330000 -0.000000
v 1.073000 -0.330000 -0.000000
v 1.073958 -0.321338 -0.000000
v 1.074833 -0.311954 -0.000000
v 1.075625 -0.302000 -0.000000
v 1.076333 -0.291630 -0.000000
v 1.076958 -0.280995 -0.000000
v 1.077500 -0.270250 -0.000000
v 1.077958 -0.259546 -0.000000
v 1.078333 -0.249037 -0.000000
v 1.078625 -0.238875 -0.000000
v 1.078833 -0.229213 -0.000000
v 1.078959 -0.220204 -0.000000
v 1.079000 -0.212000 -0.000000
v 1.080000 0.118000 -0.000000
v 1.051031 0.108607 -0.000000
v 1.019917 0.098019 -0.000000
v 0.987094 0.086375 -0.000000
v 0.953000 0.073815 -0.000000
v 0.918073 0.060477 -0.000000
v 0.882750 0.046500 -0.000000
v 0.847469 0.032023 -0.000000
v 0.812667 0.017185 -0.000000
v 0.778781 0.002125 -0.000000
v 0.746250 -0.013018 -0.000000
v 0.715510 -0.028106 -0.000000
v 0.687000 -0.043000 -0.000000
v 0.653000 0.042000 -0.000000
v 0.680938 0.055616 -0.000000
v 0.711921 0.069847 -0.000000
v 0.745453 0.084516 -0.000000
v 0.781037 0.099445 -0.000000
v 0.818176 0.114457 -0.000000
v 0.856375 0.129375 -0.000000
v 0.895136 0.144023 -0.000000
v 0.933963 0.158222 -0.000000
v 0.972359 0.171797 -0.000000
v 1.009829 0.184570 -0.000000
v 1.045874 0.196363 -0.000000
v 1.080000 0.207000 -0.000000
v 1.080000 0.370000 -0.000000
v 1.079919 0.377756 -0.000000
v 1.079690 0.385968 -0.000000
v 1.079328 0.394547 -0.000000
v 1.078852 0.403407 -0.000000
v 1.078278 0.412462 -0.000000
v 1.077625 0.421625 -0.000000
v 1.076909 0.430809 -0.000000
v 1.076148 0.439926 -0.000000
v 1.075359 0.448891 -0.000000
v 1.074560 0.457616 -0.000000
v 1.073768 0.466015 -0.000000
v 1.073000 0.474000 -0.000000
v 1.171000 0.474000 -0.000000
v 1.169582 0.465976 -0.000000
v 1.168324 0.457477 -0.000000
v 1.167219 0.448609 -0.000000
v 1.166259 0.439482 -0.000000
v 1.165439 0.430201 -0.000000
v 1.164750 0.420875 -0.000000
v 1.164186 0.411612 -0.000000
v 1.163741 0.402519 -0.000000
v 1.163406 0.393703 -0.000000
v 1.163176 0.385273 -0.000000
v 1.163043 0.377336 -0.000000
v 1.163000 0.370000 -0.000000
v 1.163000 0.341972 -0.000000
v 1.163000 0.301611 -0.000000
v 1.163000 0.251500 -0.000000
v 1.163000 0.194222 -0.000000
v 1.163000 0.132361 -0.000000
v 1.163000 0.068500 -0.000000
v 1.163000 0.005222 -0.000000
v 1.163000 -0.054889 -0.000000
v 1.163000 -0.109250 -0.000000
v 1.163000 -0.155278 -0.000000
v 1.163000 -0.190389 -0.000000
v 2.017000 0.276000 -0.000000
v 2.090000 0.251000 -0.000000
v 2.084474 0.238137 -0.000000
v 2.078042 0.222426 -0.000000
v 2.070922 0.204438 -0.000000
v 2.063333 0.184741 -0.000000
v 2.055495 0.163905 -0.000000
v 2.047625 0.142500 -0.000000
v 2.039943 0.121095 -0.000000
v 2.032666 0.100259 -0.000000
v 2.026016 0.080563 -0.000000
v 2.020208 0.062574 -0.000000
v 2.015464 0.046864 -0.000000
v 2.012000 0.034000 -0.000000
v 1.938000 0.060000 -0.000000
v 1.941961 0.072729 -0.000000
v 1.947185 0.088500 -0.000000
v 1.953437 0.106688 -0.000000
v 1.960481 0.126667 -0.000000
v 1.968081 0.147813 -0.000000
v 1.976000 0.169500 -0.000000
v 1.984002 0.191104 -0.000000
v 1.991852 0.212000 -0.000000
v 1.999312 0.231563 -0.000000
v 2.006148 0.249167 -0.000000
v 2.012123 0.264188 -0.000000
v 1.655000 0.220000 -0.000000
v 1.741000 0.247000 -0.000000
v 1.745510 0.215043 -0.000000
v 1.751500 0.183264 -0.000000
v 1.758906 0.151797 -0.000000
v 1.767667 0.120778 -0.000000
v 1.777719 0.090342 -0.000000
v 1.789000 0.060625 -0.000000
v 1.801448 0.031762 -0.000000
v 1.815000 0.003889 -0.000000
v 1.829594 -0.022859 -0.000000
v 1.845167 -0.048347 -0.000000
v 1.861656 -0.072439 -0.000000
v 1.879000 -0.095000 -0.000000
v 1.900405 -0.120179 -0.000000
v 1.923491 -0.144181 -0.000000
v 1.948063 -0.166953 -0.000000
v 1.973926 -0.188444 -0.000000
v 2.000887 -0.208602 -0.000000
v 2.028750 -0.227375 -0.000000
v 2.057322 -0.244710 -0.000000
v 2.086408 -0.260556 -0.000000
v 2.115813 -0.274859 -0.000000
v 2.145343 -0.287569 -0.000000
v 2.174803 -0.298634 -0.000000
v 2.204000 -0.308000 -0.000000
v 2.138000 -0.375000 -0.000000
v 2.109815 -0.363538 -0.000000
v 2.081352 -0.350634 -0.000000
v 2.052750 -0.336266 -0.000000
v 2.024148 -0.320407 -0.000000
v 1.995685 -0.303035 -0.000000
v 1.967500 -0.284125 -0.000000
v 1.939732 -0.263652 -0.000000
v 1.912519 -0.241593 -0.000000
v 1.886000 -0.217922 -0.000000
v 1.860315 -0.192616 -0.000000
v 1.835602 -0.165650 -0.000000
v 1.812000 -0.137000 -0.000000
v 1.794597 -0.114154 -0.000000
v 1.778357 -0.090648 -0.000000
v 1.763234 -0.066531 -0.000000
v 1.749185 -0.041852 -0.000000
v 1.736164 -0.016659 -0.000000
v 1.724125 0.009000 -0.000000
v 1.713024 0.035075 -0.000000
v 1.702815 0.061519 -0.000000
v 1.693453 0.088281 -0.000000
v 1.684893 0.115315 -0.000000
v 1.677091 0.142571 -0.000000
v 1.670000 0.170000 -0.000000
v 1.668998 0.173314 -0.000000
v 1.667986 0.176759 -0.000000
v 1.666953 0.180344 -0.000000
v 1.665889 0.184074 -0.000000
v 1.664783 0.187957 -0.000000
v 1.663625 0.192000 -0.000000
v 1.662405 0.196210 -0.000000
v 1.661111 0.200593 -0.000000
v 1.659734 0.205156 -0.000000
v 1.658264 0.209907 -0.000000
v 1.656689 0.214853 -0.000000
v 2.249000 0.226000 -0.000000
v 2.323000 0.197000 -0.000000
v 2.317544 0.186214 -0.000000
v 2.310852 0.171792 -0.000000
v 2.303187 0.154391 -0.000000
v 2.294815 0.134667 -0.000000
v 2.285997 0.113276 -0.000000
v 2.277000 0.090875 -0.000000
v 2.268085 0.068120 -0.000000
v 2.259518 0.045667 -0.000000
v 2.251562 0.024172 -0.000000
v 2.244481 0.004292 -0.000000
v 2.238539 -0.013318 -0.000000
v 2.234000 -0.028000 -0.000000
v 2.158000 0.000000 -0.000000
v 2.163400 0.014549 -0.000000
v 2.169949 0.031810 -0.000000
v 2.177422 0.051203 -0.000000
v 2.185593 0.072148 -0.000000
v 2.194236 0.094065 -0.000000
v 2.203125 0.116375 -0.000000
v 2.212035 0.138497 -0.000000
v 2.220741 0.159852 -0.000000
v 2.229016 0.179859 -0.000000
v 2.236634 0.197940 -0.000000
v 2.243371 0.213513 -0.000000
v 2.740000 0.490000 -0.000000
v 2.793000 0.467000 -0.000000
v 2.786116 0.457066 -0.000000
v 2.779014 0.446361 -0.000000
v 2.771766 0.435031 -0.000000
v 2.764445 0.423222 -0.000000
v 2.757123 0.411080 -0.000000
v 2.749875 0.398750 -0.000000
v 2.742773 0.386379 -0.000000
v 2.735889 0.374111 -0.000000
v 2.729297 0.362094 -0.000000
v 2.723070 0.350472 -0.000000
v 2.717280 0.339392 -0.000000
v 2.712000 0.329000 -0.000000
v 2.658000 0.353000 -0.000000
v 2.663337 0.363411 -0.000000
v 2.669282 0.374537 -0.000000
v 2.675734 0.386219 -0.000000
v 2.682592 0.398296 -0.000000
v 2.689756 0.410610 -0.000000
v 2.697125 0.423000 -0.000000
v 2.704597 0.435307 -0.000000
v 2.712074 0.447370 -0.000000
v 2.719453 0.459031 -0.000000
v 2.726634 0.470130 -0.000000
v 2.733516 0.480506 -0.000000
v 2.630000 0.530000 -0.000000
v 2.683000 0.507000 -0.000000
v 2.675695 0.497353 -0.000000
v 2.668310 0.486991 -0.000000
v 2.660891 0.476031 -0.000000
v 2.653482 0.464593 -0.000000
v 2.646128 0.452793 -0.000000
v 2.638875 0.440750 -0.000000
v 2.631768 0.428582 -0.000000
v 2.624852 0.416408 -0.000000
v 2.618172 0.404344 -0.000000
v 2.611773 0.392509 -0.000000
v 2.605701 0.381022 -0.000000
v 2.600000 0.370000 -0.000000
v 2.546000 0.394000 -0.000000
v 2.551148 0.403742 -0.000000
v 2.557014 0.414352 -0.000000
v 2.563484 0.425656 -0.000000
v 2.570445 0.437482 -0.000000
v 2.577780 0.449654 -0.000000
v 2.585375 0.462000 -0.000000
v 2.593117 0.474346 -0.000000
v 2.600889 0.486519 -0.000000
v 2.608578 0.498344 -0.000000
v 2.616070 0.509648 -0.000000
v 2.623248 0.520258 -0.000000
v 3.102000 0.453000 -0.000000
v 3.199000 0.472000 -0.000000
v 3.199562 0.465461 -0.000000
v 3.200250 0.458852 -0.000000
v 3.201062 0.452188 -0.000000
v 3.202000 0.445482 -0.000000
v 3.203063 0.438748 -0.000000
v 3.204250 0.432000 -0.000000
v 3.205563 0.425252 -0.000000
v 3.207000 0.418519 -0.000000
v 3.208563 0.411813 -0.000000
v 3.210250 0.405148 -0.000000
v 3.212063 0.398539 -0.000000
v 3.214000 0.392000 -0.000000
v 3.216897 0.382008 -0.000000
v 3.220093 0.371560 -0.000000
v 3.223594 0.360703 -0.000000
v 3.227407 0.349482 -0.000000
v 3.231541 0.337940 -0.000000
v 3.236000 0.326125 -0.000000
v 3.240793 0.314081 -0.000000
v 3.245926 0.301852 -0.000000
v 3.251406 0.289484 -0.000000
v 3.257241 0.277023 -0.000000
v 3.263437 0.264513 -0.000000
v 3.270000 0.252000 -0.000000
v 3.279480 0.235949 -0.000000
v 3.290338 0.218505 -0.000000
v 3.302453 0.199984 -0.000000
v 3.315704 0.180704 -0.000000
v 3.329968 0.160979 -0.000000
v 3.345125 0.141125 -0.000000
v 3.361053 0.121459 -0.000000
v 3.377630 0.102296 -0.000000
v 3.394734 0.083953 -0.000000
v 3.412245 0.066745 -0.000000
v 3.430041 0.050989 -0.000000
v 3.448000 0.037000 -0.000000
v 3.369000 -0.010000 -0.000000
v 3.354314 0.002862 -0.000000
v 3.339343 0.017310 -0.000000
v 3.324219 0.033141 -0.000000
v 3.309074 0.050148 -0.000000
v 3.294041 0.068128 -0.000000
v 3.279250 0.086875 -0.000000
v 3.264835 0.106185 -0.000000
v 3.250926 0.125852 -0.000000
v 3.237656 0.145672 -0.000000
v 3.225157 0.165440 -0.000000
v 3.213562 0.184951 -0.000000
v 3.203000 0.204000 -0.000000
v 2.946000 0.204000 -0.000000
v 2.951628 0.143024 -0.000000
v 2.960773 0.086944 -0.000000
v 2.973078 0.035531 -0.000000
v 2.988185 -0.011444 -0.000000
v 3.005737 -0.054212 -0.000000
v 3.025375 -0.093000 -0.000000
v 3.046743 -0.128038 -0.000000
v 3.069482 -0.159556 -0.000000
v 3.093235 -0.187781 -0.000000
v 3.117644 -0.212944 -0.000000
v 3.142351 -0.235274 -0.000000
v 3.167000 -0.255000 -0.000000
v 3.172662 -0.259476 -0.000000
v 3.178625 -0.263893 -0.000000
v 3.184860 -0.268234 -0.000000
v 3.191334 -0.272481 -0.000000
v 3.198016 -0.276617 -0.000000
v 3.204875 -0.280625 -0.000000
v 3.211880 -0.284487 -0.000000
v 3.219000 -0.288185 -0.000000
v 3.226203 -0.291703 -0.000000
v 3.233459 -0.295023 -0.000000
v 3.240735 -0.298128 -0.000000
v 3.248000 -0.301000 -0.000000
v 3.163000 -0.359000 -0.000000
v 3.121271 -0.330277 -0.000000
v 3.082167 -0.298963 -0.000000
v 3.045812 -0.264844 -0.000000
v 3.012333 -0.227704 -0.000000
v 2.981854 -0.187327 -0.000000
v 2.954500 -0.143500 -0.000000
v 2.930396 -0.096006 -0.000000
v 2.909667 -0.044630 -0.000000
v 2.892437 0.010844 -0.000000
v 2.878833 0.070630 -0.000000
v 2.868979 0.134943 -0.000000
v 2.863000 0.204000 -0.000000
v 2.693000 0.204000 -0.000000
v 2.686930 0.203979 -0.000000
v 2.680278 0.203917 -0.000000
v 2.673125 0.203813 -0.000000
v 2.665555 0.203667 -0.000000
v 2.657653 0.203479 -0.000000
v 2.649500 0.203250 -0.000000
v 2.641181 0.202979 -0.000000
v 2.632778 0.202667 -0.000000
v 2.624375 0.202313 -0.000000
v 2.616055 0.201917 -0.000000
v 2.607903 0.201479 -0.000000
v 2.600000 0.201000 -0.000000
v 2.600000 0.287000 -0.000000
v 2.607463 0.286061 -0.000000
v 2.615292 0.285241 -0.000000
v 2.623391 0.284531 -0.000000
v 2.631667 0.283926 -0.000000
v 2.640026 0.283418 -0.000000
v 2.648375 0.283000 -0.000000
v 2.656620 0.282666 -0.000000
v 2.664667 0.282407 -0.000000
v 2.672422 0.282219 -0.000000
v 2.679792 0.282093 -0.000000
v 2.686682 0.282022 -0.000000
v 2.693000 0.282000 -0.000000
v 3.166000 0.282000 -0.000000
v 3.162082 0.290996 -0.000000
v 3.158324 0.299968 -0.000000
v 3.154719 0.308891 -0.000000
v 3.151259 0.317741 -0.000000
v 3.147939 0.326494 -0.000000
v 3.144750 0.335125 -0.000000
v 3.141686 0.343611 -0.000000
v 3.138741 0.351926 -0.000000
v 3.135906 0.360047 -0.000000
v 3.133176 0.367949 -0.000000
v 3.130543 0.375608 -0.000000
v 3.128000 0.383000 -0.000000
v 3.126190 0.388140 -0.000000
v 3.124269 0.393532 -0.000000
v 3.122250 0.399141 -0.000000
v 3.120148 0.404926 -0.000000
v 3.117977 0.410850 -0.000000
v 3.115750 0.416875 -0.000000
v 3.113482 0.422962 -0.000000
v 3.111186 0.429074 -0.000000
v 3.108875 0.435172 -0.000000
v 3.106565 0.441218 -0.000000
v 3.104269 0.447173 -0.000000
v 4.398000 0.133000 -0.000000
v 4.398000 0.035000 -0.000000
v 4.389803 0.035729 -0.000000
v 4.380759 0.036412 -0.000000
v 4.370937 0.037047 -0.000000
v 4.360407 0.037630 -0.000000
v 4.349238 0.038157 -0.000000
v 4.337500 0.038625 -0.000000
v 4.325262 0.039031 -0.000000
v 4.312593 0.039370 -0.000000
v 4.299562 0.039641 -0.000000
v 4.286241 0.039838 -0.000000
v 4.272696 0.039959 -0.000000
v 4.259000 0.040000 -0.000000
v 4.233875 0.040000 -0.000000
v 4.197500 0.040000 -0.000000
v 4.152125 0.040000 -0.000000
v 4.100000 0.040000 -0.000000
v 4.043375 0.040000 -0.000000
v 3.984500 0.040000 -0.000000
v 3.925625 0.040000 -0.000000
v 3.869000 0.040000 -0.000000
v 3.816875 0.040000 -0.000000
v 3.771500 0.040000 -0.000000
v 3.735125 0.040000 -0.000000
v 3.710000 0.040000 -0.000000
v 3.698823 0.039921 -0.000000
v 3.687838 0.039699 -0.000000
v 3.677109 0.039359 -0.000000
v 3.666703 0.038926 -0.000000
v 3.656687 0.038423 -0.000000
v 3.647125 0.037875 -0.000000
v 3.638084 0.037306 -0.000000
v 3.629629 0.036741 -0.000000
v 3.621828 0.036203 -0.000000
v 3.614745 0.035718 -0.000000
v 3.608447 0.035309 -0.000000
v 3.603000 0.035000 -0.000000
v 3.603000 0.133000 -0.000000
v 3.608792 0.132482 -0.000000
v 3.615167 0.131935 -0.000000
v 3.622125 0.131375 -0.000000
v 3.629667 0.130815 -0.000000
v 3.637792 0.130269 -0.000000
v 3.646500 0.129750 -0.000000
v 3.655792 0.129273 -0.000000
v 3.665667 0.128852 -0.000000
v 3.676125 0.128500 -0.000000
v 3.687166 0.128232 -0.000000
v 3.698792 0.128060 -0.000000
v 3.711000 0.128000 -0.000000
v 3.735914 0.128000 -0.000000
v 3.772148 0.128000 -0.000000
v 3.817437 0.128000 -0.000000
v 3.869518 0.128000 -0.000000
v 3.926127 0.128000 -0.000000
v 3.985000 0.128000 -0.000000
v 4.043872 0.128000 -0.000000
v 4.100481 0.128000 -0.000000
v 4.152562 0.128000 -0.000000
v 4.197852 0.128000 -0.000000
v 4.234086 0.128000 -0.000000
v 4.259000 0.128000 -0.000000
v 4.272926 0.128060 -0.000000
v 4.286657 0.128232 -0.000000
v 4.300125 0.128500 -0.000000
v 4.313260 0.128852 -0.000000
v 4.325991 0.129273 -0.000000
v 4.338251 0.129750 -0.000000
v 4.349968 0.130269 -0.000000
v 4.361075 0.130815 -0.000000
v 4.371501 0.131375 -0.000000
v 4.381177 0.131935 -0.000000
v 4.390033 0.132482 -0.000000
v 4.964000 0.485000 -0.000000
v 5.055000 0.514000 -0.000000
v 5.056699 0.507328 -0.000000
v 5.058759 0.500370 -0.000000
v 5.061125 0.493219 -0.000000
v 5.063741 0.485963 -0.000000
v 5.066551 0.478693 -0.000000
v 5.069500 0.471500 -0.000000
v 5.072532 0.464473 -0.000000
v 5.075593 0.457704 -0.000000
v 5.078625 0.451281 -0.000000
v 5.081574 0.445296 -0.000000
v 5.084384 0.439839 -0.000000
v 5.087000 0.435000 -0.000000
v 5.099905 0.411080 -0.000000
v 5.115153 0.385056 -0.000000
v 5.132797 0.357281 -0.000000
v 5.152889 0.328111 -0.000000
v 5.175481 0.297899 -0.000000
v 5.200625 0.267000 -0.000000
v 5.228373 0.235767 -0.000000
v 5.258778 0.204556 -0.000000
v 5.291891 0.173719 -0.000000
v 5.327764 0.143611 -0.000000
v 5.366450 0.114587 -0.000000
v 5.408000 0.087000 -0.000000
v 5.341000 0.035000 -0.000000
v 5.313480 0.054671 -0.000000
v 5.286926 0.075116 -0.000000
v 5.261343 0.096234 -0.000000
v 5.236741 0.117926 -0.000000
v 5.213124 0.140090 -0.000000
v 5.190500 0.162625 -0.000000
v 5.168876 0.185431 -0.000000
v 5.148259 0.208408 -0.000000
v 5.128656 0.231453 -0.000000
v 5.110074 0.254468 -0.000000
v 5.092520 0.277350 -0.000000
v 5.076000 0.300000 -0.000000
v 4.738000 0.300000 -0.000000
v 4.743636 0.278986 -0.000000
v 4.750505 0.257051 -0.000000
v 4.758547 0.234359 -0.000000
v 4.767704 0.211074 -0.000000
v 4.777916 0.187358 -0.000000
v 4.789125 0.163375 -0.000000
v 4.801272 0.139288 -0.000000
v 4.814297 0.115259 -0.000000
v 4.828141 0.091453 -0.000000
v 4.842746 0.068032 -0.000000
v 4.858052 0.045160 -0.000000
v 4.874000 0.023000 -0.000000
v 4.891596 0.035224 -0.000000
v 4.909351 0.047375 -0.000000
v 4.927218 0.059422 -0.000000
v 4.945148 0.071333 -0.000000
v 4.963091 0.083078 -0.000000
v 4.981000 0.094625 -0.000000
v 4.998825 0.105943 -0.000000
v 5.016519 0.117000 -0.000000
v 5.034031 0.127766 -0.000000
v 5.051315 0.138208 -0.000000
v 5.068321 0.148297 -0.000000
v 5.085000 0.158000 -0.000000
v 5.139000 0.103000 -0.000000
v 5.122759 0.092757 -0.000000
v 5.106074 0.082056 -0.000000
v 5.089000 0.070938 -0.000000
v 5.071593 0.059445 -0.000000
v 5.053908 0.047618 -0.000000
v 5.036000 0.035500 -0.000000
v 5.017926 0.023132 -0.000000
v 4.999741 0.010556 -0.000000
v 4.981500 -0.002187 -0.000000
v 4.963259 -0.015055 -0.000000
v 4.945074 -0.028007 -0.000000
v 4.927000 -0.041000 -0.000000
v 4.950294 -0.065126 -0.000000
v 4.975181 -0.088921 -0.000000
v 5.001672 -0.112266 -0.000000
v 5.029778 -0.135037 -0.000000
v 5.059508 -0.157114 -0.000000
v 5.090875 -0.178375 -0.000000
v 5.123887 -0.198698 -0.000000
v 5.158555 -0.217963 -0.000000
v 5.194890 -0.236047 -0.000000
v 5.232902 -0.252829 -0.000000
v 5.272602 -0.268187 -0.000000
v 5.314000 -0.282000 -0.000000
v 5.242000 -0.344000 -0.000000
v 5.200701 -0.327659 -0.000000
v 5.161278 -0.310185 -0.000000
v 5.123687 -0.291656 -0.000000
v 5.087889 -0.272148 -0.000000
v 5.053840 -0.251737 -0.000000
v 5.021500 -0.230500 -0.000000
v 4.990826 -0.208513 -0.000000
v 4.961778 -0.185852 -0.000000
v 4.934312 -0.162594 -0.000000
v 4.908389 -0.138815 -0.000000
v 4.883965 -0.114591 -0.000000
v 4.861000 -0.090000 -0.000000
v 4.850815 -0.098207 -0.000000
v 4.840773 -0.106324 -0.000000
v 4.830891 -0.114344 -0.000000
v 4.821185 -0.122259 -0.000000
v 4.811674 -0.130064 -0.000000
v 4.802375 -0.137750 -0.000000
v 4.793305 -0.145311 -0.000000
v 4.784482 -0.152741 -0.000000
v 4.775922 -0.160031 -0.000000
v 4.767643 -0.167176 -0.000000
v 4.759664 -0.174168 -0.000000
v 4.752000 -0.181000 -0.000000
v 4.693000 -0.112000 -0.000000
v 4.701163 -0.105399 -0.000000
v 4.709639 -0.098606 -0.000000
v 4.718406 -0.091641 -0.000000
v 4.727444 -0.084518 -0.000000
v 4.736732 -0.077257 -0.000000
v 4.746250 -0.069875 -0.000000
v 4.755975 -0.062388 -0.000000
v 4.765889 -0.054815 -0.000000
v 4.775969 -0.047172 -0.000000
v 4.786194 -0.039477 -0.000000
v 4.796545 -0.031747 -0.000000
v 4.807000 -0.024000 -0.000000
v 4.788462 0.001789 -0.000000
v 4.770861 0.028065 -0.000000
v 4.754219 0.054688 -0.000000
v 4.738555 0.081519 -0.000000
v 4.723892 0.108419 -0.000000
v 4.710250 0.135250 -0.000000
v 4.697649 0.161873 -0.000000
v 4.686111 0.188148 -0.000000
v 4.675656 0.213938 -0.000000
v 4.666306 0.239102 -0.000000
v 4.658080 0.263502 -0.000000
v 4.651000 0.287000 -0.000000
v 4.649439 0.291156 -0.000000
v 4.647764 0.295583 -0.000000
v 4.645985 0.300219 -0.000000
v 4.644111 0.305000 -0.000000
v 4.642155 0.309865 -0.000000
v 4.640125 0.314750 -0.000000
v 4.638033 0.319594 -0.000000
v 4.635889 0.324333 -0.000000
v 4.633703 0.328906 -0.000000
v 4.631486 0.333250 -0.000000
v 4.629249 0.337302 -0.000000
v 4.627000 0.341000 -0.000000
v 4.693000 0.381000 -0.000000
v 4.697354 0.379333 -0.000000
v 4.701916 0.377829 -0.000000
v 4.706687 0.376484 -0.000000
v 4.711666 0.375296 -0.000000
v 4.716854 0.374261 -0.000000
v 4.722250 0.373375 -0.000000
v 4.727854 0.372635 -0.000000
v 4.733666 0.372037 -0.000000
v 4.739687 0.371578 -0.000000
v 4.745916 0.371255 -0.000000
v 4.752354 0.371063 -0.000000
v 4.759000 0.371000 -0.000000
v 5.030000 0.371000 -0.000000
v 5.009000 0.407000 -0.000000
v 5.006339 0.411820 -0.000000
v 5.003375 0.417222 -0.000000
v 5.000141 0.423125 -0.000000
v 4.996667 0.429444 -0.000000
v 4.992985 0.436097 -0.000000
v 4.989125 0.443000 -0.000000
v 4.985120 0.450069 -0.000000
v 4.981000 0.457222 -0.000000
v 4.976797 0.464375 -0.000000
v 4.972541 0.471444 -0.000000
v 4.968265 0.478347 -0.000000
v 6.024000 0.342000 -0.000001
v 6.026935 0.318946 -0.000001
v 6.030231 0.295819 -0.000001
v 6.033875 0.272672 -0.000001
v 6.037852 0.249556 -0.000001
v 6.042148 0.226523 -0.000001
v 6.046750 0.203625 -0.000001
v 6.051643 0.180915 -0.000001
v 6.056815 0.158444 -0.000001
v 6.062250 0.136266 -0.000001
v 6.067935 0.114431 -0.000001
v 6.073856 0.092991 -0.000001
v 6.080000 0.072000 -0.000001
v 6.092787 0.031855 -0.000001
v 6.105629 -0.004162 -0.000001
v 6.118500 -0.036172 -0.000001
v 6.131370 -0.064296 -0.000001
v 6.144213 -0.088657 -0.000001
v 6.157000 -0.109375 -0.000001
v 6.169703 -0.126572 -0.000001
v 6.182296 -0.140370 -0.000001
v 6.194750 -0.150891 -0.000001
v 6.207037 -0.158255 -0.000001
v 6.219130 -0.162584 -0.000001
v 6.231000 -0.164000 -0.000001
v 6.242480 -0.162825 -0.000001
v 6.254255 -0.159268 -0.000001
v 6.266078 -0.153281 -0.000001
v 6.277704 -0.144815 -0.000001
v 6.288886 -0.133821 -0.000001
v 6.299376 -0.120250 -0.000001
v 6.308928 -0.104054 -0.000001
v 6.317297 -0.085185 -0.000001
v 6.324234 -0.063594 -0.000001
v 6.329495 -0.039231 -0.000001
v 6.332833 -0.012050 -0.000001
v 6.334000 0.018000 -0.000001
v 6.331567 0.052486 -0.000001
v 6.324370 0.087556 -0.000001
v 6.312562 0.122625 -0.000001
v 6.296296 0.157111 -0.000001
v 6.275724 0.190431 -0.000001
v 6.251000 0.222000 -0.000001
v 6.222275 0.251236 -0.000001
v 6.189703 0.277556 -0.000001
v 6.153437 0.300375 -0.000001
v 6.113629 0.319111 -0.000001
v 6.070433 0.333181 -0.000001
v 5.941000 0.344000 -0.000001
v 5.900035 0.338007 -0.000001
v 5.862195 0.327722 -0.000001
v 5.827562 0.313438 -0.000001
v 5.796222 0.295445 -0.000001
v 5.768257 0.274035 -0.000001
v 5.743750 0.249500 -0.000001
v 5.722785 0.222132 -0.000001
v 5.705445 0.192222 -0.000001
v 5.691813 0.160063 -0.000001
v 5.681973 0.125945 -0.000001
v 5.676007 0.090160 -0.000001
v 5.674000 0.053000 -0.000000
v 5.676553 0.011368 -0.000000
v 5.683926 -0.027055 -0.000000
v 5.695688 -0.062312 -0.000000
v 5.711408 -0.094444 -0.000000
v 5.730655 -0.123493 -0.000000
v 5.753000 -0.149500 -0.000000
v 5.778012 -0.172507 -0.000000
v 5.805260 -0.192556 -0.000000
v 5.834313 -0.209687 -0.000001
v 5.864741 -0.223944 -0.000001
v 5.896114 -0.235368 -0.000001
v 5.928000 -0.244000 -0.000001
v 5.933913 -0.245249 -0.000001
v 5.940135 -0.246491 -0.000001
v 5.946641 -0.247719 -0.000001
v 5.953408 -0.248926 -0.000001
v 5.960411 -0.250105 -0.000001
v 5.967625 -0.251250 -0.000001
v 5.975027 -0.252353 -0.000001
v 5.982593 -0.253407 -0.000001
v 5.990297 -0.254406 -0.000001
v 5.998116 -0.255343 -0.000001
v 6.006025 -0.256209 -0.000001
v 6.014000 -0.257000 -0.000001
v 5.967000 -0.331000 -0.000001
v 5.909835 -0.321002 -0.000001
v 5.856930 -0.306597 -0.000000
v 5.808422 -0.287922 -0.000000
v 5.764444 -0.265111 -0.000000
v 5.725133 -0.238300 -0.000000
v 5.690625 -0.207625 -0.000000
v 5.661054 -0.173220 -0.000000
v 5.636555 -0.135222 -0.000000
v 5.617265 -0.093766 -0.000000
v 5.603319 -0.048986 -0.000000
v 5.594852 -0.001019 -0.000000
v 5.592000 0.050000 -0.000000
v 5.595067 0.099885 -0.000000
v 5.604120 0.147745 -0.000000
v 5.618937 0.193141 -0.000000
v 5.639297 0.235630 -0.000001
v 5.664975 0.274771 -0.000001
v 5.695750 0.310125 -0.000001
v 5.731400 0.341249 -0.000001
v 5.771704 0.367704 -0.000001
v 5.816438 0.389047 -0.000001
v 5.865380 0.404838 -0.000001
v 5.918308 0.414636 -0.000001
v 5.975000 0.418000 -0.000001
v 6.034855 0.414136 -0.000001
v 6.092093 0.402921 -0.000001
v 6.146219 0.384922 -0.000001
v 6.196741 0.360704 -0.000001
v 6.243165 0.330833 -0.000001
v 6.285000 0.295875 -0.000001
v 6.321751 0.256396 -0.000001
v 6.352926 0.212963 -0.000001
v 6.378031 0.166141 -0.000001
v 6.396574 0.116495 -0.000001
v 6.408062 0.064593 -0.000001
v 6.412000 0.011000 -0.000001
v 6.410198 -0.028915 -0.000001
v 6.404996 -0.066069 -0.000001
v 6.396704 -0.100328 -0.000001
v 6.385630 -0.131556 -0.000001
v 6.372085 -0.159616 -0.000001
v 6.356376 -0.184375 -0.000001
v 6.338813 -0.205696 -0.000001
v 6.319705 -0.223444 -0.000001
v 6.299360 -0.237484 -0.000001
v 6.278089 -0.247681 -0.000001
v 6.256200 -0.253898 -0.000001
v 6.234000 -0.256000 -0.000001
v 6.211044 -0.253815 -0.000001
v 6.188685 -0.247268 -0.000001
v 6.166938 -0.236375 -0.000001
v 6.145815 -0.221148 -0.000001
v 6.125331 -0.201602 -0.000001
v 6.105500 -0.177750 -0.000001
v 6.086335 -0.149606 -0.000001
v 6.067852 -0.117185 -0.000001
v 6.050062 -0.080500 -0.000001
v 6.032981 -0.039565 -0.000001
v 6.016623 0.005607 -0.000001
v 6.001000 0.055000 -0.000001
v 5.994186 0.078428 -0.000001
v 5.987736 0.102171 -0.000001
v 5.981641 0.126172 -0.000001
v 5.975889 0.150370 -0.000001
v 5.970471 0.174708 -0.000001
v 5.965375 0.199125 -0.000001
v 5.960592 0.223563 -0.000001
v 5.956111 0.247963 -0.000001
v 5.951922 0.272266 -0.000001
v 5.948014 0.296412 -0.000001
v 5.944377 0.320343 -0.000001
v 7.427000 0.222000 -0.000001
v 7.390000 0.134000 -0.000001
v 7.366738 0.143497 -0.000001
v 7.337070 0.155556 -0.000001
v 7.301922 0.169531 -0.000001
v 7.262222 0.184778 -0.000001
v 7.218898 0.200649 -0.000001
v 7.172875 0.216500 -0.000001
v 7.125082 0.231684 -0.000001
v 7.076445 0.245556 -0.000001
v 7.027891 0.257469 -0.000001
v 6.980348 0.266778 -0.000001
v 6.934742 0.272837 -0.000001
v 6.892000 0.275000 -0.000001
v 6.859450 0.273326 -0.000001
v 6.829348 0.268440 -0.000001
v 6.801766 0.260547 -0.000001
v 6.776778 0.249852 -0.000001
v 6.754457 0.236560 -0.000001
v 6.734875 0.220875 -0.000001
v 6.718106 0.203003 -0.000001
v 6.704223 0.183148 -0.000001
v 6.693297 0.161516 -0.000001
v 6.685403 0.138310 -0.000001
v 6.680614 0.113737 -0.000001
v 6.679000 0.088000 -0.000001
v 6.683756 0.039344 -0.000001
v 6.697546 -0.004250 -0.000001
v 6.719656 -0.042969 -0.000001
v 6.749371 -0.077000 -0.000001
v 6.785974 -0.106531 -0.000001
v 6.828750 -0.131750 -0.000001
v 6.876985 -0.152844 -0.000001
v 6.929963 -0.170000 -0.000001
v 6.986969 -0.183406 -0.000001
v 7.047287 -0.193250 -0.000001
v 7.110203 -0.199719 -0.000001
v 7.175000 -0.203000 -0.000001
v 7.139000 -0.286000 -0.000001
v 7.063536 -0.279674 -0.000001
v 6.991537 -0.269139 -0.000001
v 6.923594 -0.254312 -0.000001
v 6.860296 -0.235111 -0.000001
v 6.802235 -0.211451 -0.000001
v 6.750000 -0.183250 -0.000001
v 6.704182 -0.150424 -0.000001
v 6.665370 -0.112889 -0.000001
v 6.634156 -0.070562 -0.000001
v 6.611130 -0.023361 -0.000001
v 6.596881 0.028799 -0.000001
v 6.592000 0.086000 -0.000001
v 6.594693 0.126486 -0.000001
v 6.602546 0.163889 -0.000001
v 6.615219 0.198125 -0.000001
v 6.632370 0.229111 -0.000001
v 6.653661 0.256764 -0.000001
v 6.678750 0.281000 -0.000001
v 6.707297 0.301736 -0.000001
v 6.738963 0.318889 -0.000001
v 6.773406 0.332375 -0.000001
v 6.810287 0.342111 -0.000001
v 6.849265 0.348014 -0.000001
v 6.890000 0.350000 -0.000001
v 6.927448 0.348568 -0.000001
v 6.966421 0.344542 -0.000001
v 7.006359 0.338328 -0.000001
v 7.046703 0.330333 -0.000001
v 7.086895 0.320964 -0.000001
v 7.126375 0.310625 -0.000001
v 7.164584 0.299724 -0.000001
v 7.200963 0.288667 -0.000001
v 7.234953 0.277859 -0.000001
v 7.265995 0.267708 -0.000001
v 7.293530 0.258620 -0.000001
v 7.317000 0.251000 -0.000001
v 7.326459 0.248042 -0.000001
v 7.335843 0.245171 -0.000001
v 7.345156 0.242391 -0.000001
v 7.354407 0.239704 -0.000001
v 7.363603 0.237114 -0.000001
v 7.372750 0.234625 -0.000001
v 7.381855 0.232240 -0.000001
v 7.390926 0.229963 -0.000001
v 7.399969 0.227797 -0.000001
v 7.408991 0.225745 -0.000001
v 7.417999 0.223812 -0.000001
v 7.908000 -0.300000 -0.000001
v 7.822000 -0.300000 -0.000001
v 7.822000 -0.098000 -0.000001
v 7.709000 -0.098000 -0.000001
v 7.709000 -0.025000 -0.000001
v 7.822000 -0.025000 -0.000001
v 7.822000 0.435000 -0.000001
v 7.935000 0.435000 -0.000001
v 8.278000 -0.037000 -0.000001
v 8.278000 -0.098000 -0.000001
v 7.908000 -0.098000 -0.000001
v 7.908000 -0.025000 -0.000001
v 8.174000 -0.025000 -0.000001
v 7.987000 0.229000 -0.000001
v 7.980537 0.238354 -0.000001
v 7.974134 0.247912 -0.000001
v 7.967765 0.257672 -0.000001
v 7.961407 0.267630 -0.000001
v 7.955035 0.277782 -0.000001
v 7.948625 0.288125 -0.000001
v 7.942153 0.298656 -0.000001
v 7.935593 0.309370 -0.000001
v 7.928923 0.320266 -0.000001
v 7.922117 0.331338 -0.000001
v 7.915151 0.342584 -0.000001
v 7.908000 0.354000 -0.000001
v 7.904000 0.354000 -0.000001
v 7.904709 0.341834 -0.000001
v 7.905338 0.329838 -0.000001
v 7.905890 0.318016 -0.000001
v 7.906370 0.306370 -0.000001
v 7.906780 0.294906 -0.000001
v 7.907125 0.283625 -0.000001
v 7.907406 0.272532 -0.000001
v 7.907629 0.261630 -0.000001
v 7.907796 0.250922 -0.000001
v 7.907912 0.240412 -0.000001
v 7.907979 0.230104 -0.000001
v 7.908000 0.220000 -0.000001
v -3.580000 0.733000 0.000000
v -3.573708 0.732042 0.000000
v -3.567333 0.731167 0.000000
v -3.560875 0.730375 0.000000
v -3.554333 0.729667 0.000000
v -3.547708 0.729042 0.000000
v -3.541000 0.728500 0.000000
v -3.534208 0.728042 0.000000
v -3.527333 0.727667 0.000000
v -3.520375 0.727375 0.000000
v -3.513333 0.727167 0.000000
v -3.506208 0.727042 0.000000
v -3.499000 0.727000 0.000000
v -3.479998 0.727618 0.000000
v -3.462065 0.729445 0.000000
v -3.445312 0.732438 0.000000
v -3.429852 0.736556 0.000000
v -3.415794 0.741757 0.000000
v -3.403250 0.748000 0.000000
v -3.392331 0.755243 0.000000
v -3.383148 0.763444 0.000000
v -3.375812 0.772563 0.000000
v -3.370435 0.782556 0.000000
v -3.367127 0.793382 0.000000
v -3.366000 0.805000 0.000000
v -3.366715 0.813612 0.000000
v -3.368801 0.821894 0.000000
v -3.372172 0.829766 0.000000
v -3.376741 0.837148 0.000000
v -3.382421 0.843961 0.000000
v -3.389125 0.850125 0.000000
v -3.396767 0.855560 0.000000
v -3.405259 0.860185 0.000000
v -3.414516 0.863922 0.000000
v -3.424449 0.866690 0.000000
v -3.434973 0.868409 0.000000
v -3.446000 0.869000 0.000000
v -3.464449 0.867833 0.000000
v -3.481759 0.864412 0.000000
v -3.497875 0.858859 0.000000
v -3.512741 0.851296 0.000000
v -3.526301 0.841844 0.000000
v -3.538500 0.830625 0.000000
v -3.549282 0.817760 0.000000
v -3.558593 0.803370 0.000000
v -3.566375 0.787578 0.000000
v -3.572574 0.770505 0.000000
v -3.577134 0.752271 0.000000
v -3.238000 1.437000 0.000000
v -3.241000 1.354000 0.000000
v -3.246290 1.354729 0.000000
v -3.251653 1.355417 0.000000
v -3.257078 1.356063 0.000000
v -3.262556 1.356667 0.000000
v -3.268075 1.357229 0.000000
v -3.273625 1.357750 0.000000
v -3.279197 1.358229 0.000000
v -3.284778 1.358667 0.000000
v -3.290360 1.359063 0.000000
v -3.295931 1.359417 0.000000
v -3.301481 1.359730 0.000000
v -3.307000 1.360000 0.000000
v -3.323142 1.360868 0.000000
v -3.344389 1.361940 0.000000
v -3.369719 1.363172 0.000000
v -3.398111 1.364519 0.000000
v -3.428545 1.365935 0.000000
v -3.460000 1.367375 0.000000
v -3.491455 1.368795 0.000000
v -3.521889 1.370148 0.000000
v -3.550281 1.371391 0.000000
v -3.575611 1.372477 0.000000
v -3.596857 1.373362 0.000000
v -3.613000 1.374000 0.000000
v -3.598791 1.361569 0.000000
v -3.581995 1.347051 0.000000
v -3.563109 1.330859 0.000000
v -3.542630 1.313407 0.000000
v -3.521053 1.295108 0.000000
v -3.498875 1.276375 0.000000
v -3.476593 1.257621 0.000000
v -3.454704 1.239259 0.000000
v -3.433703 1.221703 0.000000
v -3.414088 1.205366 0.000000
v -3.396355 1.190660 0.000000
v -3.381000 1.178000 0.000000
v -3.365108 1.164598 0.000000
v -3.346699 1.149116 0.000000
v -3.326172 1.131891 0.000000
v -3.303926 1.113259 0.000000
v -3.280361 1.093559 0.000000
v -3.255875 1.073125 0.000000
v -3.230869 1.052296 0.000000
v -3.205741 1.031407 0.000000
v -3.180891 1.010797 0.000000
v -3.156718 0.990801 0.000000
v -3.133621 0.971756 0.000000
v -3.112000 0.954000 0.000000
v -3.169000 0.895000 0.000000
v -3.200025 0.926034 0.000000
v -3.229870 0.954607 0.000000
v -3.258937 0.980672 0.000000
v -3.287630 1.004185 0.000000
v -3.316350 1.025101 0.000000
v -3.345500 1.043375 0.000000
v -3.375484 1.058961 0.000000
v -3.406704 1.071815 0.000000
v -3.439563 1.081891 0.000000
v -3.474463 1.089144 0.000000
v -3.511808 1.093528 0.000000
v -3.552000 1.095000 0.000000
v -3.583716 1.093487 0.000000
v -3.613731 1.089065 0.000000
v -3.641844 1.081906 0.000000
v -3.667852 1.072185 0.000000
v -3.691554 1.060075 0.000000
v -3.712750 1.045750 0.000000
v -3.731237 1.029383 0.000000
v -3.746815 1.011148 0.000000
v -3.759281 0.991219 0.000000
v -3.768435 0.969769 0.000000
v -3.774075 0.946971 0.000000
v -3.776000 0.923000 0.000000
v -3.775068 0.903002 0.000000
v -3.772296 0.884014 0.000000
v -3.767719 0.866047 0.000000
v -3.761370 0.849111 0.000000
v -3.753286 0.833217 0.000000
v -3.743500 0.818375 0.000000
v -3.732047 0.804596 0.000000
v -3.718963 0.791889 0.000000
v -3.704281 0.780266 0.000000
v -3.688037 0.769736 0.000000
v -3.670265 0.760311 0.000000
v -3.651000 0.752000 0.000000
v -3.646852 0.775439 0.000000
v -3.640403 0.798097 0.000000
v -3.631641 0.819734 0.000000
v -3.620556 0.840111 0.000000
v -3.607137 0.858988 0.000000
v -3.591375 0.876125 0.000000
v -3.573259 0.891283 0.000000
v -3.552778 0.904222 0.000000
v -3.529922 0.914703 0.000000
v -3.504681 0.922486 0.000000
v -3.477043 0.927332 0.000000
v -3.447000 0.929000 0.000000
v -3.424433 0.927760 0.000000
v -3.403301 0.924162 0.000000
v -3.383703 0.918391 0.000000
v -3.365741 0.910630 0.000000
v -3.349514 0.901063 0.000000
v -3.335125 0.889875 0.000000
v -3.322673 0.877250 0.000000
v -3.312259 0.863370 0.000000
v -3.303984 0.848422 0.000000
v -3.297949 0.832588 0.000000
v -3.294254 0.816053 0.000000
v -3.293000 0.799000 0.000000
v -3.294712 0.778770 0.000000
v -3.299778 0.759662 0.000000
v -3.308094 0.741797 0.000000
v -3.319556 0.725296 0.000000
v -3.334059 0.710282 0.000000
v -3.351500 0.696875 0.000000
v -3.371774 0.685197 0.000000
v -3.394778 0.675370 0.000000
v -3.420407 0.667516 0.000000
v -3.448556 0.661755 0.000000
v -3.479122 0.658209 0.000000
v -3.512000 0.657000 0.000000
v -3.563303 0.659140 0.000000
v -3.611093 0.665449 0.000000
v -3.655187 0.675766 0.000000
v -3.695407 0.689926 0.000000
v -3.731571 0.707767 0.000000
v -3.763500 0.729125 0.000000
v -3.791011 0.753837 0.000000
v -3.813926 0.781741 0.000000
v -3.832062 0.812672 0.000000
v -3.845241 0.846468 0.000000
v -3.853280 0.882965 0.000000
v -3.856000 0.922000 0.000000
v -3.853562 0.954983 0.000000
v -3.846416 0.986282 0.000000
v -3.834812 1.015672 0.000000
v -3.819000 1.042926 0.000000
v -3.799229 1.067819 0.000000
v -3.775750 1.090125 0.000000
v -3.748812 1.109619 0.000000
v -3.718667 1.126074 0.000000
v -3.685562 1.139266 0.000000
v -3.649750 1.148968 0.000000
v -3.611479 1.154954 0.000000
v -3.571000 1.157000 0.000000
v -3.559690 1.156892 0.000000
v -3.548273 1.156556 0.000000
v -3.536766 1.155969 0.000000
v -3.525185 1.155111 0.000000
v -3.513549 1.153962 0.000000
v -3.501875 1.152500 0.000000
v -3.490180 1.150705 0.000000
v -3.478482 1.148556 0.000000
v -3.466797 1.146031 0.000000
v -3.455143 1.143111 0.000000
v -3.443539 1.139774 0.000000
v -3.432000 1.136000 0.000000
v -3.452625 1.153238 0.000000
v -3.475167 1.172153 0.000000
v -3.499125 1.192297 0.000000
v -3.524000 1.213222 0.000000
v -3.549292 1.234481 0.000000
v -3.574500 1.255625 0.000000
v -3.599125 1.276207 0.000000
v -3.622667 1.295778 0.000000
v -3.644625 1.313891 0.000000
v -3.664500 1.330098 0.000000
v -3.681792 1.343950 0.000000
v -3.696000 1.355000 0.000000
v -3.700539 1.358710 0.000000
v -3.705148 1.362343 0.000000
v -3.709813 1.365906 0.000000
v -3.714519 1.369408 0.000000
v -3.719252 1.372853 0.000000
v -3.724000 1.376250 0.000000
v -3.728748 1.379606 0.000000
v -3.733481 1.382926 0.000000
v -3.738188 1.386219 0.000000
v -3.742852 1.389491 0.000000
v -3.747461 1.392749 0.000000
v -3.752000 1.396000 0.000000
v -3.706000 1.454000 0.000000
v -3.703410 1.453251 0.000000
v -3.700611 1.452505 0.000000
v -3.697563 1.451766 0.000000
v -3.694222 1.451037 0.000000
v -3.690549 1.450323 0.000000
v -3.686500 1.449625 0.000000
v -3.682035 1.448949 0.000000
v -3.677111 1.448296 0.000000
v -3.671688 1.447672 0.000000
v -3.665723 1.447079 0.000000
v -3.659174 1.446520 0.000000
v -3.652000 1.446000 0.000000
v -3.635110 1.444694 0.000000
v -3.611801 1.443301 0.000000
v -3.583359 1.441859 0.000000
v -3.551074 1.440407 0.000000
v -3.516233 1.438983 0.000000
v -3.480125 1.437625 0.000000
v -3.444038 1.436371 0.000000
v -3.409259 1.435259 0.000000
v -3.377078 1.434328 0.000000
v -3.348783 1.433616 0.000000
v -3.325660 1.433160 0.000000
v -3.309000 1.433000 0.000000
v -3.303841 1.433022 0.000000
v -3.298393 1.433088 0.000000
v -3.292703 1.433203 0.000000
v -3.286815 1.433370 0.000000
v -3.280774 1.433593 0.000000
v -3.274625 1.433875 0.000000
v -3.268414 1.434219 0.000000
v -3.262185 1.434630 0.000000
v -3.255984 1.435109 0.000000
v -3.249856 1.435662 0.000000
v -3.243847 1.436291 0.000000
v -2.613000 1.141000 0.000000
v -2.602112 1.113638 0.000000
v -2.590482 1.087523 0.000000
v -2.578156 1.062609 0.000000
v -2.565185 1.038852 0.000000
v -2.551617 1.016205 0.000000
v -2.537500 0.994625 0.000000
v -2.522883 0.974065 0.000000
v -2.507815 0.954481 0.000000
v -2.492344 0.935828 0.000000
v -2.476518 0.918060 0.000000
v -2.460388 0.901133 0.000000
v -2.444000 0.885000 0.000000
v -2.441335 0.899563 0.000000
v -2.438847 0.914250 0.000000
v -2.436547 0.929062 0.000000
v -2.434445 0.944000 0.000000
v -2.432551 0.959063 0.000000
v -2.430875 0.974250 0.000000
v -2.429429 0.989563 0.000000
v -2.428222 1.005000 0.000000
v -2.427266 1.020563 0.000000
v -2.426570 1.036250 0.000000
v -2.426144 1.052063 0.000000
v -2.426000 1.068000 0.000000
v -2.427000 1.109000 0.000000
v -2.438747 1.113201 0.000000
v -2.450977 1.117273 0.000000
v -2.463672 1.121172 0.000000
v -2.476815 1.124852 0.000000
v -2.490388 1.128268 0.000000
v -2.504375 1.131375 0.000000
v -2.518758 1.134128 0.000000
v -2.533519 1.136482 0.000000
v -2.548641 1.138391 0.000000
v -2.564106 1.139810 0.000000
v -2.579899 1.140695 0.000000
v -2.596000 1.141000 0.000000
v -2.727000 1.251000 0.000000
v -2.648000 1.271000 0.000000
v -2.647669 1.266574 0.000000
v -2.647185 1.261843 0.000000
v -2.646563 1.256875 0.000000
v -2.645815 1.251741 0.000000
v -2.644956 1.246509 0.000000
v -2.644000 1.241250 0.000000
v -2.642961 1.236032 0.000000
v -2.641852 1.230926 0.000000
v -2.640687 1.226000 0.000000
v -2.639482 1.221324 0.000000
v -2.638248 1.216968 0.000000
v -2.637000 1.213000 0.000000
v -2.634000 1.203000 0.000000
v -2.597000 1.204000 0.000000
v -2.584050 1.203814 0.000000
v -2.570736 1.203259 0.000000
v -2.557109 1.202344 0.000000
v -2.543222 1.201074 0.000000
v -2.529127 1.199457 0.000000
v -2.514875 1.197500 0.000000
v -2.500519 1.195210 0.000000
v -2.486111 1.192593 0.000000
v -2.471703 1.189656 0.000000
v -2.457347 1.186407 0.000000
v -2.443095 1.182853 0.000000
v -2.429000 1.179000 0.000000
v -2.429750 1.189498 0.000000
v -2.430505 1.199986 0.000000
v -2.431266 1.210453 0.000000
v -2.432037 1.220889 0.000000
v -2.432822 1.231283 0.000000
v -2.433625 1.241625 0.000000
v -2.434449 1.251905 0.000000
v -2.435297 1.262111 0.000000
v -2.436172 1.272234 0.000000
v -2.437079 1.282264 0.000000
v -2.438021 1.292189 0.000000
v -2.439000 1.302000 0.000000
v -2.469936 1.303664 0.000000
v -2.501158 1.305648 0.000000
v -2.532531 1.307938 0.000000
v -2.563926 1.310519 0.000000
v -2.595210 1.313377 0.000000
v -2.626250 1.316500 0.000000
v -2.656915 1.319873 0.000000
v -2.687074 1.323481 0.000000
v -2.716594 1.327312 0.000000
v -2.745342 1.331352 0.000000
v -2.773188 1.335586 0.000000
v -2.800000 1.340000 0.000000
v -2.799000 1.414000 0.000000
v -2.773092 1.408227 0.000000
v -2.746403 1.402898 0.000000
v -2.718984 1.398000 0.000000
v -2.690889 1.393519 0.000000
v -2.662169 1.389440 0.000000
v -2.632875 1.385750 0.000000
v -2.603061 1.382435 0.000000
v -2.572778 1.379482 0.000000
v -2.542078 1.376875 0.000000
v -2.511014 1.374602 0.000000
v -2.479637 1.372648 0.000000
v -2.448000 1.371000 0.000000
v -2.460000 1.447000 0.000000
v -2.460771 1.450578 0.000000
v -2.461583 1.454292 0.000000
v -2.462438 1.458109 0.000000
v -2.463333 1.462000 0.000000
v -2.464271 1.465932 0.000000
v -2.465250 1.469875 0.000000
v -2.466271 1.473797 0.000000
v -2.467333 1.477667 0.000000
v -2.468437 1.481453 0.000000
v -2.469583 1.485125 0.000000
v -2.470771 1.488651 0.000000
v -2.472000 1.492000 0.000000
v -2.388000 1.494000 0.000000
v -2.388190 1.490879 0.000000
v -2.388268 1.487528 0.000000
v -2.388250 1.483969 0.000000
v -2.388148 1.480222 0.000000
v -2.387977 1.476309 0.000000
v -2.387750 1.472250 0.000000
v -2.387482 1.468066 0.000000
v -2.387185 1.463778 0.000000
v -2.386875 1.459406 0.000000
v -2.386565 1.454972 0.000000
v -2.386269 1.450497 0.000000
v -2.386000 1.446000 0.000000
v -2.378000 1.369000 0.000000
v -2.310000 1.368000 0.000000
v -2.298389 1.368141 0.000000
v -2.285278 1.368546 0.000000
v -2.271000 1.369187 0.000000
v -2.255889 1.370037 0.000000
v -2.240278 1.371067 0.000000
v -2.224500 1.372250 0.000000
v -2.208889 1.373558 0.000000
v -2.193777 1.374963 0.000000
v -2.179500 1.376437 0.000000
v -2.166389 1.377954 0.000000
v -2.154777 1.379484 0.000000
v -2.145000 1.381000 0.000000
v -2.147000 1.306000 0.000000
v -2.157979 1.305232 0.000000
v -2.170250 1.304440 0.000000
v -2.183563 1.303641 0.000000
v -2.197667 1.302852 0.000000
v -2.212313 1.302091 0.000000
v -2.227250 1.301375 0.000000
v -2.242229 1.300722 0.000000
v -2.257000 1.300148 0.000000
v -2.271312 1.299672 0.000000
v -2.284917 1.299310 0.000000
v -2.297562 1.299080 0.000000
v -2.309000 1.299000 0.000000
v -2.370000 1.300000 0.000000
v -2.368981 1.288189 0.000000
v -2.367935 1.276264 0.000000
v -2.366875 1.264234 0.000000
v -2.365815 1.252111 0.000000
v -2.364769 1.239905 0.000000
v -2.363750 1.227625 0.000000
v -2.362773 1.215283 0.000000
v -2.361852 1.202889 0.000000
v -2.361000 1.190453 0.000000
v -2.360232 1.177986 0.000000
v -2.359560 1.165498 0.000000
v -2.359000 1.153000 0.000000
v -2.325091 1.135644 0.000000
v -2.292565 1.115736 0.000000
v -2.261719 1.093516 0.000000
v -2.232852 1.069222 0.000000
v -2.206262 1.043096 0.000000
v -2.182250 1.015375 0.000000
v -2.161112 0.986300 0.000000
v -2.143148 0.956111 0.000000
v -2.128656 0.925047 0.000000
v -2.117935 0.893347 0.000000
v -2.111283 0.861252 0.000000
v -2.109000 0.829000 0.000000
v -2.110061 0.808665 0.000000
v -2.113158 0.790153 0.000000
v -2.118156 0.773453 0.000000
v -2.124926 0.758556 0.000000
v -2.133335 0.745450 0.000000
v -2.143250 0.734125 0.000000
v -2.154541 0.724571 0.000000
v -2.167074 0.716778 0.000000
v -2.180719 0.710734 0.000000
v -2.195343 0.706431 0.000000
v -2.210814 0.703856 0.000000
v -2.227000 0.703000 0.000000
v -2.240848 0.703452 0.000000
v -2.254870 0.704782 0.000000
v -2.269031 0.706953 0.000000
v -2.283296 0.709926 0.000000
v -2.297631 0.713663 0.000000
v -2.312000 0.718125 0.000000
v -2.326369 0.723275 0.000000
v -2.340704 0.729074 0.000000
v -2.354969 0.735484 0.000000
v -2.369130 0.742468 0.000000
v -2.383152 0.749986 0.000000
v -2.397000 0.758000 0.000000
v -2.413000 0.702000 0.000000
v -2.485000 0.724000 0.000000
v -2.483000 0.730292 0.000000
v -2.481000 0.736667 0.000000
v -2.479000 0.743125 0.000000
v -2.477000 0.749667 0.000000
v -2.475000 0.756292 0.000000
v -2.473000 0.763000 0.000000
v -2.470999 0.769792 0.000000
v -2.468999 0.776667 0.000000
v -2.466999 0.783625 0.000000
v -2.464999 0.790667 0.000000
v -2.462999 0.797792 0.000000
v -2.461000 0.805000 0.000000
v -2.482155 0.823808 0.000000
v -2.503074 0.844213 0.000000
v -2.523688 0.866188 0.000000
v -2.543926 0.889704 0.000000
v -2.563720 0.914734 0.000000
v -2.583000 0.941250 0.000000
v -2.601697 0.969225 0.000000
v -2.619741 0.998630 0.000000
v -2.637063 1.029438 0.000000
v -2.653593 1.061620 0.000000
v -2.669262 1.095151 0.000000
v -2.684000 1.130000 0.000000
v -2.706370 1.122415 0.000000
v -2.726959 1.113236 0.000000
v -2.745734 1.102578 0.000000
v -2.762667 1.090556 0.000000
v -2.777724 1.077283 0.000000
v -2.790875 1.062875 0.000000
v -2.802089 1.047446 0.000000
v -2.811334 1.031111 0.000000
v -2.818578 1.013985 0.000000
v -2.823792 0.996181 0.000000
v -2.826943 0.977814 0.000000
v -2.828000 0.959000 0.000000
v -2.825692 0.927292 0.000000
v -2.818866 0.897255 0.000000
v -2.807672 0.869016 0.000000
v -2.792259 0.842704 0.000000
v -2.772777 0.818447 0.000000
v -2.749375 0.796375 0.000000
v -2.722202 0.776615 0.000000
v -2.691407 0.759296 0.000000
v -2.657141 0.744547 0.000000
v -2.619551 0.732495 0.000000
v -2.578788 0.723270 0.000000
v -2.535000 0.717000 0.000000
v -2.578000 0.650000 0.000000
v -2.633170 0.661024 0.000000
v -2.682778 0.675440 0.000000
v -2.726969 0.693016 0.000000
v -2.765889 0.713519 0.000000
v -2.799684 0.736716 0.000000
v -2.828500 0.762375 0.000000
v -2.852482 0.790263 0.000000
v -2.871778 0.820148 0.000000
v -2.886531 0.851797 0.000000
v -2.896888 0.884977 0.000000
v -2.902996 0.919455 0.000000
v -2.905000 0.955000 0.000000
v -2.903472 0.982101 0.000000
v -2.898940 1.008310 0.000000
v -2.891484 1.033484 0.000000
v -2.881185 1.057481 0.000000
v -2.868122 1.080159 0.000000
v -2.852375 1.101375 0.000000
v -2.834024 1.120987 0.000000
v -2.813148 1.138852 0.000000
v -2.789829 1.154828 0.000000
v -2.764144 1.168773 0.000000
v -2.736175 1.180545 0.000000
v -2.706000 1.190000 0.000000
v -2.707000 1.194000 0.000000
v -2.708329 1.198215 0.000000
v -2.709801 1.202806 0.000000
v -2.711390 1.207687 0.000000
v -2.713074 1.212778 0.000000
v -2.714827 1.217993 0.000000
v -2.716625 1.223250 0.000000
v -2.718444 1.228465 0.000000
v -2.720259 1.233555 0.000000
v -2.722047 1.238437 0.000000
v -2.723782 1.243028 0.000000
v -2.725441 1.247243 0.000000
v -2.356000 1.078000 0.000000
v -2.356000 1.060000 0.000000
v -2.356205 1.041134 0.000000
v -2.356805 1.022074 0.000000
v -2.357781 1.002875 0.000000
v -2.359111 0.983593 0.000000
v -2.360774 0.964283 0.000000
v -2.362750 0.945000 0.000000
v -2.365017 0.925801 0.000000
v -2.367555 0.906741 0.000000
v -2.370344 0.887875 0.000000
v -2.373361 0.869259 0.000000
v -2.376587 0.850949 0.000000
v -2.380000 0.833000 0.000000
v -2.367316 0.824395 0.000000
v -2.354778 0.816574 0.000000
v -2.342406 0.809531 0.000000
v -2.330222 0.803259 0.000000
v -2.318246 0.797751 0.000000
v -2.306500 0.793000 0.000000
v -2.295003 0.788999 0.000000
v -2.283778 0.785741 0.000000
v -2.272844 0.783219 0.000000
v -2.262222 0.781426 0.000000
v -2.251934 0.780355 0.000000
v -2.242000 0.780000 0.000000
v -2.232896 0.780437 0.000000
v -2.224583 0.781745 0.000000
v -2.217062 0.783922 0.000000
v -2.210333 0.786963 0.000000
v -2.204396 0.790865 0.000000
v -2.199250 0.795625 0.000000
v -2.194896 0.801239 0.000000
v -2.191333 0.807704 0.000000
v -2.188562 0.815016 0.000000
v -2.186583 0.823171 0.000000
v -2.185396 0.832167 0.000000
v -2.185000 0.842000 0.000000
v -2.186512 0.862819 0.000000
v -2.190930 0.884134 0.000000
v -2.198078 0.905734 0.000000
v -2.207778 0.927407 0.000000
v -2.219852 0.948942 0.000000
v -2.234125 0.970125 0.000000
v -2.250418 0.990746 0.000000
v -2.268556 1.010593 0.000000
v -2.288359 1.029453 0.000000
v -2.309653 1.047116 0.000000
v -2.332259 1.063369 0.000000
v -1.265000 1.452000 0.000000
v -1.176000 1.460000 0.000000
v -1.175939 1.454421 0.000000
v -1.175759 1.448699 0.000000
v -1.175469 1.442859 0.000000
v -1.175074 1.436926 0.000000
v -1.174582 1.430923 0.000000
v -1.174000 1.424875 0.000000
v -1.173334 1.418806 0.000000
v -1.172593 1.412741 0.000000
v -1.171781 1.406703 0.000000
v -1.170907 1.400718 0.000000
v -1.169978 1.394809 0.000000
v -1.169000 1.389000 0.000000
v -1.165594 1.366482 0.000000
v -1.161500 1.340685 0.000000
v -1.156906 1.312000 0.000000
v -1.152000 1.280815 0.000000
v -1.146969 1.247519 0.000000
v -1.142000 1.212500 0.000000
v -1.137281 1.176148 0.000000
v -1.133000 1.138852 0.000000
v -1.129344 1.101000 0.000000
v -1.126500 1.062982 0.000000
v -1.124656 1.025185 0.000000
v -1.124000 0.988000 0.000000
v -1.124346 0.954681 0.000000
v -1.125352 0.922278 0.000000
v -1.126969 0.890875 0.000000
v -1.129148 0.860556 0.000000
v -1.131841 0.831403 0.000000
v -1.135000 0.803500 0.000000
v -1.138575 0.776931 0.000000
v -1.142519 0.751778 0.000000
v -1.146781 0.728125 0.000000
v -1.151315 0.706056 0.000000
v -1.156070 0.685653 0.000000
v -1.161000 0.667000 0.000000
v -1.233000 0.672000 0.000000
v -1.232750 0.674579 0.000000
v -1.232500 0.677301 0.000000
v -1.232250 0.680141 0.000000
v -1.232000 0.683074 0.000000
v -1.231750 0.686077 0.000000
v -1.231500 0.689125 0.000000
v -1.231250 0.692194 0.000000
v -1.231000 0.695259 0.000000
v -1.230750 0.698297 0.000000
v -1.230500 0.701283 0.000000
v -1.230250 0.704192 0.000000
v -1.230000 0.707000 0.000000
v -1.229831 0.709910 0.000000
v -1.229815 0.713111 0.000000
v -1.229937 0.716563 0.000000
v -1.230185 0.720222 0.000000
v -1.230544 0.724049 0.000000
v -1.231000 0.728000 0.000000
v -1.231539 0.732035 0.000000
v -1.232148 0.736111 0.000000
v -1.232812 0.740187 0.000000
v -1.233518 0.744222 0.000000
v -1.234252 0.748174 0.000000
v -1.235000 0.752000 0.000000
v -1.237791 0.764925 0.000000
v -1.241579 0.779982 0.000000
v -1.246234 0.796844 0.000000
v -1.251630 0.815185 0.000000
v -1.257636 0.834679 0.000000
v -1.264125 0.855000 0.000000
v -1.270968 0.875821 0.000000
v -1.278037 0.896815 0.000000
v -1.285203 0.917656 0.000000
v -1.292338 0.938019 0.000000
v -1.299313 0.957575 0.000000
v -1.306000 0.976000 0.000000
v -1.264000 1.008000 0.000000
v -1.259612 0.997374 0.000000
v -1.254981 0.986074 0.000000
v -1.250156 0.974219 0.000000
v -1.245185 0.961926 0.000000
v -1.240117 0.949314 0.000000
v -1.235000 0.936500 0.000000
v -1.229883 0.923603 0.000000
v -1.224815 0.910741 0.000000
v -1.219844 0.898031 0.000000
v -1.215018 0.885593 0.000000
v -1.210388 0.873543 0.000000
v -1.206000 0.862000 0.000000
v -1.204563 0.874112 0.000000
v -1.203250 0.885982 0.000000
v -1.202063 0.897656 0.000000
v -1.201000 0.909185 0.000000
v -1.200063 0.920617 0.000000
v -1.199250 0.932000 0.000000
v -1.198563 0.943383 0.000000
v -1.198000 0.954815 0.000000
v -1.197563 0.966344 0.000000
v -1.197250 0.978018 0.000000
v -1.197063 0.989888 0.000000
v -1.197000 1.002000 0.000000
v -1.197621 1.031307 0.000000
v -1.199384 1.062871 0.000000
v -1.202141 1.096156 0.000000
v -1.205741 1.130630 0.000000
v -1.210035 1.165756 0.000000
v -1.214875 1.201000 0.000000
v -1.220111 1.235828 0.000000
v -1.225593 1.269704 0.000000
v -1.231172 1.302094 0.000000
v -1.236699 1.332463 0.000000
v -1.242025 1.360277 0.000000
v -1.247000 1.385000 0.000000
v -1.248099 1.389775 0.000000
v -1.249375 1.395033 0.000000
v -1.250797 1.400672 0.000000
v -1.252333 1.406593 0.000000
v -1.253953 1.412694 0.000000
v -1.255625 1.418875 0.000000
v -1.257318 1.425035 0.000000
v -1.259000 1.431074 0.000000
v -1.260641 1.436891 0.000000
v -1.262208 1.442384 0.000000
v -1.263672 1.447454 0.000000
v -1.456000 1.375000 0.000000
v -1.456000 1.295000 0.000000
v -1.485151 1.292250 0.000000
v -1.517208 1.290000 0.000000
v -1.551578 1.288250 0.000000
v -1.587667 1.287000 0.000000
v -1.624880 1.286250 0.000000
v -1.662625 1.286000 0.000000
v -1.700307 1.286250 0.000000
v -1.737333 1.287000 0.000000
v -1.773109 1.288250 0.000000
v -1.807042 1.290000 0.000000
v -1.838537 1.292250 0.000000
v -1.867000 1.295000 0.000000
v -1.867000 1.376000 0.000000
v -1.839988 1.372486 0.000000
v -1.809403 1.369468 0.000000
v -1.775922 1.366984 0.000000
v -1.740222 1.365074 0.000000
v -1.702981 1.363775 0.000000
v -1.664875 1.363125 0.000000
v -1.626582 1.363163 0.000000
v -1.588778 1.363926 0.000000
v -1.552141 1.365453 0.000000
v -1.517347 1.367782 0.000000
v -1.485075 1.370952 0.000000
v -1.495000 0.968000 0.000000
v -1.423000 0.975000 0.000000
v -1.420355 0.963034 0.000000
v -1.417921 0.951607 0.000000
v -1.415703 0.940672 0.000000
v -1.413704 0.930185 0.000000
v -1.411927 0.920101 0.000000
v -1.410375 0.910375 0.000000
v -1.409053 0.900961 0.000000
v -1.407963 0.891815 0.000000
v -1.407109 0.882891 0.000000
v -1.406495 0.874144 0.000000
v -1.406124 0.865528 0.000000
v -1.406000 0.857000 0.000000
v -1.407573 0.834302 0.000000
v -1.412333 0.813250 0.000000
v -1.420344 0.793906 0.000000
v -1.431667 0.776333 0.000000
v -1.446365 0.760594 0.000000
v -1.464500 0.746750 0.000000
v -1.486135 0.734865 0.000000
v -1.511333 0.725000 0.000000
v -1.540156 0.717219 0.000000
v -1.572667 0.711583 0.000000
v -1.608927 0.708156 0.000000
v -1.649000 0.707000 0.000000
v -1.674353 0.707184 0.000000
v -1.698907 0.707722 0.000000
v -1.722656 0.708594 0.000000
v -1.745593 0.709778 0.000000
v -1.767710 0.711254 0.000000
v -1.789000 0.713000 0.000000
v -1.809457 0.714997 0.000000
v -1.829074 0.717222 0.000000
v -1.847844 0.719656 0.000000
v -1.865759 0.722278 0.000000
v -1.882814 0.725066 0.000000
v -1.899000 0.728000 0.000000
v -1.897000 0.812000 0.000000
v -1.876824 0.807707 0.000000
v -1.856755 0.803824 0.000000
v -1.836734 0.800344 0.000000
v -1.816704 0.797259 0.000000
v -1.796604 0.794564 0.000000
v -1.776375 0.792250 0.000000
v -1.755959 0.790311 0.000000
v -1.735296 0.788741 0.000000
v -1.714328 0.787531 0.000000
v -1.692995 0.786676 0.000000
v -1.671239 0.786168 0.000000
v -1.649000 0.786000 0.000000
v -1.617105 0.786892 0.000000
v -1.589259 0.789472 0.000000
v -1.565219 0.793594 0.000000
v -1.544741 0.799111 0.000000
v -1.527582 0.805879 0.000000
v -1.513500 0.813750 0.000000
v -1.502251 0.822580 0.000000
v -1.493593 0.832222 0.000000
v -1.487281 0.842531 0.000000
v -1.483074 0.853361 0.000000
v -1.480728 0.864566 0.000000
v -1.480000 0.876000 0.000000
v -1.480104 0.882775 0.000000
v -1.480417 0.889620 0.000000
v -1.480937 0.896563 0.000000
v -1.481667 0.903630 0.000000
v -1.482604 0.910850 0.000000
v -1.483750 0.918250 0.000000
v -1.485104 0.925859 0.000000
v -1.486667 0.933704 0.000000
v -1.488438 0.941813 0.000000
v -1.490417 0.950213 0.000000
v -1.492604 0.958933 0.000000
v -0.547000 1.442000 -0.000000
v -0.459000 1.478000 -0.000000
v -0.455980 1.470832 -0.000000
v -0.452926 1.463824 -0.000000
v -0.449844 1.456969 -0.000000
v -0.446741 1.450259 -0.000000
v -0.443624 1.443689 -0.000000
v -0.440500 1.437250 -0.000000
v -0.437376 1.430936 -0.000000
v -0.434259 1.424741 -0.000000
v -0.431156 1.418656 -0.000000
v -0.428074 1.412676 -0.000000
v -0.425020 1.406793 -0.000000
v -0.422000 1.401000 -0.000000
v -0.405243 1.370531 -0.000000
v -0.382690 1.328829 -0.000000
v -0.355422 1.277703 -0.000000
v -0.324519 1.218963 -0.000000
v -0.291060 1.154417 -0.000000
v -0.256125 1.085875 -0.000000
v -0.220795 1.015145 -0.000000
v -0.186148 0.944037 -0.000000
v -0.153266 0.874360 -0.000000
v -0.123227 0.807921 -0.000000
v -0.097112 0.746532 -0.000000
v -0.076000 0.692000 -0.000000
v -0.162000 0.662000 -0.000000
v -0.165850 0.675844 -0.000000
v -0.170801 0.692083 -0.000000
v -0.176703 0.710281 -0.000000
v -0.183407 0.730000 -0.000000
v -0.190764 0.750802 -0.000000
v -0.198625 0.772250 -0.000000
v -0.206840 0.793906 -0.000000
v -0.215259 0.815333 -0.000000
v -0.223734 0.836094 -0.000000
v -0.232116 0.855750 -0.000000
v -0.240254 0.873865 -0.000000
v -0.248000 0.890000 -0.000000
v -0.258483 0.909534 -0.000000
v -0.270361 0.928935 -0.000000
v -0.283531 0.947906 -0.000000
v -0.297889 0.966148 -0.000000
v -0.313330 0.983362 -0.000000
v -0.329750 0.999250 -0.000000
v -0.347045 1.013513 -0.000000
v -0.365111 1.025852 -0.000000
v -0.383844 1.035969 -0.000000
v -0.403139 1.043565 -0.000000
v -0.422892 1.048342 -0.000000
v -0.443000 1.050000 -0.000000
v -0.453832 1.049463 -0.000000
v -0.463824 1.047870 -0.000000
v -0.472969 1.045250 -0.000000
v -0.481259 1.041630 -0.000000
v -0.488689 1.037037 -0.000000
v -0.495250 1.031500 -0.000000
v -0.500936 1.025046 -0.000000
v -0.505741 1.017704 -0.000000
v -0.509656 1.009500 0.000000
v -0.512676 1.000463 0.000000
v -0.514793 0.990620 0.000000
v -0.516000 0.980000 0.000000
v -0.516652 0.965815 0.000000
v -0.517130 0.950857 0.000000
v -0.517469 0.935266 0.000000
v -0.517704 0.919185 0.000000
v -0.517869 0.902758 0.000000
v -0.518000 0.886125 0.000000
v -0.518131 0.869430 0.000000
v -0.518296 0.852815 0.000000
v -0.518531 0.836422 0.000000
v -0.518870 0.820394 0.000000
v -0.519349 0.804872 0.000000
v -0.520000 0.790000 0.000000
v -0.521650 0.775107 0.000000
v -0.524699 0.760107 0.000000
v -0.529297 0.745266 0.000000
v -0.535593 0.730852 0.000000
v -0.543736 0.717133 0.000000
v -0.553875 0.704375 0.000000
v -0.566160 0.692847 0.000000
v -0.580741 0.682815 0.000000
v -0.597766 0.674547 0.000000
v -0.617384 0.668310 0.000000
v -0.639746 0.664372 0.000000
v -0.665000 0.663000 0.000000
v -0.699997 0.665297 0.000000
v -0.732556 0.672042 0.000000
v -0.762781 0.683016 0.000000
v -0.790778 0.698000 0.000000
v -0.816649 0.716776 0.000000
v -0.840500 0.739125 0.000000
v -0.862434 0.764828 0.000000
v -0.882556 0.793667 0.000000
v -0.900969 0.825422 0.000000
v -0.917778 0.859875 0.000000
v -0.933087 0.896807 0.000000
v -0.947000 0.936000 0.000000
v -0.881000 0.990000 0.000000
v -0.873664 0.962932 0.000000
v -0.864644 0.935120 0.000000
v -0.853922 0.907156 0.000000
v -0.841482 0.879630 0.000000
v -0.827305 0.853131 0.000000
v -0.811375 0.828250 0.000000
v -0.793674 0.805578 0.000000
v -0.774185 0.785704 0.000000
v -0.752891 0.769219 0.000000
v -0.729773 0.756713 0.000000
v -0.704815 0.748777 0.000000
v -0.678000 0.746000 0.000000
v -0.667221 0.746442 0.000000
v -0.656931 0.747787 0.000000
v -0.647203 0.750063 0.000000
v -0.638111 0.753296 0.000000
v -0.629727 0.757516 0.000000
v -0.622125 0.762750 0.000000
v -0.615377 0.769026 0.000000
v -0.609556 0.776370 0.000000
v -0.604734 0.784813 0.000000
v -0.600986 0.794380 0.000000
v -0.598384 0.805100 0.000000
v -0.597000 0.817000 0.000000
v -0.596329 0.829807 0.000000
v -0.595801 0.843620 0.000000
v -0.595391 0.858281 0.000000
v -0.595074 0.873630 0.000000
v -0.594827 0.889506 0.000000
v -0.594625 0.905750 0.000000
v -0.594444 0.922203 0.000000
v -0.594259 0.938704 0.000000
v -0.594047 0.955094 0.000000
v -0.593782 0.971213 0.000000
v -0.593442 0.986902 0.000000
v -0.593000 1.002000 0.000000
v -0.591328 1.020976 0.000000
v -0.587875 1.038393 0.000000
v -0.582734 1.054234 0.000000
v -0.576000 1.068481 0.000000
v -0.567766 1.081117 0.000000
v -0.558125 1.092125 0.000000
v -0.547172 1.101487 -0.000000
v -0.535000 1.109185 -0.000000
v -0.521703 1.115203 -0.000000
v -0.507375 1.119523 -0.000000
v -0.492109 1.122128 -0.000000
v -0.476000 1.123000 -0.000000
v -0.463902 1.122620 -0.000000
v -0.451630 1.121463 -0.000000
v -0.439219 1.119500 -0.000000
v -0.426704 1.116704 -0.000000
v -0.414119 1.113046 -0.000000
v -0.401500 1.108500 -0.000000
v -0.388881 1.103037 -0.000000
v -0.376296 1.096630 -0.000000
v -0.363781 1.089250 -0.000000
v -0.351370 1.080870 -0.000000
v -0.339098 1.071463 -0.000000
v -0.327000 1.061000 -0.000000
v -0.340782 1.086592 -0.000000
v -0.355926 1.114482 -0.000000
v -0.372125 1.144094 -0.000000
v -0.389074 1.174852 -0.000000
v -0.406468 1.206180 -0.000000
v -0.424000 1.237500 -0.000000
v -0.441366 1.268238 -0.000000
v -0.458259 1.297815 -0.000000
v -0.474375 1.325657 -0.000000
v -0.489408 1.351185 -0.000000
v -0.503051 1.373826 -0.000000
v -0.515000 1.393000 -0.000000
v -0.517979 1.397726 -0.000000
v -0.520912 1.402394 -0.000000
v -0.523797 1.406985 -0.000000
v -0.526630 1.411482 -0.000000
v -0.529407 1.415868 -0.000000
v -0.532125 1.420125 -0.000000
v -0.534781 1.424237 -0.000000
v -0.537370 1.428185 -0.000000
v -0.539891 1.431953 -0.000000
v -0.542338 1.435523 -0.000000
v -0.544709 1.438878 -0.000000
v 0.944000 0.974000 -0.000000
v 0.870000 0.899000 -0.000000
v 0.866089 0.904430 -0.000000
v 0.861880 0.910190 -0.000000
v 0.857406 0.916234 -0.000000
v 0.852704 0.922519 -0.000000
v 0.847807 0.928997 -0.000000
v 0.842750 0.935625 -0.000000
v 0.837568 0.942357 -0.000000
v 0.832296 0.949148 -0.000000
v 0.826969 0.955953 -0.000000
v 0.821620 0.962727 -0.000000
v 0.816286 0.969424 -0.000000
v 0.811000 0.976000 -0.000000
v 0.797662 0.992443 -0.000000
v 0.783296 1.010542 -0.000000
v 0.768125 1.029953 -0.000000
v 0.752370 1.050333 -0.000000
v 0.736255 1.071339 -0.000000
v 0.720000 1.092625 -0.000000
v 0.703829 1.113849 -0.000000
v 0.687963 1.134667 -0.000000
v 0.672625 1.154734 -0.000000
v 0.658037 1.173708 -0.000000
v 0.644421 1.191245 -0.000000
v 0.632000 1.207000 -0.000000
v 0.623560 1.216760 -0.000000
v 0.615648 1.225000 -0.000000
v 0.608125 1.231656 -0.000000
v 0.600852 1.236667 -0.000000
v 0.593690 1.239969 -0.000000
v 0.586500 1.241500 -0.000000
v 0.579144 1.241198 -0.000000
v 0.571482 1.239000 -0.000000
v 0.563375 1.234844 -0.000000
v 0.554685 1.228667 -0.000000
v 0.545273 1.220406 -0.000000
v 0.535000 1.210000 -0.000000
v 0.522899 1.196122 -0.000000
v 0.509690 1.180639 -0.000000
v 0.495516 1.163781 -0.000000
v 0.480518 1.145778 -0.000000
v 0.464841 1.126858 -0.000000
v 0.448625 1.107250 -0.000000
v 0.432013 1.087184 -0.000000
v 0.415148 1.066889 -0.000000
v 0.398172 1.046594 -0.000000
v 0.381227 1.026528 -0.000000
v 0.364455 1.006920 -0.000000
v 0.348000 0.988000 -0.000000
v 0.330314 0.968032 -0.000000
v 0.311843 0.947255 -0.000000
v 0.292719 0.925859 -0.000000
v 0.273074 0.904037 -0.000000
v 0.253040 0.881979 -0.000000
v 0.232750 0.859875 -0.000000
v 0.212334 0.837917 -0.000000
v 0.191926 0.816296 -0.000000
v 0.171656 0.795203 -0.000000
v 0.151657 0.774829 -0.000000
v 0.132061 0.755364 -0.000000
v 0.113000 0.737000 -0.000000
v 0.049000 0.810000 -0.000000
v 0.071660 0.830465 -0.000000
v 0.094532 0.851718 -0.000000
v 0.117453 0.873547 -0.000000
v 0.140259 0.895741 -0.000000
v 0.162788 0.918087 -0.000000
v 0.184875 0.940375 -0.000000
v 0.206358 0.962392 -0.000000
v 0.227074 0.983926 -0.000000
v 0.246859 1.004766 -0.000000
v 0.265551 1.024699 -0.000000
v 0.282986 1.043515 -0.000000
v 0.299000 1.061000 -0.000000
v 0.315234 1.078817 -0.000000
v 0.331875 1.097616 -0.000000
v 0.348828 1.117172 -0.000000
v 0.366000 1.137259 -0.000000
v 0.383297 1.157652 -0.000000
v 0.400625 1.178125 -0.000000
v 0.417891 1.198452 -0.000000
v 0.435000 1.218407 -0.000000
v 0.451859 1.237766 -0.000000
v 0.468375 1.256301 -0.000000
v 0.484453 1.273787 -0.000000
v 0.500000 1.290000 -0.000000
v 0.516201 1.305157 -0.000000
v 0.531856 1.317171 -0.000000
v 0.547047 1.326110 -0.000000
v 0.561852 1.332037 -0.000000
v 0.576351 1.335020 -0.000000
v 0.590625 1.335125 -0.000000
v 0.604753 1.332417 -0.000000
v 0.618815 1.326963 -0.000000
v 0.632891 1.318828 -0.000000
v 0.647060 1.308079 -0.000000
v 0.661403 1.294781 -0.000000
v 0.676000 1.279000 -0.000000
v 0.691449 1.260414 -0.000000
v 0.707671 1.240394 -0.000000
v 0.724484 1.219297 -0.000000
v 0.741704 1.197482 -0.000000
v 0.759145 1.175305 -0.000000
v 0.776625 1.153125 -0.000000
v 0.793959 1.131299 -0.000000
v 0.810963 1.110185 -0.000000
v 0.827453 1.090141 -0.000000
v 0.843245 1.071523 -0.000000
v 0.858156 1.054690 -0.000000
v 0.872000 1.040000 -0.000000
v 0.878611 1.033392 -0.000000
v 0.884972 1.027056 -0.000000
v 0.891125 1.020969 -0.000000
v 0.897111 1.015111 -0.000000
v 0.902972 1.009462 -0.000000
v 0.908750 1.004000 -0.000000
v 0.914486 0.998705 -0.000000
v 0.920222 0.993556 -0.000000
v 0.926000 0.988531 -0.000000
v 0.931861 0.983611 -0.000000
v 0.937847 0.978774 -0.000000
v 1.687000 1.302000 -0.000000
v 1.771000 1.313000 -0.000000
v 1.772882 1.284692 -0.000000
v 1.775472 1.252787 -0.000000
v 1.778688 1.218063 -0.000000
v 1.782445 1.181296 -0.000000
v 1.786660 1.143266 -0.000000
v 1.791250 1.104750 -0.000000
v 1.796132 1.066525 -0.000000
v 1.801222 1.029370 -0.000000
v 1.806438 0.994062 -0.000000
v 1.811695 0.961380 -0.000000
v 1.816910 0.932099 -0.000000
v 1.822000 0.907000 -0.000000
v 1.748000 0.889000 -0.000000
v 1.746436 0.893020 -0.000000
v 1.744736 0.897079 -0.000000
v 1.742891 0.901172 -0.000000
v 1.740889 0.905296 -0.000000
v 1.738720 0.909449 -0.000000
v 1.736375 0.913625 -0.000000
v 1.733842 0.917822 -0.000000
v 1.731111 0.922037 -0.000000
v 1.728172 0.926266 -0.000000
v 1.725014 0.930505 -0.000000
v 1.721627 0.934751 -0.000000
v 1.718000 0.939000 -0.000000
v 1.699716 0.959282 -0.000000
v 1.679898 0.978093 -0.000000
v 1.658594 0.995375 -0.000000
v 1.635852 1.011074 -0.000000
v 1.611721 1.025134 -0.000000
v 1.586250 1.037500 -0.000000
v 1.559487 1.048116 -0.000000
v 1.531481 1.056926 -0.000000
v 1.502281 1.063875 -0.000000
v 1.471935 1.068907 -0.000000
v 1.440492 1.071968 -0.000000
v 1.408000 1.073000 -0.000000
v 1.383110 1.071832 -0.000000
v 1.359546 1.068408 -0.000000
v 1.337469 1.062844 -0.000000
v 1.317037 1.055259 -0.000000
v 1.298411 1.045772 -0.000000
v 1.281750 1.034500 -0.000000
v 1.267214 1.021562 -0.000000
v 1.254963 1.007074 -0.000000
v 1.245156 0.991157 -0.000000
v 1.237954 0.973926 -0.000000
v 1.233515 0.955501 -0.000000
v 1.232000 0.936000 -0.000000
v 1.235213 0.902757 -0.000000
v 1.244870 0.871722 -0.000000
v 1.261000 0.843188 -0.000000
v 1.283630 0.817445 -0.000000
v 1.312787 0.794785 -0.000000
v 1.348500 0.775500 -0.000000
v 1.390796 0.759882 -0.000000
v 1.439704 0.748222 -0.000000
v 1.495250 0.740813 -0.000000
v 1.557463 0.737944 -0.000000
v 1.626370 0.739910 -0.000000
v 1.702000 0.747000 -0.000000
v 1.678000 0.665000 -0.000000
v 1.589426 0.660362 -0.000000
v 1.509574 0.661732 -0.000000
v 1.438250 0.668781 -0.000000
v 1.375259 0.681185 -0.000000
v 1.320407 0.698617 -0.000000
v 1.273500 0.720750 -0.000000
v 1.234342 0.747258 -0.000000
v 1.202741 0.777815 -0.000000
v 1.178500 0.812094 -0.000000
v 1.161426 0.849769 -0.000000
v 1.151324 0.890513 -0.000000
v 1.148000 0.934000 -0.000000
v 1.150095 0.962690 -0.000000
v 1.156264 0.990107 -0.000000
v 1.166328 1.016016 -0.000000
v 1.180111 1.040185 -0.000000
v 1.197436 1.062383 -0.000000
v 1.218125 1.082375 -0.000000
v 1.242002 1.099930 -0.000000
v 1.268889 1.114815 -0.000000
v 1.298609 1.126797 -0.000000
v 1.330986 1.135644 -0.000000
v 1.365842 1.141122 -0.000000
v 1.403000 1.143000 -0.000000
v 1.432789 1.142204 -0.000000
v 1.462148 1.139796 -0.000000
v 1.491062 1.135750 -0.000000
v 1.519518 1.130037 -0.000000
v 1.547502 1.122630 -0.000000
v 1.575000 1.113500 -0.000000
v 1.601997 1.102620 -0.000000
v 1.628481 1.089963 -0.000000
v 1.654437 1.075500 -0.000000
v 1.679852 1.059204 -0.000000
v 1.704710 1.041046 -0.000000
v 1.729000 1.021000 -0.000000
v 1.726130 1.038675 -0.000000
v 1.723042 1.059315 -0.000000
v 1.719766 1.082344 -0.000000
v 1.716333 1.107185 -0.000000
v 1.712776 1.133263 -0.000000
v 1.709125 1.160000 -0.000000
v 1.705411 1.186821 -0.000000
v 1.701667 1.213148 -0.000000
v 1.697922 1.238406 -0.000000
v 1.694208 1.262019 -0.000000
v 1.690557 1.283409 -0.000000
v 1.665000 1.484000 -0.000000
v 1.685000 1.408000 -0.000000
v 1.663215 1.402302 -0.000000
v 1.636468 1.395833 -0.000000
v 1.605672 1.388781 -0.000000
v 1.571741 1.381333 -0.000000
v 1.535587 1.373677 -0.000000
v 1.498125 1.366000 -0.000000
v 1.460267 1.358490 -0.000000
v 1.422926 1.351333 -0.000000
v 1.387016 1.344719 -0.000000
v 1.353449 1.338833 -0.000000
v 1.323139 1.333865 -0.000000
v 1.297000 1.330000 -0.000000
v 1.278000 1.407000 -0.000000
v 1.302458 1.409680 -0.000000
v 1.331250 1.413607 -0.000000
v 1.363500 1.418609 -0.000000
v 1.398333 1.424518 -0.000000
v 1.434875 1.431164 -0.000000
v 1.472250 1.438375 -0.000000
v 1.509583 1.445982 -0.000000
v 1.546000 1.453815 -0.000000
v 1.580625 1.461703 -0.000000
v 1.612583 1.469477 -0.000000
v 1.641000 1.476966 -0.000000
v 2.725000 0.999000 -0.000000
v 2.806000 1.007000 -0.000000
v 2.808304 0.996626 -0.000000
v 2.810681 0.986009 -0.000000
v 2.813078 0.975156 -0.000000
v 2.815444 0.964074 -0.000000
v 2.817727 0.952770 -0.000000
v 2.819875 0.941250 -0.000000
v 2.821835 0.929522 -0.000000
v 2.823555 0.917593 -0.000000
v 2.824984 0.905469 -0.000000
v 2.826069 0.893158 -0.000000
v 2.826758 0.880666 -0.000000
v 2.827000 0.868000 -0.000000
v 2.824561 0.837734 -0.000000
v 2.817319 0.809954 -0.000000
v 2.805391 0.784688 -0.000000
v 2.788889 0.761963 -0.000000
v 2.767929 0.741808 -0.000000
v 2.742625 0.724250 -0.000000
v 2.713092 0.709317 -0.000000
v 2.679445 0.697037 -0.000000
v 2.641797 0.687438 -0.000000
v 2.600264 0.680546 -0.000000
v 2.554960 0.676391 -0.000000
v 2.506000 0.675000 -0.000000
v 2.470836 0.675307 -0.000000
v 2.436435 0.676204 -0.000000
v 2.402937 0.677656 -0.000000
v 2.370481 0.679630 -0.000000
v 2.339206 0.682089 -0.000000
v 2.309250 0.685000 -0.000000
v 2.280752 0.688328 -0.000000
v 2.253852 0.692037 -0.000000
v 2.228687 0.696094 -0.000000
v 2.205398 0.700463 -0.000000
v 2.184122 0.705110 -0.000000
v 2.165000 0.710000 -0.000000
v 2.166000 0.796000 -0.000000
v 2.185849 0.789961 -0.000000
v 2.207792 0.784357 -0.000000
v 2.231672 0.779203 -0.000000
v 2.257333 0.774519 -0.000000
v 2.284620 0.770320 -0.000000
v 2.313375 0.766625 -0.000000
v 2.343443 0.763451 -0.000000
v 2.374667 0.760815 -0.000000
v 2.406891 0.758734 -0.000000
v 2.439958 0.757227 -0.000000
v 2.473714 0.756310 -0.000000
v 2.508000 0.756000 -0.000000
v 2.546294 0.757087 -0.000000
v 2.581185 0.760278 -0.000000
v 2.612687 0.765469 -0.000000
v 2.640815 0.772556 -0.000000
v 2.665581 0.781434 -0.000000
v 2.687000 0.792000 -0.000000
v 2.705086 0.804149 -0.000000
v 2.719852 0.817778 -0.000000
v 2.731313 0.832781 -0.000000
v 2.739482 0.849056 -0.000000
v 2.744373 0.866497 -0.000000
v 2.746000 0.885000 -0.000000
v 2.745835 0.894252 -0.000000
v 2.745347 0.903514 -0.000000
v 2.744547 0.912797 -0.000000
v 2.743444 0.922111 -0.000000
v 2.742050 0.931467 -0.000000
v 2.740375 0.940875 -0.000000
v 2.738429 0.950346 -0.000000
v 2.736222 0.959889 -0.000000
v 2.733766 0.969516 -0.000000
v 2.731069 0.979236 -0.000000
v 2.728144 0.989061 -0.000000
v 2.765000 1.402000 -0.000000
v 2.765000 1.320000 -0.000000
v 2.745120 1.318523 -0.000000
v 2.724958 1.317102 -0.000000
v 2.704484 1.315750 -0.000000
v 2.683666 1.314481 -0.000000
v 2.662474 1.313310 -0.000000
v 2.640875 1.312250 -0.000000
v 2.618838 1.311315 -0.000000
v 2.596333 1.310518 -0.000000
v 2.573328 1.309875 -0.000000
v 2.549791 1.309398 -0.000000
v 2.525692 1.309102 -0.000000
v 2.501000 1.309000 -0.000000
v 2.477450 1.309141 -0.000000
v 2.453431 1.309542 -0.000000
v 2.429141 1.310172 -0.000000
v 2.404778 1.311000 -0.000000
v 2.380540 1.311995 -0.000000
v 2.356625 1.313125 -0.000000
v 2.333231 1.314360 -0.000000
v 2.310556 1.315667 -0.000000
v 2.288797 1.317016 -0.000000
v 2.268153 1.318375 -0.000000
v 2.248821 1.319714 -0.000000
v 2.231000 1.321000 -0.000000
v 2.231000 1.403000 -0.000000
v 2.249604 1.401254 -0.000000
v 2.269333 1.399533 -0.000000
v 2.290062 1.397860 -0.000000
v 2.311666 1.396259 -0.000000
v 2.334021 1.394757 -0.000000
v 2.357000 1.393375 -0.000000
v 2.380479 1.392140 -0.000000
v 2.404333 1.391074 -0.000000
v 2.428437 1.390203 -0.000000
v 2.452667 1.389551 -0.000000
v 2.476896 1.389142 -0.000000
v 2.501000 1.389000 -0.000000
v 2.525826 1.389084 -0.000000
v 2.550278 1.389338 -0.000000
v 2.574313 1.389766 -0.000000
v 2.597889 1.390370 -0.000000
v 2.620965 1.391156 -0.000000
v 2.643500 1.392125 -0.000000
v 2.665452 1.393282 -0.000000
v 2.686778 1.394630 -0.000000
v 2.707438 1.396172 -0.000000
v 2.727389 1.397912 -0.000000
v 2.746590 1.399854 -0.000000
v 3.738000 1.447000 -0.000000
v 3.734000 1.365000 -0.000000
v 3.728571 1.365520 -0.000000
v 3.722815 1.366074 -0.000000
v 3.716781 1.366656 -0.000000
v 3.710519 1.367260 -0.000000
v 3.704075 1.367876 -0.000000
v 3.697500 1.368500 -0.000000
v 3.690842 1.369124 -0.000000
v 3.684148 1.369741 -0.000000
v 3.677469 1.370344 -0.000000
v 3.670852 1.370926 -0.000000
v 3.664346 1.371481 -0.000000
v 3.658000 1.372000 -0.000000
v 3.644633 1.372849 -0.000000
v 3.626644 1.373870 -0.000000
v 3.604953 1.375031 -0.000000
v 3.580482 1.376296 -0.000000
v 3.554149 1.377631 -0.000000
v 3.526875 1.379000 -0.000000
v 3.499580 1.380369 -0.000000
v 3.473185 1.381704 -0.000000
v 3.448609 1.382969 -0.000000
v 3.426773 1.384130 -0.000000
v 3.408597 1.385152 -0.000000
v 3.395000 1.386000 -0.000000
v 3.412665 1.370356 -0.000000
v 3.433819 1.351764 -0.000000
v 3.457953 1.330735 -0.000000
v 3.484555 1.307778 -0.000000
v 3.513116 1.283405 -0.000000
v 3.543125 1.258125 -0.000000
v 3.574071 1.232450 -0.000000
v 3.605445 1.206889 -0.000000
v 3.636734 1.181953 -0.000000
v 3.667431 1.158153 -0.000000
v 3.697023 1.135998 -0.000000
v 3.725000 1.116000 -0.000000
v 3.738086 1.114461 -0.000000
v 3.751773 1.112852 -0.000000
v 3.765953 1.111188 -0.000000
v 3.780519 1.109482 -0.000000
v 3.795362 1.107748 -0.000000
v 3.810375 1.106000 -0.000000
v 3.825451 1.104252 -0.000000
v 3.840482 1.102519 -0.000000
v 3.855359 1.100813 -0.000000
v 3.869977 1.099148 -0.000000
v 3.884226 1.097539 -0.000000
v 3.898000 1.096000 -0.000000
v 3.891000 1.021000 -0.000000
v 3.860752 1.025895 -0.000000
v 3.830097 1.030579 -0.000000
v 3.799172 1.035047 -0.000000
v 3.768111 1.039297 -0.000000
v 3.737051 1.043324 -0.000000
v 3.706125 1.047125 -0.000000
v 3.675471 1.050698 -0.000000
v 3.645223 1.054037 -0.000000
v 3.615516 1.057141 -0.000000
v 3.586486 1.060005 -0.000000
v 3.558269 1.062626 -0.000000
v 3.531000 1.065000 -0.000000
v 3.543996 1.056412 -0.000000
v 3.557301 1.046208 -0.000000
v 3.570641 1.034484 -0.000000
v 3.583741 1.021333 -0.000000
v 3.596327 1.006849 -0.000000
v 3.608125 0.991125 -0.000000
v 3.618861 0.974255 -0.000000
v 3.628259 0.956333 -0.000000
v 3.636047 0.937453 -0.000000
v 3.641949 0.917708 -0.000000
v 3.645692 0.897193 -0.000000
v 3.647000 0.876000 -0.000000
v 3.644242 0.839340 -0.000000
v 3.636019 0.805889 -0.000000
v 3.622406 0.775688 -0.000000
v 3.603482 0.748778 -0.000000
v 3.579321 0.725201 -0.000000
v 3.550000 0.705000 -0.000000
v 3.515596 0.688215 -0.000000
v 3.476185 0.674889 -0.000000
v 3.431844 0.665063 -0.000000
v 3.382648 0.658778 -0.000000
v 3.328675 0.656076 -0.000000
v 3.270000 0.657000 -0.000000
v 3.253000 0.738000 -0.000000
v 3.262269 0.737276 -0.000000
v 3.272069 0.736625 -0.000000
v 3.282391 0.736078 -0.000000
v 3.293222 0.735667 -0.000000
v 3.304554 0.735422 -0.000000
v 3.316375 0.735375 -0.000000
v 3.328675 0.735557 -0.000000
v 3.341444 0.736000 -0.000000
v 3.354672 0.736734 -0.000000
v 3.368347 0.737792 -0.000000
v 3.382460 0.739203 -0.000000
v 3.397000 0.741000 -0.000000
v 3.419500 0.744484 -0.000000
v 3.441338 0.749042 -0.000000
v 3.462265 0.754828 -0.000000
v 3.482037 0.762000 -0.000000
v 3.500406 0.770714 -0.000000
v 3.517125 0.781125 -0.000000
v 3.531948 0.793391 -0.000000
v 3.544630 0.807667 -0.000000
v 3.554922 0.824109 -0.000000
v 3.562579 0.842875 -0.000000
v 3.567353 0.864120 -0.000000
v 3.569000 0.888000 -0.000000
v 3.567075 0.911237 -0.000000
v 3.561514 0.933815 -0.000000
v 3.552641 0.955531 -0.000000
v 3.540778 0.976185 -0.000000
v 3.526248 0.995575 -0.000000
v 3.509375 1.013500 -0.000000
v 3.490481 1.029758 -0.000000
v 3.469889 1.044148 -0.000000
v 3.447922 1.056469 -0.000000
v 3.424903 1.066519 -0.000000
v 3.401155 1.074096 -0.000000
v 3.377000 1.079000 -0.000000
v 3.361269 1.080855 -0.000000
v 3.344157 1.082421 -0.000000
v 3.325781 1.083703 -0.000000
v 3.306259 1.084704 -0.000000
v 3.285709 1.085427 -0.000000
v 3.264250 1.085875 -0.000000
v 3.241999 1.086053 -0.000000
v 3.219074 1.085963 -0.000000
v 3.195594 1.085609 -0.000000
v 3.171676 1.084995 -0.000000
v 3.147439 1.084124 -0.000000
v 3.123000 1.083000 -0.000000
v 3.123000 1.157000 -0.000000
v 3.159713 1.156735 -0.000000
v 3.197704 1.155963 -0.000000
v 3.236750 1.154719 -0.000000
v 3.276629 1.153037 -0.000000
v 3.317120 1.150953 -0.000000
v 3.358000 1.148500 -0.000000
v 3.399046 1.145714 -0.000000
v 3.440037 1.142630 -0.000000
v 3.480750 1.139281 -0.000000
v 3.520963 1.135704 -0.000000
v 3.560454 1.131932 -0.000000
v 3.599000 1.128000 -0.000000
v 3.577724 1.144891 -0.000000
v 3.554213 1.163792 -0.000000
v 3.528937 1.184297 -0.000000
v 3.502370 1.206000 -0.000000
v 3.474983 1.228495 -0.000000
v 3.447250 1.251375 -0.000000
v 3.419641 1.274234 -0.000000
v 3.392629 1.296667 -0.000000
v 3.366687 1.318266 -0.000000
v 3.342287 1.338625 -0.000000
v 3.319900 1.357339 -0.000000
v 3.300000 1.374000 -0.000000
v 3.296264 1.376886 -0.000000
v 3.292111 1.380005 -0.000000
v 3.287625 1.383297 -0.000000
v 3.282889 1.386704 -0.000000
v 3.277986 1.390166 -0.000000
v 3.273000 1.393625 -0.000000
v 3.268014 1.397022 -0.000000
v 3.263111 1.400296 -0.000000
v 3.258375 1.403391 -0.000000
v 3.253889 1.406245 -0.000000
v 3.249736 1.408802 -0.000000
v 3.246000 1.411000 -0.000000
v 3.297000 1.468000 -0.000000
v 3.300144 1.467231 -0.000000
v 3.303569 1.466431 -0.000000
v 3.307266 1.465610 -0.000000
v 3.311222 1.464778 -0.000000
v 3.315429 1.463946 -0.000000
v 3.319875 1.463125 -0.000000
v 3.324550 1.462325 -0.000000
v 3.329444 1.461556 -0.000000
v 3.334547 1.460828 -0.000000
v 3.339847 1.460153 -0.000000
v 3.345335 1.459540 -0.000000
v 3.351000 1.459000 -0.000000
v 3.368404 1.457215 -0.000000
v 3.390898 1.455384 -0.000000
v 3.417406 1.453547 -0.000000
v 3.446852 1.451741 -0.000000
v 3.478158 1.450004 -0.000000
v 3.510250 1.448375 -0.000000
v 3.542050 1.446892 -0.000000
v 3.572481 1.445593 -0.000000
v 3.600469 1.444516 -0.000000
v 3.624935 1.443699 -0.000000
v 3.644804 1.443181 -0.000000
v 3.659000 1.443000 -0.000000
v 3.666398 1.443022 -0.000000
v 3.673602 1.443088 -0.000000
v 3.680625 1.443203 -0.000000
v 3.687481 1.443370 -0.000000
v 3.694185 1.443593 -0.000000
v 3.700750 1.443875 -0.000000
v 3.707190 1.444219 -0.000000
v 3.713519 1.444630 -0.000000
v 3.719750 1.445109 -0.000000
v 3.725898 1.445662 -0.000000
v 3.731977 1.446291 -0.000000
v -1.831000 2.332000 0.000000
v -1.816002 2.313806 0.000000
v -1.799602 2.295778 0.000000
v -1.781938 2.278000 0.000000
v -1.763148 2.260556 0.000000
v -1.743373 2.243528 0.000000
v -1.722750 2.227000 0.000000
v -1.701419 2.211056 0.000000
v -1.679518 2.195778 0.000000
v -1.657187 2.181250 0.000000
v -1.634565 2.167556 0.000000
v -1.611789 2.154778 0.000000
v -1.589000 2.143000 0.000000
v -1.593194 2.139415 0.000000
v -1.597718 2.135236 0.000000
v -1.602484 2.130578 0.000000
v -1.607407 2.125556 0.000000
v -1.612400 2.120283 0.000000
v -1.617375 2.114875 0.000000
v -1.622246 2.109446 0.000000
v -1.626926 2.104111 0.000000
v -1.631328 2.098984 0.000000
v -1.635366 2.094181 0.000000
v -1.638952 2.089814 0.000000
v -1.642000 2.086000 0.000000
v -1.664972 2.099631 0.000000
v -1.688273 2.114463 0.000000
v -1.711734 2.130406 0.000000
v -1.735185 2.147371 0.000000
v -1.758455 2.165265 0.000000
v -1.781375 2.184000 0.000000
v -1.803774 2.203485 0.000000
v -1.825481 2.223630 0.000000
v -1.846328 2.244344 0.000000
v -1.866143 2.265537 0.000000
v -1.884758 2.287119 0.000000
v -1.902000 2.309000 0.000000
v -2.087000 2.288000 0.000000
v -2.110391 2.273180 0.000000
v -2.134380 2.257352 0.000000
v -2.158688 2.240719 0.000000
v -2.183037 2.223482 0.000000
v -2.207150 2.205842 0.000000
v -2.230750 2.188000 0.000000
v -2.253558 2.170159 0.000000
v -2.275296 2.152519 0.000000
v -2.295688 2.135282 0.000000
v -2.314454 2.118649 0.000000
v -2.331317 2.102821 0.000000
v -2.346000 2.088000 0.000000
v -2.400000 2.138000 0.000000
v -2.384589 2.152740 0.000000
v -2.367046 2.168338 0.000000
v -2.347656 2.184609 0.000000
v -2.326704 2.201370 0.000000
v -2.304473 2.218437 0.000000
v -2.281250 2.235625 0.000000
v -2.257318 2.252751 0.000000
v -2.232963 2.269630 0.000000
v -2.208469 2.286078 0.000000
v -2.184120 2.301912 0.000000
v -2.160202 2.316947 0.000000
v -2.137000 2.331000 0.000000
v -1.995000 2.244000 0.000000
v -1.969565 2.207498 0.000000
v -1.940935 2.172070 0.000000
v -1.909375 2.137828 0.000000
v -1.875148 2.104889 0.000000
v -1.838518 2.073367 0.000000
v -1.799750 2.043375 0.000000
v -1.759106 2.015030 0.000000
v -1.716852 1.988445 0.000000
v -1.673250 1.963735 0.000000
v -1.628564 1.941014 0.000000
v -1.583060 1.920398 0.000000
v -1.537000 1.902000 0.000000
v -1.541535 1.897802 0.000000
v -1.546116 1.893250 0.000000
v -1.550703 1.888406 0.000000
v -1.555259 1.883333 0.000000
v -1.559746 1.878094 0.000000
v -1.564125 1.872750 0.000000
v -1.568358 1.867365 0.000000
v -1.572407 1.862000 0.000000
v -1.576234 1.856719 0.000000
v -1.579801 1.851583 0.000000
v -1.583069 1.846656 0.000000
v -1.586000 1.842000 0.000000
v -1.597479 1.846793 0.000000
v -1.608912 1.851676 0.000000
v -1.620297 1.856656 0.000000
v -1.631630 1.861741 0.000000
v -1.642907 1.866936 0.000000
v -1.654125 1.872250 0.000000
v -1.665281 1.877689 0.000000
v -1.676370 1.883259 0.000000
v -1.687391 1.888969 0.000000
v -1.698338 1.894824 0.000000
v -1.709209 1.900832 0.000000
v -1.720000 1.907000 0.000000
v -1.720000 1.619000 0.000000
v -1.793000 1.619000 0.000000
v -1.793000 1.653000 0.000000
v -2.205000 1.653000 0.000000
v -2.205000 1.623000 0.000000
v -2.281000 1.623000 0.000000
v -2.281000 1.919000 0.000000
v -2.291312 1.913271 0.000000
v -2.301741 1.907588 0.000000
v -2.312281 1.901953 0.000000
v -2.322926 1.896371 0.000000
v -2.333668 1.890843 0.000000
v -2.344500 1.885375 0.000000
v -2.355416 1.879970 0.000000
v -2.366407 1.874630 0.000000
v -2.377469 1.869360 0.000000
v -2.388593 1.864162 0.000000
v -2.399772 1.859041 0.000000
v -2.411000 1.854000 0.000000
v -2.413721 1.859556 0.000000
v -2.416852 1.865194 0.000000
v -2.420344 1.870875 0.000000
v -2.424148 1.876556 0.000000
v -2.428216 1.882194 0.000000
v -2.432500 1.887750 0.000000
v -2.436950 1.893180 0.000000
v -2.441519 1.898444 0.000000
v -2.446157 1.903500 0.000000
v -2.450815 1.908306 0.000000
v -2.455446 1.912819 0.000000
v -2.460000 1.917000 0.000000
v -2.419902 1.933333 0.000000
v -2.380634 1.950412 0.000000
v -2.342234 1.968359 0.000000
v -2.304741 1.987296 0.000000
v -2.268192 2.007344 0.000000
v -2.232625 2.028625 0.000000
v -2.198079 2.051260 0.000000
v -2.164593 2.075370 0.000000
v -2.132203 2.101078 0.000000
v -2.100949 2.128505 0.000000
v -2.070869 2.157771 0.000000
v -2.042000 2.189000 0.000000
v -2.060000 2.215000 0.000000
v -1.793000 1.720000 0.000000
v -1.793000 1.888000 0.000000
v -2.205000 1.888000 0.000000
v -2.205000 1.720000 0.000000
v -1.798000 1.955000 0.000000
v -1.817101 1.968186 0.000000
v -1.835889 1.981741 0.000000
v -1.854344 1.995656 0.000000
v -1.872445 2.009926 0.000000
v -1.890170 2.024543 0.000000
v -1.907500 2.039500 0.000000
v -1.924413 2.054790 0.000000
v -1.940889 2.070407 0.000000
v -1.956906 2.086344 0.000000
v -1.972445 2.102592 0.000000
v -1.987483 2.119147 0.000000
v -2.002000 2.136000 0.000000
v -2.018855 2.117829 0.000000
v -2.035921 2.100301 0.000000
v -2.053203 2.083391 0.000000
v -2.070704 2.067074 0.000000
v -2.088427 2.051327 0.000000
v -2.106375 2.036125 0.000000
v -2.124553 2.021444 0.000000
v -2.142963 2.007259 0.000000
v -2.161609 1.993547 0.000000
v -2.180496 1.980282 0.000000
v -2.199625 1.967441 0.000000
v -2.219000 1.955000 0.000000
v -1.933000 2.529000 0.000000
v -1.936519 2.522880 0.000000
v -1.940065 2.516542 0.000000
v -1.943625 2.510016 0.000000
v -1.947185 2.503333 0.000000
v -1.950731 2.496526 0.000000
v -1.954250 2.489625 0.000000
v -1.957727 2.482661 0.000000
v -1.961148 2.475667 0.000000
v -1.964500 2.468672 0.000000
v -1.967768 2.461709 0.000000
v -1.970940 2.454808 0.000000
v -1.974000 2.448000 0.000000
v -1.583000 2.448000 0.000000
v -1.583000 2.266000 0.000000
v -1.656000 2.266000 0.000000
v -1.656000 2.379000 0.000000
v -2.341000 2.379000 0.000000
v -2.341000 2.266000 0.000000
v -2.418000 2.266000 0.000000
v -2.418000 2.448000 0.000000
v -2.061000 2.448000 0.000000
v -2.057839 2.455887 0.000000
v -2.054375 2.464014 0.000000
v -2.050641 2.472328 0.000000
v -2.046667 2.480778 0.000000
v -2.042485 2.489311 0.000000
v -2.038125 2.497875 0.000000
v -2.033620 2.506419 0.000000
v -2.029000 2.514889 0.000000
v -2.024297 2.523235 0.000000
v -2.019542 2.531403 0.000000
v -2.014766 2.539343 0.000000
v -2.010000 2.547000 0.000000
v -0.599000 2.369000 -0.000000
v -0.599000 1.618000 -0.000000
v -0.673000 1.618000 -0.000000
v -0.673000 2.295000 -0.000000
v -0.962000 2.295000 -0.000000
v -0.959995 2.261358 -0.000000
v -0.956130 2.226616 -0.000000
v -0.949875 2.191047 -0.000000
v -0.940704 2.154926 -0.000000
v -0.928088 2.118527 -0.000000
v -0.911500 2.082125 -0.000000
v -0.890412 2.045994 -0.000000
v -0.864296 2.010408 -0.000000
v -0.832625 1.975641 -0.000000
v -0.794870 1.941968 -0.000000
v -0.750505 1.909663 -0.000000
v -0.699000 1.879000 -0.000000
v -0.703634 1.875453 -0.000000
v -0.708486 1.871375 -0.000000
v -0.713484 1.866859 -0.000000
v -0.718556 1.862000 -0.000000
v -0.723627 1.856891 -0.000000
v -0.728625 1.851625 -0.000000
v -0.733477 1.846297 -0.000000
v -0.738111 1.841000 -0.000000
v -0.742453 1.835828 -0.000000
v -0.746430 1.830875 -0.000000
v -0.749970 1.826234 -0.000000
v -0.753000 1.822000 -0.000000
v -0.785454 1.842075 -0.000000
v -0.815384 1.862764 -0.000000
v -0.842891 1.884016 -0.000000
v -0.868074 1.905778 -0.000000
v -0.891035 1.927998 -0.000000
v -0.911875 1.950625 -0.000000
v -0.930694 1.973606 -0.000000
v -0.947593 1.996889 -0.000000
v -0.962672 2.020422 -0.000000
v -0.976032 2.044153 -0.000000
v -0.987775 2.068029 -0.000000
v -0.998000 2.092000 -0.000000
v -1.021153 2.070386 -0.000000
v -1.044477 2.048171 0.000000
v -1.067766 2.025547 0.000000
v -1.090815 2.002704 0.000000
v -1.113420 1.979833 0.000000
v -1.135375 1.957125 0.000000
v -1.156476 1.934772 0.000000
v -1.176519 1.912963 0.000000
v -1.195297 1.891891 0.000000
v -1.212607 1.871745 0.000000
v -1.228243 1.852718 0.000000
v -1.242000 1.835000 0.000000
v -1.304000 1.884000 0.000000
v -1.287298 1.903584 0.000000
v -1.268384 1.924671 0.000000
v -1.247547 1.947016 0.000000
v -1.225074 1.970371 0.000000
v -1.201254 1.994489 0.000000
v -1.176375 2.019125 0.000000
v -1.150725 2.044032 0.000000
v -1.124592 2.068963 0.000000
v -1.098265 2.093672 0.000000
v -1.072032 2.117913 0.000000
v -1.046181 2.141438 -0.000000
v -1.021000 2.164000 -0.000000
v -1.023397 2.175229 -0.000000
v -1.025593 2.186412 -0.000000
v -1.027594 2.197547 -0.000000
v -1.029407 2.208630 -0.000000
v -1.031040 2.219657 -0.000000
v -1.032500 2.230625 -0.000000
v -1.033793 2.241531 -0.000000
v -1.034926 2.252370 -0.000000
v -1.035906 2.263141 -0.000000
v -1.036741 2.273838 -0.000000
v -1.037436 2.284459 -0.000000
v -1.038000 2.295000 -0.000000
v -1.329000 2.295000 0.000000
v -1.329000 1.720000 0.000000
v -1.328890 1.715746 0.000000
v -1.328537 1.711968 0.000000
v -1.327906 1.708641 0.000000
v -1.326963 1.705741 0.000000
v -1.325673 1.703244 0.000000
v -1.324000 1.701125 0.000000
v -1.321911 1.699361 0.000000
v -1.319371 1.697926 0.000000
v -1.316344 1.696797 0.000000
v -1.312797 1.695949 0.000000
v -1.308694 1.695358 0.000000
v -1.304000 1.695000 0.000000
v -1.298026 1.694982 0.000000
v -1.290208 1.694940 0.000000
v -1.280703 1.694891 0.000000
v -1.269667 1.694852 0.000000
v -1.257255 1.694841 0.000000
v -1.243625 1.694875 0.000000
v -1.228932 1.694972 0.000000
v -1.213333 1.695148 0.000000
v -1.196985 1.695422 0.000000
v -1.180042 1.695810 0.000000
v -1.162662 1.696331 0.000000
v -1.145000 1.697000 0.000000
v -1.147765 1.691494 0.000000
v -1.150537 1.685537 0.000000
v -1.153281 1.679219 0.000000
v -1.155963 1.672630 0.000000
v -1.158547 1.665860 0.000000
v -1.161000 1.659000 0.000000
v -1.163286 1.652140 0.000000
v -1.165370 1.645370 0.000000
v -1.167219 1.638781 0.000000
v -1.168796 1.632463 0.000000
v -1.170068 1.626506 0.000000
v -1.171000 1.621000 0.000000
v -1.192917 1.621007 0.000000
v -1.213671 1.621056 0.000000
v -1.233266 1.621188 0.000000
v -1.251704 1.621444 0.000000
v -1.268989 1.621868 0.000000
v -1.285125 1.622500 0.000000
v -1.300115 1.623382 0.000000
v -1.313963 1.624555 0.000000
v -1.326672 1.626062 0.000000
v -1.338246 1.627944 0.000000
v -1.348687 1.630243 0.000000
v -1.358000 1.633000 0.000000
v -1.366028 1.636487 0.000000
v -1.373139 1.640481 0.000000
v -1.379375 1.645031 0.000000
v -1.384778 1.650185 0.000000
v -1.389389 1.655992 0.000000
v -1.393250 1.662500 0.000000
v -1.396403 1.669758 0.000000
v -1.398889 1.677815 0.000000
v -1.400750 1.686719 0.000000
v -1.402028 1.696518 0.000000
v -1.402764 1.707263 0.000000
v -1.403000 1.719000 0.000000
v -1.403000 2.369000 0.000000
v -1.039000 2.369000 -0.000000
v -1.039000 2.540000 -0.000000
v -0.963000 2.540000 -0.000000
v -0.963000 2.369000 -0.000000
v 0.333000 1.811000 -0.000000
v 0.340349 1.810751 -0.000000
v 0.347875 1.810509 -0.000000
v 0.355547 1.810281 -0.000000
v 0.363333 1.810074 -0.000000
v 0.371203 1.809895 -0.000000
v 0.379125 1.809750 -0.000000
v 0.387068 1.809647 -0.000000
v 0.395000 1.809593 -0.000000
v 0.402891 1.809594 -0.000000
v 0.410708 1.809657 -0.000000
v 0.418422 1.809791 -0.000000
v 0.426000 1.810000 -0.000000
v 0.411000 1.717000 -0.000000
v 0.403752 1.718019 -0.000000
v 0.396519 1.719065 -0.000000
v 0.389313 1.720125 -0.000000
v 0.382148 1.721185 -0.000000
v 0.375039 1.722232 -0.000000
v 0.368000 1.723250 -0.000000
v 0.361044 1.724227 -0.000000
v 0.354185 1.725148 -0.000000
v 0.347437 1.726000 -0.000000
v 0.340815 1.726769 -0.000000
v 0.334331 1.727440 -0.000000
v 0.328000 1.728000 -0.000000
v 0.290534 1.731497 -0.000000
v 0.246019 1.735889 -0.000000
v 0.195781 1.741031 -0.000000
v 0.141148 1.746778 -0.000000
v 0.083446 1.752983 -0.000000
v 0.024000 1.759500 -0.000000
v -0.035862 1.766184 -0.000000
v -0.094815 1.772889 -0.000000
v -0.151531 1.779469 -0.000000
v -0.204685 1.785778 -0.000000
v -0.252950 1.791670 -0.000000
v -0.295000 1.797000 -0.000000
v -0.300666 1.784817 -0.000000
v -0.306157 1.772782 -0.000000
v -0.311469 1.760922 -0.000000
v -0.316593 1.749259 -0.000000
v -0.321522 1.737819 -0.000000
v -0.326250 1.726625 -0.000000
v -0.330770 1.715702 -0.000000
v -0.335074 1.705074 -0.000000
v -0.339156 1.694766 -0.000000
v -0.343009 1.684801 -0.000000
v -0.346626 1.675204 -0.000000
v -0.350000 1.666000 -0.000000
v -0.434000 1.704000 -0.000000
v -0.422165 1.731678 -0.000000
v -0.407903 1.762759 -0.000000
v -0.391578 1.796563 -0.000000
v -0.373556 1.832407 -0.000000
v -0.354200 1.869614 -0.000000
v -0.333875 1.907500 -0.000000
v -0.312946 1.945387 -0.000000
v -0.291778 1.982593 -0.000000
v -0.270734 2.018438 -0.000000
v -0.250181 2.052241 -0.000000
v -0.230481 2.083322 -0.000000
v -0.212000 2.111000 -0.000000
v -0.137000 2.077000 -0.000000
v -0.146409 2.064392 -0.000000
v -0.156107 2.050634 -0.000000
v -0.166047 2.035828 -0.000000
v -0.176185 2.020074 -0.000000
v -0.186476 2.003473 -0.000000
v -0.196875 1.986125 -0.000000
v -0.207336 1.968132 -0.000000
v -0.217815 1.949593 -0.000000
v -0.228266 1.930610 -0.000000
v -0.238644 1.911283 -0.000000
v -0.248903 1.891713 -0.000000
v -0.259000 1.872000 -0.000000
v -0.229865 1.868133 -0.000000
v -0.197755 1.864060 -0.000000
v -0.163109 1.859828 -0.000000
v -0.126370 1.855482 -0.000000
v -0.087979 1.851066 -0.000000
v -0.048375 1.846625 -0.000000
v -0.008001 1.842206 -0.000000
v 0.032704 1.837852 -0.000000
v 0.073297 1.833609 -0.000000
v 0.113338 1.829523 -0.000000
v 0.152386 1.825638 -0.000000
v 0.190000 1.822000 -0.000000
v 0.176548 1.857962 -0.000000
v 0.161468 1.899945 -0.000000
v 0.145172 1.946594 -0.000000
v 0.128074 1.996556 -0.000000
v 0.110587 2.048476 -0.000000
v 0.093125 2.101000 -0.000000
v 0.076100 2.152774 -0.000000
v 0.059926 2.202445 -0.000000
v 0.045016 2.248656 -0.000000
v 0.031782 2.290056 -0.000000
v 0.020639 2.325288 -0.000000
v 0.012000 2.353000 -0.000000
v 0.008791 2.363175 -0.000000
v 0.005662 2.372736 -0.000000
v 0.002609 2.381734 -0.000000
v -0.000370 2.390222 -0.000000
v -0.003281 2.398252 -0.000000
v -0.006125 2.405875 -0.000000
v -0.008907 2.413144 -0.000000
v -0.011630 2.420111 -0.000000
v -0.014297 2.426828 -0.000000
v -0.016912 2.433347 -0.000000
v -0.019479 2.439720 -0.000000
v -0.022000 2.446000 -0.000000
v 0.078000 2.466000 -0.000000
v 0.078775 2.459528 -0.000000
v 0.079616 2.453056 -0.000000
v 0.080547 2.446500 -0.000000
v 0.081593 2.439778 -0.000000
v 0.082777 2.432806 -0.000000
v 0.084125 2.425500 -0.000000
v 0.085660 2.417778 -0.000000
v 0.087407 2.409556 -0.000000
v 0.089391 2.400750 -0.000000
v 0.091634 2.391278 -0.000000
v 0.094163 2.381056 -0.000000
v 0.097000 2.370000 -0.000000
v 0.105472 2.341109 -0.000000
v 0.116611 2.304370 -0.000000
v 0.130000 2.261188 -0.000000
v 0.145222 2.212963 -0.000000
v 0.161861 2.161100 -0.000000
v 0.179500 2.107000 -0.000000
v 0.197722 2.052067 -0.000000
v 0.216111 1.997704 -0.000000
v 0.234250 1.945313 -0.000000
v 0.251722 1.896296 -0.000000
v 0.268111 1.852058 -0.000000
v 0.283000 1.814000 -0.000000
v 1.398000 2.133000 -0.000000
v 1.398000 2.035000 -0.000000
v 1.389803 2.035729 -0.000000
v 1.380759 2.036412 -0.000000
v 1.370938 2.037047 -0.000000
v 1.360407 2.037630 -0.000000
v 1.349239 2.038157 -0.000000
v 1.337500 2.038625 -0.000000
v 1.325262 2.039031 -0.000000
v 1.312593 2.039371 -0.000000
v 1.299563 2.039641 -0.000000
v 1.286241 2.039838 -0.000000
v 1.272697 2.039959 -0.000000
v 1.259000 2.040000 -0.000000
v 1.233875 2.040000 -0.000000
v 1.197500 2.040000 -0.000000
v 1.152125 2.040000 -0.000000
v 1.100000 2.040000 -0.000000
v 1.043375 2.040000 -0.000000
v 0.984500 2.040000 -0.000000
v 0.925625 2.040000 -0.000000
v 0.869000 2.040000 -0.000000
v 0.816875 2.040000 -0.000000
v 0.771500 2.040000 -0.000000
v 0.735125 2.040000 -0.000000
v 0.710000 2.040000 -0.000000
v 0.698823 2.039921 -0.000000
v 0.687838 2.039699 -0.000000
v 0.677109 2.039359 -0.000000
v 0.666704 2.038926 -0.000000
v 0.656687 2.038423 -0.000000
v 0.647125 2.037875 -0.000000
v 0.638084 2.037306 -0.000000
v 0.629630 2.036741 -0.000000
v 0.621828 2.036203 -0.000000
v 0.614745 2.035717 -0.000000
v 0.608447 2.035308 -0.000000
v 0.603000 2.035000 -0.000000
v 0.603000 2.133000 -0.000000
v 0.608792 2.132482 -0.000000
v 0.615167 2.131935 -0.000000
v 0.622125 2.131375 -0.000000
v 0.629667 2.130815 -0.000000
v 0.637792 2.130269 -0.000000
v 0.646500 2.129750 -0.000000
v 0.655792 2.129273 -0.000000
v 0.665667 2.128852 -0.000000
v 0.676125 2.128500 -0.000000
v 0.687167 2.128232 -0.000000
v 0.698792 2.128060 -0.000000
v 0.711000 2.128000 -0.000000
v 0.735914 2.128000 -0.000000
v 0.772148 2.128000 -0.000000
v 0.817437 2.128000 -0.000000
v 0.869518 2.128000 -0.000000
v 0.926127 2.128000 -0.000000
v 0.985000 2.128000 -0.000000
v 1.043873 2.128000 -0.000000
v 1.100481 2.128000 -0.000000
v 1.152562 2.128000 -0.000000
v 1.197852 2.128000 -0.000000
v 1.234086 2.128000 -0.000000
v 1.259000 2.128000 -0.000000
v 1.272926 2.128060 -0.000000
v 1.286657 2.128231 -0.000000
v 1.300125 2.128500 -0.000000
v 1.313259 2.128852 -0.000000
v 1.325991 2.129273 -0.000000
v 1.338250 2.129750 -0.000000
v 1.349967 2.130268 -0.000000
v 1.361074 2.130815 -0.000000
v 1.371500 2.131375 -0.000000
v 1.381176 2.131935 -0.000000
v 1.390032 2.132481 -0.000000
v 1.740000 2.490000 -0.000000
v 1.793000 2.467000 -0.000000
v 1.786116 2.457066 -0.000000
v 1.779014 2.446361 -0.000000
v 1.771766 2.435031 -0.000000
v 1.764444 2.423222 -0.000000
v 1.757123 2.411080 -0.000000
v 1.749875 2.398750 -0.000000
v 1.742772 2.386379 -0.000000
v 1.735889 2.374111 -0.000000
v 1.729297 2.362094 -0.000000
v 1.723069 2.350472 -0.000000
v 1.717279 2.339392 -0.000000
v 1.712000 2.329000 -0.000000
v 1.658000 2.353000 -0.000000
v 1.663337 2.363411 -0.000000
v 1.669282 2.374537 -0.000000
v 1.675734 2.386219 -0.000000
v 1.682593 2.398296 -0.000000
v 1.689756 2.410610 -0.000000
v 1.697125 2.423000 -0.000000
v 1.704598 2.435307 -0.000000
v 1.712074 2.447371 -0.000000
v 1.719453 2.459031 -0.000000
v 1.726634 2.470130 -0.000000
v 1.733517 2.480506 -0.000000
v 1.630000 2.530000 -0.000000
v 1.683000 2.507000 -0.000000
v 1.675695 2.497353 -0.000000
v 1.668310 2.486991 -0.000000
v 1.660891 2.476032 -0.000000
v 1.653482 2.464593 -0.000000
v 1.646128 2.452793 -0.000000
v 1.638875 2.440750 -0.000000
v 1.631768 2.428583 -0.000000
v 1.624852 2.416408 -0.000000
v 1.618172 2.404344 -0.000000
v 1.611773 2.392510 -0.000000
v 1.605701 2.381022 -0.000000
v 1.600000 2.370000 -0.000000
v 1.546000 2.394000 -0.000000
v 1.551148 2.403742 -0.000000
v 1.557014 2.414352 -0.000000
v 1.563484 2.425656 -0.000000
v 1.570444 2.437481 -0.000000
v 1.577779 2.449654 -0.000000
v 1.585375 2.462000 -0.000000
v 1.593116 2.474346 -0.000000
v 1.600889 2.486518 -0.000000
v 1.608578 2.498344 -0.000000
v 1.616069 2.509648 -0.000000
v 1.623248 2.520258 -0.000000
v 2.102000 2.453000 -0.000000
v 2.199000 2.472000 -0.000000
v 2.199562 2.465461 -0.000000
v 2.200250 2.458852 -0.000000
v 2.201062 2.452188 -0.000000
v 2.202000 2.445482 -0.000000
v 2.203063 2.438748 -0.000000
v 2.204250 2.432000 -0.000000
v 2.205563 2.425252 -0.000000
v 2.207000 2.418519 -0.000000
v 2.208563 2.411813 -0.000000
v 2.210250 2.405148 -0.000000
v 2.212063 2.398540 -0.000000
v 2.214000 2.392000 -0.000000
v 2.216897 2.382008 -0.000000
v 2.220093 2.371560 -0.000000
v 2.223594 2.360703 -0.000000
v 2.227407 2.349482 -0.000000
v 2.231541 2.337940 -0.000000
v 2.236000 2.326125 -0.000000
v 2.240793 2.314080 -0.000000
v 2.245926 2.301852 -0.000000
v 2.251406 2.289485 -0.000000
v 2.257241 2.277023 -0.000000
v 2.263437 2.264513 -0.000000
v 2.270000 2.252000 -0.000000
v 2.279480 2.235949 -0.000000
v 2.290338 2.218505 -0.000000
v 2.302453 2.199984 -0.000000
v 2.315704 2.180704 -0.000000
v 2.329968 2.160979 -0.000000
v 2.345125 2.141125 -0.000000
v 2.361053 2.121459 -0.000000
v 2.377630 2.102296 -0.000000
v 2.394734 2.083953 -0.000000
v 2.412245 2.066745 -0.000000
v 2.430041 2.050989 -0.000000
v 2.448000 2.037000 -0.000000
v 2.369000 1.990000 -0.000000
v 2.354314 2.002862 -0.000000
v 2.339343 2.017310 -0.000000
v 2.324219 2.033141 -0.000000
v 2.309074 2.050148 -0.000000
v 2.294041 2.068128 -0.000000
v 2.279250 2.086875 -0.000000
v 2.264835 2.106185 -0.000000
v 2.250926 2.125852 -0.000000
v 2.237656 2.145672 -0.000000
v 2.225157 2.165440 -0.000000
v 2.213562 2.184951 -0.000000
v 2.203000 2.204000 -0.000000
v 1.946000 2.204000 -0.000000
v 1.951628 2.143024 -0.000000
v 1.960773 2.086944 -0.000000
v 1.973078 2.035531 -0.000000
v 1.988185 1.988555 -0.000000
v 2.005737 1.945788 -0.000000
v 2.025375 1.907000 -0.000000
v 2.046742 1.871961 -0.000000
v 2.069481 1.840444 -0.000000
v 2.093234 1.812218 -0.000000
v 2.117643 1.787055 -0.000000
v 2.142351 1.764725 -0.000000
v 2.167000 1.745000 -0.000000
v 2.172662 1.740524 -0.000000
v 2.178625 1.736106 -0.000000
v 2.184860 1.731766 -0.000000
v 2.191334 1.727518 -0.000000
v 2.198016 1.723382 -0.000000
v 2.204875 1.719375 -0.000000
v 2.211880 1.715513 -0.000000
v 2.219000 1.711815 -0.000000
v 2.226203 1.708297 -0.000000
v 2.233459 1.704977 -0.000000
v 2.240735 1.701872 -0.000000
v 2.248000 1.699000 -0.000000
v 2.163000 1.641000 -0.000000
v 2.121271 1.669723 -0.000000
v 2.082167 1.701037 -0.000000
v 2.045812 1.735156 -0.000000
v 2.012333 1.772296 -0.000000
v 1.981854 1.812672 -0.000000
v 1.954500 1.856500 -0.000000
v 1.930395 1.903994 -0.000000
v 1.909666 1.955370 -0.000000
v 1.892437 2.010844 -0.000000
v 1.878833 2.070630 -0.000000
v 1.868979 2.134943 -0.000000
v 1.863000 2.204000 -0.000000
v 1.693000 2.204000 -0.000000
v 1.686931 2.203979 -0.000000
v 1.680278 2.203917 -0.000000
v 1.673125 2.203813 -0.000000
v 1.665555 2.203667 -0.000000
v 1.657653 2.203479 -0.000000
v 1.649500 2.203250 -0.000000
v 1.641181 2.202979 -0.000000
v 1.632778 2.202667 -0.000000
v 1.624375 2.202313 -0.000000
v 1.616055 2.201917 -0.000000
v 1.607903 2.201479 -0.000000
v 1.600000 2.201000 -0.000000
v 1.600000 2.287000 -0.000000
v 1.607463 2.286062 -0.000000
v 1.615292 2.285241 -0.000000
v 1.623391 2.284531 -0.000000
v 1.631667 2.283926 -0.000000
v 1.640026 2.283418 -0.000000
v 1.648375 2.283000 -0.000000
v 1.656620 2.282665 -0.000000
v 1.664667 2.282407 -0.000000
v 1.672422 2.282219 -0.000000
v 1.679791 2.282093 -0.000000
v 1.686682 2.282022 -0.000000
v 1.693000 2.282000 -0.000000
v 2.166000 2.282000 -0.000000
v 2.162082 2.290996 -0.000000
v 2.158324 2.299968 -0.000000
v 2.154719 2.308891 -0.000000
v 2.151259 2.317741 -0.000000
v 2.147939 2.326494 -0.000000
v 2.144750 2.335125 -0.000000
v 2.141686 2.343611 -0.000000
v 2.138741 2.351926 -0.000000
v 2.135906 2.360047 -0.000000
v 2.133176 2.367949 -0.000000
v 2.130543 2.375608 -0.000000
v 2.128000 2.383000 -0.000000
v 2.126190 2.388139 -0.000000
v 2.124269 2.393533 -0.000000
v 2.122250 2.399141 -0.000000
v 2.120148 2.404926 -0.000000
v 2.117977 2.410850 -0.000000
v 2.115750 2.416875 -0.000000
v 2.113482 2.422962 -0.000000
v 2.111186 2.429074 -0.000000
v 2.108875 2.435172 -0.000000
v 2.106565 2.441218 -0.000000
v 2.104269 2.447173 -0.000000
vn -0.0000 -0.0000 -1.0000
vn -0.0000 -0.0000 1.0000
vt 0.750000 0.000000
vt 0.727273 0.000000
vt 0.738636 0.000000
vt 0.715909 0.000000
vt 0.704545 0.000000
vt 0.761364 0.000000
vt 0.693182 0.000000
vt 0.772727 0.000000
vt 0.681818 0.000000
vt 0.784091 0.000000
vt 0.670455 0.000000
vt 0.795455 0.000000
vt 0.659091 0.000000
vt 0.806818 0.000000
vt 0.647727 0.000000
vt 0.818182 0.000000
vt 0.636364 0.000000
vt 0.829545 0.000000
vt 0.625000 0.000000
vt 0.840909 0.000000
vt 0.613636 0.000000
vt 0.852273 0.000000
vt 0.602273 0.000000
vt 0.863636 0.000000
vt 0.590909 0.000000
vt 0.875000 0.000000
vt 0.886364 0.000000
vt 0.579545 0.000000
vt 0.897727 0.000000
vt 0.909091 0.000000
vt 0.920455 0.000000
vt 0.568182 0.000000
vt 0.556818 0.000000
vt 0.931818 0.000000
vt 0.545455 0.000000
vt 0.534091 0.000000
vt 0.522727 0.000000
vt 0.511364 0.000000
vt 0.943182 0.000000
vt 0.295455 0.000000
vt 0.500000 0.000000
vt 0.284091 0.000000
vt 0.306818 0.000000
vt 0.488636 0.000000
vt 0.318182 0.000000
vt 0.477273 0.000000
vt 0.329545 0.000000
vt 0.340909 0.000000
vt 0.465909 0.000000
vt 0.352273 0.000000
vt 0.454545 0.000000
vt 0.954545 0.000000
vt 0.363636 0.000000
vt 0.443182 0.000000
vt 0.375000 0.000000
vt 0.386364 0.000000
vt 0.397727 0.000000
vt 0.409091 0.000000
vt 0.420455 0.000000
vt 0.431818 0.000000
vt 0.965909 0.000000
vt 0.977273 0.000000
vt 0.988636 0.000000
vt 1.000000 0.000000
vt 0.000000 0.000000
vt 0.011364 0.000000
vt 0.272727 0.000000
vt 0.261364 0.000000
vt 0.022727 0.000000
vt 0.250000 0.000000
vt 0.034091 0.000000
vt 0.238636 0.000000
vt 0.045455 0.000000
vt 0.227273 0.000000
vt 0.056818 0.000000
vt 0.215909 0.000000
vt 0.068182 0.000000
vt 0.204545 0.000000
vt 0.079545 0.000000
vt 0.193182 0.000000
vt 0.090909 0.000000
vt 0.181818 0.000000
vt 0.102273 0.000000
vt 0.170455 0.000000
vt 0.113636 0.000000
vt 0.159091 0.000000
vt 0.125000 0.000000
vt 0.147727 0.000000
vt 0.136364 0.000000
vt 0.013699 0.000000
vt 0.534247 0.000000
vt 0.506849 0.000000
vt 0.520548 0.000000
vt 0.986301 0.000000
vt 0.547945 0.000000
vt 0.972603 0.000000
vt 0.561644 0.000000
vt 0.958904 0.000000
vt 0.575342 0.000000
vt 0.945205 0.000000
vt 0.589041 0.000000
vt 0.931507 0.000000
vt 0.602740 0.000000
vt 0.917808 0.000000
vt 0.616438 0.000000
vt 0.904110 0.000000
vt 0.630137 0.000000
vt 0.890411 0.000000
vt 0.643836 0.000000
vt 0.876712 0.000000
vt 0.657534 0.000000
vt 0.863014 0.000000
vt 0.671233 0.000000
vt 0.849315 0.000000
vt 0.684932 0.000000
vt 0.835616 0.000000
vt 0.821918 0.000000
vt 0.808219 0.000000
vt 0.794521 0.000000
vt 0.780822 0.000000
vt 0.767123 0.000000
vt 0.753425 0.000000
vt 0.739726 0.000000
vt 0.726027 0.000000
vt 0.712329 0.000000
vt 0.698630 0.000000
vt 0.027397 0.000000
vt 0.041096 0.000000
vt 0.054795 0.000000
vt 0.068493 0.000000
vt 0.082192 0.000000
vt 0.095890 0.000000
vt 0.109589 0.000000
vt 0.123288 0.000000
vt 0.136986 0.000000
vt 0.150685 0.000000
vt 0.164384 0.000000
vt 0.178082 0.000000
vt 0.191781 0.000000
vt 0.205479 0.000000
vt 0.219178 0.000000
vt 0.246575 0.000000
vt 0.287671 0.000000
vt 0.328767 0.000000
vt 0.342466 0.000000
vt 0.356164 0.000000
vt 0.369863 0.000000
vt 0.383562 0.000000
vt 0.397260 0.000000
vt 0.410959 0.000000
vt 0.424658 0.000000
vt 0.438356 0.000000
vt 0.232877 0.000000
vt 0.260274 0.000000
vt 0.273973 0.000000
vt 0.301370 0.000000
vt 0.315068 0.000000
vt 0.452055 0.000000
vt 0.465753 0.000000
vt 0.479452 0.000000
vt 0.493151 0.000000
vt 0.005682 0.000000
vt 0.017045 0.000000
vt 0.028409 0.000000
vt 0.039773 0.000000
vt 0.994318 0.000000
vt 0.051136 0.000000
vt 0.982955 0.000000
vt 0.062500 0.000000
vt 0.971591 0.000000
vt 0.073864 0.000000
vt 0.960227 0.000000
vt 0.948864 0.000000
vt 0.937500 0.000000
vt 0.085227 0.000000
vt 0.857955 0.000000
vt 0.869318 0.000000
vt 0.880682 0.000000
vt 0.892045 0.000000
vt 0.903409 0.000000
vt 0.914773 0.000000
vt 0.926136 0.000000
vt 0.096591 0.000000
vt 0.846591 0.000000
vt 0.835227 0.000000
vt 0.823864 0.000000
vt 0.812500 0.000000
vt 0.801136 0.000000
vt 0.221591 0.000000
vt 0.210227 0.000000
vt 0.107955 0.000000
vt 0.789773 0.000000
vt 0.778409 0.000000
vt 0.232955 0.000000
vt 0.198864 0.000000
vt 0.767045 0.000000
vt 0.119318 0.000000
vt 0.244318 0.000000
vt 0.187500 0.000000
vt 0.755682 0.000000
vt 0.255682 0.000000
vt 0.130682 0.000000
vt 0.176136 0.000000
vt 0.357955 0.000000
vt 0.346591 0.000000
vt 0.267045 0.000000
vt 0.744318 0.000000
vt 0.335227 0.000000
vt 0.164773 0.000000
vt 0.142045 0.000000
vt 0.323864 0.000000
vt 0.369318 0.000000
vt 0.278409 0.000000
vt 0.312500 0.000000
vt 0.380682 0.000000
vt 0.732955 0.000000
vt 0.153409 0.000000
vt 0.392045 0.000000
vt 0.301136 0.000000
vt 0.289773 0.000000
vt 0.403409 0.000000
vt 0.721591 0.000000
vt 0.414773 0.000000
vt 0.426136 0.000000
vt 0.710227 0.000000
vt 0.698864 0.000000
vt 0.437500 0.000000
vt 0.687500 0.000000
vt 0.676136 0.000000
vt 0.573864 0.000000
vt 0.664773 0.000000
vt 0.448864 0.000000
vt 0.585227 0.000000
vt 0.653409 0.000000
vt 0.596591 0.000000
vt 0.607955 0.000000
vt 0.619318 0.000000
vt 0.630682 0.000000
vt 0.642045 0.000000
vt 0.562500 0.000000
vt 0.460227 0.000000
vt 0.551136 0.000000
vt 0.471591 0.000000
vt 0.539773 0.000000
vt 0.482955 0.000000
vt 0.528409 0.000000
vt 0.494318 0.000000
vt 0.505682 0.000000
vt 0.517045 0.000000
vt 0.013605 0.000000
vt 0.006803 0.000000
vt 0.020408 0.000000
vt 0.258503 0.000000
vt 0.244898 0.000000
vt 0.251701 0.000000
vt 0.027211 0.000000
vt 0.238095 0.000000
vt 0.231293 0.000000
vt 0.034014 0.000000
vt 0.224490 0.000000
vt 0.040816 0.000000
vt 0.217687 0.000000
vt 0.210884 0.000000
vt 0.047619 0.000000
vt 0.204082 0.000000
vt 0.054422 0.000000
vt 0.197279 0.000000
vt 0.061224 0.000000
vt 0.190476 0.000000
vt 0.068027 0.000000
vt 0.183673 0.000000
vt 0.074830 0.000000
vt 0.176871 0.000000
vt 0.081633 0.000000
vt 0.170068 0.000000
vt 0.088435 0.000000
vt 0.163265 0.000000
vt 0.156463 0.000000
vt 0.149660 0.000000
vt 0.142857 0.000000
vt 0.136054 0.000000
vt 0.129252 0.000000
vt 0.122449 0.000000
vt 0.115646 0.000000
vt 0.108844 0.000000
vt 0.102041 0.000000
vt 0.095238 0.000000
vt 0.265306 0.000000
vt 0.993197 0.000000
vt 0.272109 0.000000
vt 0.986395 0.000000
vt 0.278912 0.000000
vt 0.979592 0.000000
vt 0.285714 0.000000
vt 0.292517 0.000000
vt 0.972789 0.000000
vt 0.299320 0.000000
vt 0.965986 0.000000
vt 0.306122 0.000000
vt 0.312925 0.000000
vt 0.959184 0.000000
vt 0.319728 0.000000
vt 0.952381 0.000000
vt 0.326531 0.000000
vt 0.945578 0.000000
vt 0.938776 0.000000
vt 0.333333 0.000000
vt 0.931973 0.000000
vt 0.925170 0.000000
vt 0.340136 0.000000
vt 0.353741 0.000000
vt 0.360544 0.000000
vt 0.367347 0.000000
vt 0.374150 0.000000
vt 0.380952 0.000000
vt 0.387755 0.000000
vt 0.401361 0.000000
vt 0.408163 0.000000
vt 0.414966 0.000000
vt 0.421769 0.000000
vt 0.918367 0.000000
vt 0.346939 0.000000
vt 0.394558 0.000000
vt 0.428571 0.000000
vt 0.911565 0.000000
vt 0.435374 0.000000
vt 0.904762 0.000000
vt 0.442177 0.000000
vt 0.897959 0.000000
vt 0.448980 0.000000
vt 0.891156 0.000000
vt 0.455782 0.000000
vt 0.884354 0.000000
vt 0.462585 0.000000
vt 0.877551 0.000000
vt 0.469388 0.000000
vt 0.870748 0.000000
vt 0.476190 0.000000
vt 0.482993 0.000000
vt 0.863946 0.000000
vt 0.489796 0.000000
vt 0.857143 0.000000
vt 0.496599 0.000000
vt 0.850340 0.000000
vt 0.503401 0.000000
vt 0.843537 0.000000
vt 0.510204 0.000000
vt 0.836735 0.000000
vt 0.517007 0.000000
vt 0.829932 0.000000
vt 0.523810 0.000000
vt 0.673469 0.000000
vt 0.823129 0.000000
vt 0.666667 0.000000
vt 0.680272 0.000000
vt 0.816327 0.000000
vt 0.530612 0.000000
vt 0.687075 0.000000
vt 0.659864 0.000000
vt 0.809524 0.000000
vt 0.537415 0.000000
vt 0.693878 0.000000
vt 0.653061 0.000000
vt 0.802721 0.000000
vt 0.544218 0.000000
vt 0.700680 0.000000
vt 0.646259 0.000000
vt 0.795918 0.000000
vt 0.551020 0.000000
vt 0.707483 0.000000
vt 0.639456 0.000000
vt 0.789116 0.000000
vt 0.557823 0.000000
vt 0.714286 0.000000
vt 0.632653 0.000000
vt 0.782313 0.000000
vt 0.564626 0.000000
vt 0.721088 0.000000
vt 0.625850 0.000000
vt 0.571429 0.000000
vt 0.775510 0.000000
vt 0.727891 0.000000
vt 0.619048 0.000000
vt 0.578231 0.000000
vt 0.768707 0.000000
vt 0.734694 0.000000
vt 0.585034 0.000000
vt 0.612245 0.000000
vt 0.761905 0.000000
vt 0.591837 0.000000
vt 0.741497 0.000000
vt 0.605442 0.000000
vt 0.748299 0.000000
vt 0.755102 0.000000
vt 0.598639 0.000000
vt 0.830882 0.000000
vt 0.816176 0.000000
vt 0.823529 0.000000
vt 0.838235 0.000000
vt 0.845588 0.000000
vt 0.852941 0.000000
vt 0.808824 0.000000
vt 0.860294 0.000000
vt 0.801471 0.000000
vt 0.794118 0.000000
vt 0.867647 0.000000
vt 0.786765 0.000000
vt 0.779412 0.000000
vt 0.882353 0.000000
vt 0.772059 0.000000
vt 0.889706 0.000000
vt 0.764706 0.000000
vt 0.897059 0.000000
vt 0.757353 0.000000
vt 0.904412 0.000000
vt 0.742647 0.000000
vt 0.911765 0.000000
vt 0.735294 0.000000
vt 0.919118 0.000000
vt 0.727941 0.000000
vt 0.720588 0.000000
vt 0.926471 0.000000
vt 0.713235 0.000000
vt 0.933824 0.000000
vt 0.705882 0.000000
vt 0.941176 0.000000
vt 0.698529 0.000000
vt 0.948529 0.000000
vt 0.691176 0.000000
vt 0.955882 0.000000
vt 0.683824 0.000000
vt 0.463235 0.000000
vt 0.448529 0.000000
vt 0.455882 0.000000
vt 0.963235 0.000000
vt 0.676471 0.000000
vt 0.441176 0.000000
vt 0.470588 0.000000
vt 0.477941 0.000000
vt 0.433824 0.000000
vt 0.970588 0.000000
vt 0.485294 0.000000
vt 0.669118 0.000000
vt 0.492647 0.000000
vt 0.426471 0.000000
vt 0.507353 0.000000
vt 0.977941 0.000000
vt 0.661765 0.000000
vt 0.514706 0.000000
vt 0.419118 0.000000
vt 0.522059 0.000000
vt 0.529412 0.000000
vt 0.654412 0.000000
vt 0.411765 0.000000
vt 0.985294 0.000000
vt 0.536765 0.000000
vt 0.544118 0.000000
vt 0.404412 0.000000
vt 0.647059 0.000000
vt 0.992647 0.000000
vt 0.551471 0.000000
vt 0.558824 0.000000
vt 0.397059 0.000000
vt 0.566176 0.000000
vt 0.573529 0.000000
vt 0.580882 0.000000
vt 0.639706 0.000000
vt 0.588235 0.000000
vt 0.595588 0.000000
vt 0.602941 0.000000
vt 0.610294 0.000000
vt 0.617647 0.000000
vt 0.389706 0.000000
vt 0.632353 0.000000
vt 0.007353 0.000000
vt 0.014706 0.000000
vt 0.022059 0.000000
vt 0.029412 0.000000
vt 0.036765 0.000000
vt 0.095588 0.000000
vt 0.080882 0.000000
vt 0.088235 0.000000
vt 0.044118 0.000000
vt 0.073529 0.000000
vt 0.051471 0.000000
vt 0.066176 0.000000
vt 0.058824 0.000000
vt 0.132353 0.000000
vt 0.139706 0.000000
vt 0.147059 0.000000
vt 0.154412 0.000000
vt 0.161765 0.000000
vt 0.169118 0.000000
vt 0.272059 0.000000
vt 0.264706 0.000000
vt 0.279412 0.000000
vt 0.382353 0.000000
vt 0.257353 0.000000
vt 0.286765 0.000000
vt 0.242647 0.000000
vt 0.235294 0.000000
vt 0.294118 0.000000
vt 0.176471 0.000000
vt 0.227941 0.000000
vt 0.301471 0.000000
vt 0.220588 0.000000
vt 0.213235 0.000000
vt 0.308824 0.000000
vt 0.205882 0.000000
vt 0.198529 0.000000
vt 0.316176 0.000000
vt 0.191176 0.000000
vt 0.367647 0.000000
vt 0.183824 0.000000
vt 0.323529 0.000000
vt 0.117647 0.000000
vt 0.110294 0.000000
vt 0.102941 0.000000
vt 0.330882 0.000000
vt 0.338235 0.000000
vt 0.345588 0.000000
vt 0.352941 0.000000
vt 0.360294 0.000000
vt 0.142105 0.000000
vt 0.268421 0.000000
vt 0.136842 0.000000
vt 0.263158 0.000000
vt 0.257895 0.000000
vt 0.147368 0.000000
vt 0.252632 0.000000
vt 0.152632 0.000000
vt 0.005263 0.000000
vt 0.131579 0.000000
vt 0.157895 0.000000
vt 0.247368 0.000000
vt 0.126316 0.000000
vt 0.163158 0.000000
vt 0.242105 0.000000
vt 0.284211 0.000000
vt 0.273684 0.000000
vt 0.278947 0.000000
vt 0.121053 0.000000
vt 0.010526 0.000000
vt 0.289474 0.000000
vt 0.168421 0.000000
vt 0.236842 0.000000
vt 0.115789 0.000000
vt 0.294737 0.000000
vt 0.015789 0.000000
vt 0.173684 0.000000
vt 0.300000 0.000000
vt 0.231579 0.000000
vt 0.110526 0.000000
vt 0.994737 0.000000
vt 0.021053 0.000000
vt 0.305263 0.000000
vt 0.989474 0.000000
vt 0.178947 0.000000
vt 0.310526 0.000000
vt 0.226316 0.000000
vt 0.105263 0.000000
vt 0.984211 0.000000
vt 0.026316 0.000000
vt 0.315789 0.000000
vt 0.978947 0.000000
vt 0.184211 0.000000
vt 0.221053 0.000000
vt 0.321053 0.000000
vt 0.031579 0.000000
vt 0.100000 0.000000
vt 0.973684 0.000000
vt 0.326316 0.000000
vt 0.968421 0.000000
vt 0.189474 0.000000
vt 0.215789 0.000000
vt 0.331579 0.000000
vt 0.036842 0.000000
vt 0.963158 0.000000
vt 0.094737 0.000000
vt 0.336842 0.000000
vt 0.957895 0.000000
vt 0.194737 0.000000
vt 0.210526 0.000000
vt 0.952632 0.000000
vt 0.042105 0.000000
vt 0.342105 0.000000
vt 0.089474 0.000000
vt 0.200000 0.000000
vt 0.205263 0.000000
vt 0.947368 0.000000
vt 0.347368 0.000000
vt 0.942105 0.000000
vt 0.047368 0.000000
vt 0.084211 0.000000
vt 0.936842 0.000000
vt 0.352632 0.000000
vt 0.931579 0.000000
vt 0.078947 0.000000
vt 0.052632 0.000000
vt 0.357895 0.000000
vt 0.926316 0.000000
vt 0.073684 0.000000
vt 0.057895 0.000000
vt 0.363158 0.000000
vt 0.921053 0.000000
vt 0.063158 0.000000
vt 0.068421 0.000000
vt 0.915789 0.000000
vt 0.368421 0.000000
vt 0.910526 0.000000
vt 0.373684 0.000000
vt 0.905263 0.000000
vt 0.900000 0.000000
vt 0.378947 0.000000
vt 0.894737 0.000000
vt 0.384211 0.000000
vt 0.889474 0.000000
vt 0.389474 0.000000
vt 0.884211 0.000000
vt 0.878947 0.000000
vt 0.394737 0.000000
vt 0.815789 0.000000
vt 0.805263 0.000000
vt 0.810526 0.000000
vt 0.821053 0.000000
vt 0.826316 0.000000
vt 0.831579 0.000000
vt 0.836842 0.000000
vt 0.842105 0.000000
vt 0.847368 0.000000
vt 0.852632 0.000000
vt 0.857895 0.000000
vt 0.863158 0.000000
vt 0.868421 0.000000
vt 0.873684 0.000000
vt 0.400000 0.000000
vt 0.405263 0.000000
vt 0.410526 0.000000
vt 0.794737 0.000000
vt 0.800000 0.000000
vt 0.415789 0.000000
vt 0.768421 0.000000
vt 0.773684 0.000000
vt 0.778947 0.000000
vt 0.784211 0.000000
vt 0.789474 0.000000
vt 0.421053 0.000000
vt 0.536842 0.000000
vt 0.542105 0.000000
vt 0.736842 0.000000
vt 0.742105 0.000000
vt 0.747368 0.000000
vt 0.752632 0.000000
vt 0.757895 0.000000
vt 0.763158 0.000000
vt 0.531579 0.000000
vt 0.547368 0.000000
vt 0.731579 0.000000
vt 0.426316 0.000000
vt 0.526316 0.000000
vt 0.431579 0.000000
vt 0.521053 0.000000
vt 0.436842 0.000000
vt 0.515789 0.000000
vt 0.552632 0.000000
vt 0.442105 0.000000
vt 0.726316 0.000000
vt 0.510526 0.000000
vt 0.447368 0.000000
vt 0.505263 0.000000
vt 0.452632 0.000000
vt 0.557895 0.000000
vt 0.457895 0.000000
vt 0.721053 0.000000
vt 0.494737 0.000000
vt 0.463158 0.000000
vt 0.468421 0.000000
vt 0.489474 0.000000
vt 0.473684 0.000000
vt 0.563158 0.000000
vt 0.484211 0.000000
vt 0.478947 0.000000
vt 0.715789 0.000000
vt 0.568421 0.000000
vt 0.710526 0.000000
vt 0.573684 0.000000
vt 0.578947 0.000000
vt 0.705263 0.000000
vt 0.584211 0.000000
vt 0.700000 0.000000
vt 0.589474 0.000000
vt 0.694737 0.000000
vt 0.594737 0.000000
vt 0.600000 0.000000
vt 0.689474 0.000000
vt 0.605263 0.000000
vt 0.610526 0.000000
vt 0.615789 0.000000
vt 0.621053 0.000000
vt 0.684211 0.000000
vt 0.626316 0.000000
vt 0.631579 0.000000
vt 0.636842 0.000000
vt 0.642105 0.000000
vt 0.647368 0.000000
vt 0.652632 0.000000
vt 0.657895 0.000000
vt 0.663158 0.000000
vt 0.668421 0.000000
vt 0.678947 0.000000
vt 0.673684 0.000000
vt 0.134021 0.000000
vt 0.113402 0.000000
vt 0.123711 0.000000
vt 0.103093 0.000000
vt 0.092784 0.000000
vt 0.144330 0.000000
vt 0.082474 0.000000
vt 0.072165 0.000000
vt 0.061856 0.000000
vt 0.154639 0.000000
vt 0.051546 0.000000
vt 0.041237 0.000000
vt 0.030928 0.000000
vt 0.164948 0.000000
vt 0.020619 0.000000
vt 0.010309 0.000000
vt 0.175258 0.000000
vt 0.896907 0.000000
vt 0.907216 0.000000
vt 0.917526 0.000000
vt 0.927835 0.000000
vt 0.938144 0.000000
vt 0.948454 0.000000
vt 0.958763 0.000000
vt 0.969072 0.000000
vt 0.979381 0.000000
vt 0.989691 0.000000
vt 0.185567 0.000000
vt 0.876289 0.000000
vt 0.886598 0.000000
vt 0.865979 0.000000
vt 0.855670 0.000000
vt 0.845361 0.000000
vt 0.195876 0.000000
vt 0.835052 0.000000
vt 0.824742 0.000000
vt 0.206186 0.000000
vt 0.814433 0.000000
vt 0.804124 0.000000
vt 0.216495 0.000000
vt 0.793814 0.000000
vt 0.226804 0.000000
vt 0.783505 0.000000
vt 0.773196 0.000000
vt 0.237113 0.000000
vt 0.762887 0.000000
vt 0.247423 0.000000
vt 0.752577 0.000000
vt 0.742268 0.000000
vt 0.257732 0.000000
vt 0.731959 0.000000
vt 0.268041 0.000000
vt 0.721649 0.000000
vt 0.278351 0.000000
vt 0.711340 0.000000
vt 0.288660 0.000000
vt 0.701031 0.000000
vt 0.298969 0.000000
vt 0.690722 0.000000
vt 0.515464 0.000000
vt 0.494845 0.000000
vt 0.505155 0.000000
vt 0.680412 0.000000
vt 0.525773 0.000000
vt 0.309278 0.000000
vt 0.536082 0.000000
vt 0.670103 0.000000
vt 0.546392 0.000000
vt 0.556701 0.000000
vt 0.659794 0.000000
vt 0.567010 0.000000
vt 0.319588 0.000000
vt 0.577320 0.000000
vt 0.649485 0.000000
vt 0.587629 0.000000
vt 0.597938 0.000000
vt 0.639175 0.000000
vt 0.608247 0.000000
vt 0.618557 0.000000
vt 0.628866 0.000000
vt 0.329897 0.000000
vt 0.484536 0.000000
vt 0.340206 0.000000
vt 0.474227 0.000000
vt 0.463918 0.000000
vt 0.453608 0.000000
vt 0.350515 0.000000
vt 0.443299 0.000000
vt 0.432990 0.000000
vt 0.422680 0.000000
vt 0.360825 0.000000
vt 0.412371 0.000000
vt 0.402062 0.000000
vt 0.391753 0.000000
vt 0.371134 0.000000
vt 0.381443 0.000000
vt 0.018182 0.000000
vt 0.527273 0.000000
vt 0.509091 0.000000
vt 0.490909 0.000000
vt 0.472727 0.000000
vt 0.436364 0.000000
vt 0.418182 0.000000
vt 0.381818 0.000000
vt 0.563636 0.000000
vt 0.581818 0.000000
vt 0.345455 0.000000
vt 0.618182 0.000000
vt 0.654545 0.000000
vt 0.327273 0.000000
vt 0.672727 0.000000
vt 0.690909 0.000000
vt 0.709091 0.000000
vt 0.309091 0.000000
vt 0.745455 0.000000
vt 0.290909 0.000000
vt 0.763636 0.000000
vt 0.781818 0.000000
vt 0.254545 0.000000
vt 0.836364 0.000000
vt 0.236364 0.000000
vt 0.854545 0.000000
vt 0.872727 0.000000
vt 0.218182 0.000000
vt 0.890909 0.000000
vt 0.927273 0.000000
vt 0.945455 0.000000
vt 0.963636 0.000000
vt 0.981818 0.000000
vt 0.054545 0.000000
vt 0.163636 0.000000
vt 0.145455 0.000000
vt 0.127273 0.000000
vt 0.109091 0.000000
vt 0.072727 0.000000
vt 0.036364 0.000000
vt 0.107438 0.000000
vt 0.099174 0.000000
vt 0.082645 0.000000
vt 0.074380 0.000000
vt 0.115702 0.000000
vt 0.066116 0.000000
vt 0.057851 0.000000
vt 0.123967 0.000000
vt 0.049587 0.000000
vt 0.041322 0.000000
vt 0.132231 0.000000
vt 0.033058 0.000000
vt 0.024793 0.000000
vt 0.140496 0.000000
vt 0.016529 0.000000
vt 0.008264 0.000000
vt 0.148760 0.000000
vt 0.933884 0.000000
vt 0.942149 0.000000
vt 0.950413 0.000000
vt 0.958678 0.000000
vt 0.966942 0.000000
vt 0.975207 0.000000
vt 0.983471 0.000000
vt 0.991736 0.000000
vt 0.157025 0.000000
vt 0.917355 0.000000
vt 0.925620 0.000000
vt 0.165289 0.000000
vt 0.900826 0.000000
vt 0.173554 0.000000
vt 0.892562 0.000000
vt 0.884298 0.000000
vt 0.876033 0.000000
vt 0.867769 0.000000
vt 0.859504 0.000000
vt 0.851240 0.000000
vt 0.842975 0.000000
vt 0.834711 0.000000
vt 0.826446 0.000000
vt 0.190083 0.000000
vt 0.809917 0.000000
vt 0.198347 0.000000
vt 0.801653 0.000000
vt 0.793388 0.000000
vt 0.206612 0.000000
vt 0.785124 0.000000
vt 0.776860 0.000000
vt 0.214876 0.000000
vt 0.768595 0.000000
vt 0.223140 0.000000
vt 0.760331 0.000000
vt 0.752066 0.000000
vt 0.231405 0.000000
vt 0.743802 0.000000
vt 0.239669 0.000000
vt 0.735537 0.000000
vt 0.247934 0.000000
vt 0.256198 0.000000
vt 0.719008 0.000000
vt 0.264463 0.000000
vt 0.710744 0.000000
vt 0.280992 0.000000
vt 0.289256 0.000000
vt 0.702479 0.000000
vt 0.297521 0.000000
vt 0.504132 0.000000
vt 0.487603 0.000000
vt 0.495868 0.000000
vt 0.694215 0.000000
vt 0.305785 0.000000
vt 0.479339 0.000000
vt 0.314050 0.000000
vt 0.685950 0.000000
vt 0.471074 0.000000
vt 0.322314 0.000000
vt 0.462810 0.000000
vt 0.330579 0.000000
vt 0.338843 0.000000
vt 0.677686 0.000000
vt 0.347107 0.000000
vt 0.446281 0.000000
vt 0.355372 0.000000
vt 0.438017 0.000000
vt 0.669421 0.000000
vt 0.429752 0.000000
vt 0.371901 0.000000
vt 0.421488 0.000000
vt 0.380165 0.000000
vt 0.413223 0.000000
vt 0.388430 0.000000
vt 0.404959 0.000000
vt 0.661157 0.000000
vt 0.396694 0.000000
vt 0.652893 0.000000
vt 0.512397 0.000000
vt 0.520661 0.000000
vt 0.644628 0.000000
vt 0.528926 0.000000
vt 0.537190 0.000000
vt 0.628099 0.000000
vt 0.553719 0.000000
vt 0.561983 0.000000
vt 0.619835 0.000000
vt 0.570248 0.000000
vt 0.578512 0.000000
vt 0.611570 0.000000
vt 0.586777 0.000000
vt 0.595041 0.000000
vt 0.603306 0.000000
vt 0.256757 0.000000
vt 0.243243 0.000000
vt 0.236486 0.000000
vt 0.229730 0.000000
vt 0.013514 0.000000
vt 0.006757 0.000000
vt 0.222973 0.000000
vt 0.020270 0.000000
vt 0.027027 0.000000
vt 0.216216 0.000000
vt 0.033784 0.000000
vt 0.209459 0.000000
vt 0.040541 0.000000
vt 0.202703 0.000000
vt 0.047297 0.000000
vt 0.054054 0.000000
vt 0.195946 0.000000
vt 0.060811 0.000000
vt 0.189189 0.000000
vt 0.067568 0.000000
vt 0.182432 0.000000
vt 0.074324 0.000000
vt 0.175676 0.000000
vt 0.081081 0.000000
vt 0.168919 0.000000
vt 0.087838 0.000000
vt 0.162162 0.000000
vt 0.155405 0.000000
vt 0.148649 0.000000
vt 0.141892 0.000000
vt 0.135135 0.000000
vt 0.128378 0.000000
vt 0.121622 0.000000
vt 0.114865 0.000000
vt 0.108108 0.000000
vt 0.101351 0.000000
vt 0.094595 0.000000
vt 0.263514 0.000000
vt 0.270270 0.000000
vt 0.277027 0.000000
vt 0.283784 0.000000
vt 0.290541 0.000000
vt 0.297297 0.000000
vt 0.304054 0.000000
vt 0.662162 0.000000
vt 0.655405 0.000000
vt 0.310811 0.000000
vt 0.648649 0.000000
vt 0.641892 0.000000
vt 0.317568 0.000000
vt 0.635135 0.000000
vt 0.628378 0.000000
vt 0.324324 0.000000
vt 0.621622 0.000000
vt 0.614865 0.000000
vt 0.331081 0.000000
vt 0.608108 0.000000
vt 0.601351 0.000000
vt 0.337838 0.000000
vt 0.594595 0.000000
vt 0.344595 0.000000
vt 0.351351 0.000000
vt 0.358108 0.000000
vt 0.364865 0.000000
vt 0.371622 0.000000
vt 0.378378 0.000000
vt 0.385135 0.000000
vt 0.391892 0.000000
vt 0.398649 0.000000
vt 0.412162 0.000000
vt 0.418919 0.000000
vt 0.587838 0.000000
vt 0.405405 0.000000
vt 0.425676 0.000000
vt 0.581081 0.000000
vt 0.432432 0.000000
vt 0.574324 0.000000
vt 0.439189 0.000000
vt 0.567568 0.000000
vt 0.445946 0.000000
vt 0.560811 0.000000
vt 0.452703 0.000000
vt 0.554054 0.000000
vt 0.459459 0.000000
vt 0.682432 0.000000
vt 0.668919 0.000000
vt 0.675676 0.000000
vt 0.689189 0.000000
vt 0.695946 0.000000
vt 0.547297 0.000000
vt 0.466216 0.000000
vt 0.702703 0.000000
vt 0.709459 0.000000
vt 0.716216 0.000000
vt 0.722973 0.000000
vt 0.540541 0.000000
vt 0.472973 0.000000
vt 0.729730 0.000000
vt 0.736486 0.000000
vt 0.743243 0.000000
vt 0.479730 0.000000
vt 0.533784 0.000000
vt 0.993243 0.000000
vt 0.756757 0.000000
vt 0.763514 0.000000
vt 0.486486 0.000000
vt 0.527027 0.000000
vt 0.493243 0.000000
vt 0.520270 0.000000
vt 0.770270 0.000000
vt 0.506757 0.000000
vt 0.986486 0.000000
vt 0.513514 0.000000
vt 0.777027 0.000000
vt 0.979730 0.000000
vt 0.783784 0.000000
vt 0.790541 0.000000
vt 0.972973 0.000000
vt 0.797297 0.000000
vt 0.966216 0.000000
vt 0.804054 0.000000
vt 0.810811 0.000000
vt 0.959459 0.000000
vt 0.817568 0.000000
vt 0.952703 0.000000
vt 0.824324 0.000000
vt 0.831081 0.000000
vt 0.945946 0.000000
vt 0.837838 0.000000
vt 0.939189 0.000000
vt 0.844595 0.000000
vt 0.851351 0.000000
vt 0.858108 0.000000
vt 0.864865 0.000000
vt 0.871622 0.000000
vt 0.878378 0.000000
vt 0.885135 0.000000
vt 0.891892 0.000000
vt 0.898649 0.000000
vt 0.932432 0.000000
vt 0.905405 0.000000
vt 0.912162 0.000000
vt 0.918919 0.000000
vt 0.925676 0.000000
vt 0.444444 0.000000
vt 0.432749 0.000000
vt 0.438596 0.000000
vt 0.450292 0.000000
vt 0.994152 0.000000
vt 0.456140 0.000000
vt 0.988304 0.000000
vt 0.461988 0.000000
vt 0.982456 0.000000
vt 0.467836 0.000000
vt 0.976608 0.000000
vt 0.970760 0.000000
vt 0.479532 0.000000
vt 0.964912 0.000000
vt 0.485380 0.000000
vt 0.959064 0.000000
vt 0.491228 0.000000
vt 0.953216 0.000000
vt 0.497076 0.000000
vt 0.502924 0.000000
vt 0.941520 0.000000
vt 0.508772 0.000000
vt 0.935673 0.000000
vt 0.514620 0.000000
vt 0.929825 0.000000
vt 0.520468 0.000000
vt 0.923977 0.000000
vt 0.918129 0.000000
vt 0.532164 0.000000
vt 0.912281 0.000000
vt 0.538012 0.000000
vt 0.906433 0.000000
vt 0.543860 0.000000
vt 0.900585 0.000000
vt 0.549708 0.000000
vt 0.555556 0.000000
vt 0.888889 0.000000
vt 0.561404 0.000000
vt 0.883041 0.000000
vt 0.567251 0.000000
vt 0.877193 0.000000
vt 0.573099 0.000000
vt 0.871345 0.000000
vt 0.865497 0.000000
vt 0.584795 0.000000
vt 0.859649 0.000000
vt 0.590643 0.000000
vt 0.853801 0.000000
vt 0.596491 0.000000
vt 0.847953 0.000000
vt 0.602339 0.000000
vt 0.608187 0.000000
vt 0.614035 0.000000
vt 0.836257 0.000000
vt 0.619883 0.000000
vt 0.830409 0.000000
vt 0.625731 0.000000
vt 0.824561 0.000000
vt 0.637427 0.000000
vt 0.818713 0.000000
vt 0.643275 0.000000
vt 0.812865 0.000000
vt 0.649123 0.000000
vt 0.807018 0.000000
vt 0.654971 0.000000
vt 0.801170 0.000000
vt 0.660819 0.000000
vt 0.795322 0.000000
vt 0.672515 0.000000
vt 0.678363 0.000000
vt 0.783626 0.000000
vt 0.690058 0.000000
vt 0.777778 0.000000
vt 0.695906 0.000000
vt 0.701754 0.000000
vt 0.771930 0.000000
vt 0.707602 0.000000
vt 0.713450 0.000000
vt 0.766082 0.000000
vt 0.719298 0.000000
vt 0.725146 0.000000
vt 0.760234 0.000000
vt 0.754386 0.000000
vt 0.748538 0.000000
vt 0.742690 0.000000
vt 0.730994 0.000000
vt 0.011696 0.000000
vt 0.005848 0.000000
vt 0.426901 0.000000
vt 0.017544 0.000000
vt 0.415205 0.000000
vt 0.023392 0.000000
vt 0.409357 0.000000
vt 0.029240 0.000000
vt 0.403509 0.000000
vt 0.035088 0.000000
vt 0.397661 0.000000
vt 0.040936 0.000000
vt 0.391813 0.000000
vt 0.046784 0.000000
vt 0.385965 0.000000
vt 0.380117 0.000000
vt 0.058480 0.000000
vt 0.374269 0.000000
vt 0.064327 0.000000
vt 0.070175 0.000000
vt 0.362573 0.000000
vt 0.076023 0.000000
vt 0.081871 0.000000
vt 0.356725 0.000000
vt 0.087719 0.000000
vt 0.350877 0.000000
vt 0.093567 0.000000
vt 0.345029 0.000000
vt 0.099415 0.000000
vt 0.339181 0.000000
vt 0.111111 0.000000
vt 0.327485 0.000000
vt 0.116959 0.000000
vt 0.321637 0.000000
vt 0.122807 0.000000
vt 0.128655 0.000000
vt 0.309942 0.000000
vt 0.134503 0.000000
vt 0.304094 0.000000
vt 0.140351 0.000000
vt 0.298246 0.000000
vt 0.146199 0.000000
vt 0.292398 0.000000
vt 0.152047 0.000000
vt 0.286550 0.000000
vt 0.280702 0.000000
vt 0.274854 0.000000
vt 0.163743 0.000000
vt 0.269006 0.000000
vt 0.169591 0.000000
vt 0.175439 0.000000
vt 0.257310 0.000000
vt 0.181287 0.000000
vt 0.251462 0.000000
vt 0.187135 0.000000
vt 0.245614 0.000000
vt 0.192982 0.000000
vt 0.239766 0.000000
vt 0.198830 0.000000
vt 0.233918 0.000000
vt 0.204678 0.000000
vt 0.228070 0.000000
vt 0.222222 0.000000
vt 0.216374 0.000000
vt 0.015873 0.000000
vt 0.007937 0.000000
vt 0.023810 0.000000
vt 0.031746 0.000000
vt 0.039683 0.000000
vt 0.055556 0.000000
vt 0.992063 0.000000
vt 0.063492 0.000000
vt 0.984127 0.000000
vt 0.071429 0.000000
vt 0.976190 0.000000
vt 0.079365 0.000000
vt 0.968254 0.000000
vt 0.087302 0.000000
vt 0.960317 0.000000
vt 0.103175 0.000000
vt 0.944444 0.000000
vt 0.936508 0.000000
vt 0.928571 0.000000
vt 0.920635 0.000000
vt 0.119048 0.000000
vt 0.912698 0.000000
vt 0.126984 0.000000
vt 0.793651 0.000000
vt 0.801587 0.000000
vt 0.817460 0.000000
vt 0.825397 0.000000
vt 0.833333 0.000000
vt 0.841270 0.000000
vt 0.849206 0.000000
vt 0.865079 0.000000
vt 0.873016 0.000000
vt 0.880952 0.000000
vt 0.896825 0.000000
vt 0.134921 0.000000
vt 0.785714 0.000000
vt 0.769841 0.000000
vt 0.753968 0.000000
vt 0.746032 0.000000
vt 0.738095 0.000000
vt 0.730159 0.000000
vt 0.150794 0.000000
vt 0.301587 0.000000
vt 0.722222 0.000000
vt 0.309524 0.000000
vt 0.293651 0.000000
vt 0.317460 0.000000
vt 0.706349 0.000000
vt 0.698413 0.000000
vt 0.690476 0.000000
vt 0.158730 0.000000
vt 0.325397 0.000000
vt 0.682540 0.000000
vt 0.277778 0.000000
vt 0.166667 0.000000
vt 0.269841 0.000000
vt 0.674603 0.000000
vt 0.341270 0.000000
vt 0.174603 0.000000
vt 0.261905 0.000000
vt 0.349206 0.000000
vt 0.253968 0.000000
vt 0.182540 0.000000
vt 0.658730 0.000000
vt 0.246032 0.000000
vt 0.357143 0.000000
vt 0.650794 0.000000
vt 0.365079 0.000000
vt 0.198413 0.000000
vt 0.230159 0.000000
vt 0.642857 0.000000
vt 0.373016 0.000000
vt 0.206349 0.000000
vt 0.214286 0.000000
vt 0.634921 0.000000
vt 0.388889 0.000000
vt 0.626984 0.000000
vt 0.396825 0.000000
vt 0.404762 0.000000
vt 0.611111 0.000000
vt 0.412698 0.000000
vt 0.603175 0.000000
vt 0.420635 0.000000
vt 0.595238 0.000000
vt 0.587302 0.000000
vt 0.436508 0.000000
vt 0.579365 0.000000
vt 0.452381 0.000000
vt 0.460317 0.000000
vt 0.563492 0.000000
vt 0.468254 0.000000
vt 0.547619 0.000000
vt 0.484127 0.000000
vt 0.539683 0.000000
vt 0.492063 0.000000
vt 0.531746 0.000000
vt 0.507937 0.000000
vt 0.515873 0.000000
vt 0.708029 0.000000
vt 0.703163 0.000000
vt 0.705596 0.000000
vt 0.710462 0.000000
vt 0.712895 0.000000
vt 0.997567 0.000000
vt 0.715328 0.000000
vt 0.995134 0.000000
vt 0.992701 0.000000
vt 0.717762 0.000000
vt 0.990268 0.000000
vt 0.720195 0.000000
vt 0.987835 0.000000
vt 0.722628 0.000000
vt 0.985401 0.000000
vt 0.725061 0.000000
vt 0.982968 0.000000
vt 0.727494 0.000000
vt 0.980535 0.000000
vt 0.729927 0.000000
vt 0.978102 0.000000
vt 0.732360 0.000000
vt 0.975669 0.000000
vt 0.734793 0.000000
vt 0.973236 0.000000
vt 0.737226 0.000000
vt 0.970803 0.000000
vt 0.739659 0.000000
vt 0.968370 0.000000
vt 0.742092 0.000000
vt 0.965937 0.000000
vt 0.744526 0.000000
vt 0.963504 0.000000
vt 0.746959 0.000000
vt 0.961071 0.000000
vt 0.749392 0.000000
vt 0.958637 0.000000
vt 0.751825 0.000000
vt 0.956204 0.000000
vt 0.754258 0.000000
vt 0.953771 0.000000
vt 0.756691 0.000000
vt 0.951338 0.000000
vt 0.759124 0.000000
vt 0.948905 0.000000
vt 0.761557 0.000000
vt 0.946472 0.000000
vt 0.944039 0.000000
vt 0.763990 0.000000
vt 0.888078 0.000000
vt 0.883212 0.000000
vt 0.885645 0.000000
vt 0.941606 0.000000
vt 0.890511 0.000000
vt 0.939173 0.000000
vt 0.766423 0.000000
vt 0.892944 0.000000
vt 0.936740 0.000000
vt 0.880779 0.000000
vt 0.895377 0.000000
vt 0.934307 0.000000
vt 0.897810 0.000000
vt 0.878345 0.000000
vt 0.931874 0.000000
vt 0.768856 0.000000
vt 0.900243 0.000000
vt 0.929440 0.000000
vt 0.875912 0.000000
vt 0.902676 0.000000
vt 0.927007 0.000000
vt 0.905109 0.000000
vt 0.771290 0.000000
vt 0.924574 0.000000
vt 0.873479 0.000000
vt 0.907543 0.000000
vt 0.922141 0.000000
vt 0.871046 0.000000
vt 0.909976 0.000000
vt 0.919708 0.000000
vt 0.773723 0.000000
vt 0.912409 0.000000
vt 0.917275 0.000000
vt 0.868613 0.000000
vt 0.914842 0.000000
vt 0.776156 0.000000
vt 0.866180 0.000000
vt 0.863747 0.000000
vt 0.778589 0.000000
vt 0.861314 0.000000
vt 0.781022 0.000000
vt 0.858881 0.000000
vt 0.856448 0.000000
vt 0.783455 0.000000
vt 0.854015 0.000000
vt 0.851582 0.000000
vt 0.785888 0.000000
vt 0.849148 0.000000
vt 0.846715 0.000000
vt 0.844282 0.000000
vt 0.841849 0.000000
vt 0.839416 0.000000
vt 0.836983 0.000000
vt 0.788321 0.000000
vt 0.834550 0.000000
vt 0.832117 0.000000
vt 0.829684 0.000000
vt 0.827251 0.000000
vt 0.824818 0.000000
vt 0.822384 0.000000
vt 0.790754 0.000000
vt 0.819951 0.000000
vt 0.817518 0.000000
vt 0.815085 0.000000
vt 0.812652 0.000000
vt 0.810219 0.000000
vt 0.807786 0.000000
vt 0.805353 0.000000
vt 0.793187 0.000000
vt 0.802920 0.000000
vt 0.800487 0.000000
vt 0.798054 0.000000
vt 0.795620 0.000000
vt 0.065693 0.000000
vt 0.124088 0.000000
vt 0.063260 0.000000
vt 0.121655 0.000000
vt 0.068127 0.000000
vt 0.119221 0.000000
vt 0.070560 0.000000
vt 0.002433 0.000000
vt 0.060827 0.000000
vt 0.116788 0.000000
vt 0.072993 0.000000
vt 0.058394 0.000000
vt 0.114355 0.000000
vt 0.004866 0.000000
vt 0.075426 0.000000
vt 0.055961 0.000000
vt 0.111922 0.000000
vt 0.007299 0.000000
vt 0.077859 0.000000
vt 0.053528 0.000000
vt 0.250608 0.000000
vt 0.245742 0.000000
vt 0.248175 0.000000
vt 0.700730 0.000000
vt 0.009732 0.000000
vt 0.253041 0.000000
vt 0.109489 0.000000
vt 0.698297 0.000000
vt 0.080292 0.000000
vt 0.255474 0.000000
vt 0.695864 0.000000
vt 0.051095 0.000000
vt 0.257908 0.000000
vt 0.693431 0.000000
vt 0.012165 0.000000
vt 0.107056 0.000000
vt 0.260341 0.000000
vt 0.690998 0.000000
vt 0.082725 0.000000
vt 0.048662 0.000000
vt 0.688564 0.000000
vt 0.262774 0.000000
vt 0.014599 0.000000
vt 0.104623 0.000000
vt 0.686131 0.000000
vt 0.265207 0.000000
vt 0.085158 0.000000
vt 0.683698 0.000000
vt 0.046229 0.000000
vt 0.267640 0.000000
vt 0.017032 0.000000
vt 0.681265 0.000000
vt 0.102190 0.000000
vt 0.270073 0.000000
vt 0.087591 0.000000
vt 0.678832 0.000000
vt 0.272506 0.000000
vt 0.043796 0.000000
vt 0.676399 0.000000
vt 0.019465 0.000000
vt 0.274939 0.000000
vt 0.099757 0.000000
vt 0.673966 0.000000
vt 0.277372 0.000000
vt 0.090024 0.000000
vt 0.671533 0.000000
vt 0.041363 0.000000
vt 0.279805 0.000000
vt 0.097324 0.000000
vt 0.021898 0.000000
vt 0.669100 0.000000
vt 0.092457 0.000000
vt 0.038929 0.000000
vt 0.094891 0.000000
vt 0.024331 0.000000
vt 0.664234 0.000000
vt 0.036496 0.000000
vt 0.026764 0.000000
vt 0.661801 0.000000
vt 0.034063 0.000000
vt 0.029197 0.000000
vt 0.659367 0.000000
vt 0.031630 0.000000
vt 0.656934 0.000000
vt 0.654501 0.000000
vt 0.652068 0.000000
vt 0.649635 0.000000
vt 0.647202 0.000000
vt 0.618005 0.000000
vt 0.613139 0.000000
vt 0.615572 0.000000
vt 0.620438 0.000000
vt 0.622871 0.000000
vt 0.625304 0.000000
vt 0.627737 0.000000
vt 0.644769 0.000000
vt 0.630170 0.000000
vt 0.632603 0.000000
vt 0.635036 0.000000
vt 0.637470 0.000000
vt 0.639903 0.000000
vt 0.642336 0.000000
vt 0.313869 0.000000
vt 0.309002 0.000000
vt 0.311436 0.000000
vt 0.306569 0.000000
vt 0.304136 0.000000
vt 0.301703 0.000000
vt 0.299270 0.000000
vt 0.296837 0.000000
vt 0.294404 0.000000
vt 0.282238 0.000000
vt 0.291971 0.000000
vt 0.289538 0.000000
vt 0.287105 0.000000
vt 0.284672 0.000000
vt 0.610706 0.000000
vt 0.608272 0.000000
vt 0.605839 0.000000
vt 0.603406 0.000000
vt 0.600973 0.000000
vt 0.598540 0.000000
vt 0.596107 0.000000
vt 0.593674 0.000000
vt 0.591241 0.000000
vt 0.588808 0.000000
vt 0.586375 0.000000
vt 0.583942 0.000000
vt 0.316302 0.000000
vt 0.345499 0.000000
vt 0.581509 0.000000
vt 0.318735 0.000000
vt 0.321168 0.000000
vt 0.323601 0.000000
vt 0.326034 0.000000
vt 0.328467 0.000000
vt 0.343066 0.000000
vt 0.347932 0.000000
vt 0.330900 0.000000
vt 0.335766 0.000000
vt 0.338200 0.000000
vt 0.340633 0.000000
vt 0.350365 0.000000
vt 0.579075 0.000000
vt 0.352798 0.000000
vt 0.576642 0.000000
vt 0.355231 0.000000
vt 0.574209 0.000000
vt 0.357664 0.000000
vt 0.571776 0.000000
vt 0.360097 0.000000
vt 0.569343 0.000000
vt 0.362530 0.000000
vt 0.566910 0.000000
vt 0.364964 0.000000
vt 0.564477 0.000000
vt 0.367397 0.000000
vt 0.562044 0.000000
vt 0.369830 0.000000
vt 0.559611 0.000000
vt 0.372263 0.000000
vt 0.557178 0.000000
vt 0.374696 0.000000
vt 0.406326 0.000000
vt 0.401460 0.000000
vt 0.403893 0.000000
vt 0.399027 0.000000
vt 0.396594 0.000000
vt 0.394161 0.000000
vt 0.391728 0.000000
vt 0.408759 0.000000
vt 0.389294 0.000000
vt 0.386861 0.000000
vt 0.384428 0.000000
vt 0.381995 0.000000
vt 0.379562 0.000000
vt 0.411192 0.000000
vt 0.377129 0.000000
vt 0.554745 0.000000
vt 0.413625 0.000000
vt 0.416058 0.000000
vt 0.418491 0.000000
vt 0.552311 0.000000
vt 0.549878 0.000000
vt 0.420925 0.000000
vt 0.547445 0.000000
vt 0.423358 0.000000
vt 0.214112 0.000000
vt 0.216545 0.000000
vt 0.218978 0.000000
vt 0.545012 0.000000
vt 0.221411 0.000000
vt 0.223844 0.000000
vt 0.211679 0.000000
vt 0.226277 0.000000
vt 0.228710 0.000000
vt 0.209246 0.000000
vt 0.231144 0.000000
vt 0.233577 0.000000
vt 0.236010 0.000000
vt 0.206813 0.000000
vt 0.238443 0.000000
vt 0.542579 0.000000
vt 0.240876 0.000000
vt 0.204380 0.000000
vt 0.243309 0.000000
vt 0.425791 0.000000
vt 0.126521 0.000000
vt 0.201946 0.000000
vt 0.128954 0.000000
vt 0.540146 0.000000
vt 0.199513 0.000000
vt 0.537713 0.000000
vt 0.428224 0.000000
vt 0.197080 0.000000
vt 0.194647 0.000000
vt 0.493917 0.000000
vt 0.535280 0.000000
vt 0.192214 0.000000
vt 0.430657 0.000000
vt 0.131387 0.000000
vt 0.491484 0.000000
vt 0.496350 0.000000
vt 0.532847 0.000000
vt 0.498783 0.000000
vt 0.189781 0.000000
vt 0.530414 0.000000
vt 0.501217 0.000000
vt 0.133820 0.000000
vt 0.433090 0.000000
vt 0.187348 0.000000
vt 0.489051 0.000000
vt 0.503650 0.000000
vt 0.527981 0.000000
vt 0.184915 0.000000
vt 0.136253 0.000000
vt 0.506083 0.000000
vt 0.525547 0.000000
vt 0.435523 0.000000
vt 0.486618 0.000000
vt 0.508516 0.000000
vt 0.182482 0.000000
vt 0.138686 0.000000
vt 0.510949 0.000000
vt 0.513382 0.000000
vt 0.515815 0.000000
vt 0.518248 0.000000
vt 0.520681 0.000000
vt 0.523114 0.000000
vt 0.180049 0.000000
vt 0.141119 0.000000
vt 0.437956 0.000000
vt 0.484185 0.000000
vt 0.177616 0.000000
vt 0.143552 0.000000
vt 0.175182 0.000000
vt 0.145985 0.000000
vt 0.440389 0.000000
vt 0.481752 0.000000
vt 0.172749 0.000000
vt 0.148418 0.000000
vt 0.170316 0.000000
vt 0.167883 0.000000
vt 0.150852 0.000000
vt 0.442822 0.000000
vt 0.479319 0.000000
vt 0.165450 0.000000
vt 0.153285 0.000000
vt 0.163017 0.000000
vt 0.155718 0.000000
vt 0.160584 0.000000
vt 0.158151 0.000000
vt 0.445255 0.000000
vt 0.476886 0.000000
vt 0.447689 0.000000
vt 0.474453 0.000000
vt 0.450122 0.000000
vt 0.472019 0.000000
vt 0.452555 0.000000
vt 0.469586 0.000000
vt 0.454988 0.000000
vt 0.467153 0.000000
vt 0.457421 0.000000
vt 0.464720 0.000000
vt 0.459854 0.000000
vt 0.462287 0.000000
vt 0.956364 0.000000
vt 0.960000 0.000000
vt 0.952727 0.000000
vt 0.967273 0.000000
vt 0.949091 0.000000
vt 0.970909 0.000000
vt 0.974545 0.000000
vt 0.978182 0.000000
vt 0.941818 0.000000
vt 0.938182 0.000000
vt 0.985455 0.000000
vt 0.989091 0.000000
vt 0.934545 0.000000
vt 0.992727 0.000000
vt 0.996364 0.000000
vt 0.930909 0.000000
vt 0.003636 0.000000
vt 0.923636 0.000000
vt 0.920000 0.000000
vt 0.916364 0.000000
vt 0.912727 0.000000
vt 0.810909 0.000000
vt 0.814545 0.000000
vt 0.807273 0.000000
vt 0.821818 0.000000
vt 0.803636 0.000000
vt 0.905455 0.000000
vt 0.825455 0.000000
vt 0.829091 0.000000
vt 0.796364 0.000000
vt 0.007273 0.000000
vt 0.010909 0.000000
vt 0.792727 0.000000
vt 0.014545 0.000000
vt 0.832727 0.000000
vt 0.021818 0.000000
vt 0.025455 0.000000
vt 0.029091 0.000000
vt 0.032727 0.000000
vt 0.789091 0.000000
vt 0.040000 0.000000
vt 0.043636 0.000000
vt 0.047273 0.000000
vt 0.050909 0.000000
vt 0.058182 0.000000
vt 0.061818 0.000000
vt 0.065455 0.000000
vt 0.094545 0.000000
vt 0.087273 0.000000
vt 0.901818 0.000000
vt 0.069091 0.000000
vt 0.083636 0.000000
vt 0.080000 0.000000
vt 0.076364 0.000000
vt 0.898182 0.000000
vt 0.785455 0.000000
vt 0.894545 0.000000
vt 0.840000 0.000000
vt 0.887273 0.000000
vt 0.461818 0.000000
vt 0.883636 0.000000
vt 0.880000 0.000000
vt 0.458182 0.000000
vt 0.465455 0.000000
vt 0.469091 0.000000
vt 0.843636 0.000000
vt 0.476364 0.000000
vt 0.778182 0.000000
vt 0.098182 0.000000
vt 0.876364 0.000000
vt 0.450909 0.000000
vt 0.480000 0.000000
vt 0.483636 0.000000
vt 0.447273 0.000000
vt 0.869091 0.000000
vt 0.847273 0.000000
vt 0.487273 0.000000
vt 0.774545 0.000000
vt 0.101818 0.000000
vt 0.865455 0.000000
vt 0.443636 0.000000
vt 0.861818 0.000000
vt 0.494545 0.000000
vt 0.858182 0.000000
vt 0.850909 0.000000
vt 0.770909 0.000000
vt 0.440000 0.000000
vt 0.498182 0.000000
vt 0.501818 0.000000
vt 0.767273 0.000000
vt 0.505455 0.000000
vt 0.432727 0.000000
vt 0.429091 0.000000
vt 0.512727 0.000000
vt 0.760000 0.000000
vt 0.425455 0.000000
vt 0.105455 0.000000
vt 0.516364 0.000000
vt 0.421818 0.000000
vt 0.756364 0.000000
vt 0.112727 0.000000
vt 0.520000 0.000000
vt 0.752727 0.000000
vt 0.116364 0.000000
vt 0.414545 0.000000
vt 0.523636 0.000000
vt 0.410909 0.000000
vt 0.749091 0.000000
vt 0.407273 0.000000
vt 0.120000 0.000000
vt 0.403636 0.000000
vt 0.396364 0.000000
vt 0.123636 0.000000
vt 0.192727 0.000000
vt 0.392727 0.000000
vt 0.189091 0.000000
vt 0.196364 0.000000
vt 0.389091 0.000000
vt 0.530909 0.000000
vt 0.385455 0.000000
vt 0.185455 0.000000
vt 0.741818 0.000000
vt 0.378182 0.000000
vt 0.534545 0.000000
vt 0.374545 0.000000
vt 0.130909 0.000000
vt 0.370909 0.000000
vt 0.738182 0.000000
vt 0.178182 0.000000
vt 0.203636 0.000000
vt 0.538182 0.000000
vt 0.367273 0.000000
vt 0.134545 0.000000
vt 0.174545 0.000000
vt 0.734545 0.000000
vt 0.207273 0.000000
vt 0.170909 0.000000
vt 0.138182 0.000000
vt 0.541818 0.000000
vt 0.210909 0.000000
vt 0.360000 0.000000
vt 0.730909 0.000000
vt 0.167273 0.000000
vt 0.141818 0.000000
vt 0.214545 0.000000
vt 0.356364 0.000000
vt 0.643636 0.000000
vt 0.640000 0.000000
vt 0.352727 0.000000
vt 0.160000 0.000000
vt 0.647273 0.000000
vt 0.149091 0.000000
vt 0.549091 0.000000
vt 0.221818 0.000000
vt 0.349091 0.000000
vt 0.723636 0.000000
vt 0.650909 0.000000
vt 0.156364 0.000000
vt 0.720000 0.000000
vt 0.225455 0.000000
vt 0.716364 0.000000
vt 0.552727 0.000000
vt 0.712727 0.000000
vt 0.658182 0.000000
vt 0.152727 0.000000
vt 0.661818 0.000000
vt 0.229091 0.000000
vt 0.341818 0.000000
vt 0.705455 0.000000
vt 0.665455 0.000000
vt 0.556364 0.000000
vt 0.701818 0.000000
vt 0.669091 0.000000
vt 0.698182 0.000000
vt 0.694545 0.000000
vt 0.232727 0.000000
vt 0.338182 0.000000
vt 0.676364 0.000000
vt 0.680000 0.000000
vt 0.687273 0.000000
vt 0.560000 0.000000
vt 0.683636 0.000000
vt 0.632727 0.000000
vt 0.334545 0.000000
vt 0.629091 0.000000
vt 0.625455 0.000000
vt 0.567273 0.000000
vt 0.330909 0.000000
vt 0.240000 0.000000
vt 0.621818 0.000000
vt 0.570909 0.000000
vt 0.574545 0.000000
vt 0.614545 0.000000
vt 0.243636 0.000000
vt 0.323636 0.000000
vt 0.247273 0.000000
vt 0.578182 0.000000
vt 0.610909 0.000000
vt 0.320000 0.000000
vt 0.250909 0.000000
vt 0.316364 0.000000
vt 0.607273 0.000000
vt 0.312727 0.000000
vt 0.603636 0.000000
vt 0.258182 0.000000
vt 0.585455 0.000000
vt 0.261818 0.000000
vt 0.589091 0.000000
vt 0.596364 0.000000
vt 0.592727 0.000000
vt 0.305455 0.000000
vt 0.265455 0.000000
vt 0.301818 0.000000
vt 0.269091 0.000000
vt 0.298182 0.000000
vt 0.294545 0.000000
vt 0.276364 0.000000
vt 0.280000 0.000000
vt 0.287273 0.000000
vt 0.283636 0.000000
vt 0.892019 0.000000
vt 0.882629 0.000000
vt 0.887324 0.000000
vt 0.877934 0.000000
vt 0.896714 0.000000
vt 0.873239 0.000000
vt 0.901408 0.000000
vt 0.868545 0.000000
vt 0.906103 0.000000
vt 0.863850 0.000000
vt 0.910798 0.000000
vt 0.859155 0.000000
vt 0.915493 0.000000
vt 0.854460 0.000000
vt 0.920188 0.000000
vt 0.924883 0.000000
vt 0.849765 0.000000
vt 0.929577 0.000000
vt 0.845070 0.000000
vt 0.934272 0.000000
vt 0.840376 0.000000
vt 0.835681 0.000000
vt 0.938967 0.000000
vt 0.830986 0.000000
vt 0.943662 0.000000
vt 0.826291 0.000000
vt 0.948357 0.000000
vt 0.821596 0.000000
vt 0.816901 0.000000
vt 0.812207 0.000000
vt 0.807512 0.000000
vt 0.802817 0.000000
vt 0.798122 0.000000
vt 0.793427 0.000000
vt 0.788732 0.000000
vt 0.784038 0.000000
vt 0.779343 0.000000
vt 0.774648 0.000000
vt 0.769953 0.000000
vt 0.765258 0.000000
vt 0.760563 0.000000
vt 0.953052 0.000000
vt 0.755869 0.000000
vt 0.957747 0.000000
vt 0.962441 0.000000
vt 0.967136 0.000000
vt 0.971831 0.000000
vt 0.976526 0.000000
vt 0.981221 0.000000
vt 0.985915 0.000000
vt 0.990610 0.000000
vt 0.995305 0.000000
vt 0.225352 0.000000
vt 0.230047 0.000000
vt 0.234742 0.000000
vt 0.239437 0.000000
vt 0.244131 0.000000
vt 0.248826 0.000000
vt 0.253521 0.000000
vt 0.258216 0.000000
vt 0.262911 0.000000
vt 0.267606 0.000000
vt 0.272300 0.000000
vt 0.276995 0.000000
vt 0.281690 0.000000
vt 0.694836 0.000000
vt 0.699531 0.000000
vt 0.704225 0.000000
vt 0.708920 0.000000
vt 0.713615 0.000000
vt 0.718310 0.000000
vt 0.723005 0.000000
vt 0.727700 0.000000
vt 0.732394 0.000000
vt 0.737089 0.000000
vt 0.741784 0.000000
vt 0.746479 0.000000
vt 0.751174 0.000000
vt 0.286385 0.000000
vt 0.690141 0.000000
vt 0.291080 0.000000
vt 0.352113 0.000000
vt 0.342723 0.000000
vt 0.347418 0.000000
vt 0.338028 0.000000
vt 0.328638 0.000000
vt 0.323944 0.000000
vt 0.356808 0.000000
vt 0.319249 0.000000
vt 0.314554 0.000000
vt 0.309859 0.000000
vt 0.305164 0.000000
vt 0.361502 0.000000
vt 0.300469 0.000000
vt 0.295775 0.000000
vt 0.366197 0.000000
vt 0.370892 0.000000
vt 0.375587 0.000000
vt 0.380282 0.000000
vt 0.169014 0.000000
vt 0.173709 0.000000
vt 0.384977 0.000000
vt 0.164319 0.000000
vt 0.178404 0.000000
vt 0.159624 0.000000
vt 0.183099 0.000000
vt 0.154930 0.000000
vt 0.187793 0.000000
vt 0.192488 0.000000
vt 0.685446 0.000000
vt 0.150235 0.000000
vt 0.197183 0.000000
vt 0.145540 0.000000
vt 0.201878 0.000000
vt 0.680751 0.000000
vt 0.389671 0.000000
vt 0.140845 0.000000
vt 0.206573 0.000000
vt 0.676056 0.000000
vt 0.211268 0.000000
vt 0.136150 0.000000
vt 0.671362 0.000000
vt 0.215962 0.000000
vt 0.394366 0.000000
vt 0.131455 0.000000
vt 0.220657 0.000000
vt 0.126761 0.000000
vt 0.661972 0.000000
vt 0.399061 0.000000
vt 0.122066 0.000000
vt 0.004695 0.000000
vt 0.657277 0.000000
vt 0.117371 0.000000
vt 0.652582 0.000000
vt 0.403756 0.000000
vt 0.009390 0.000000
vt 0.647887 0.000000
vt 0.112676 0.000000
vt 0.643192 0.000000
vt 0.107981 0.000000
vt 0.408451 0.000000
vt 0.014085 0.000000
vt 0.638498 0.000000
vt 0.103286 0.000000
vt 0.633803 0.000000
vt 0.018779 0.000000
vt 0.413146 0.000000
vt 0.098592 0.000000
vt 0.629108 0.000000
vt 0.023474 0.000000
vt 0.093897 0.000000
vt 0.028169 0.000000
vt 0.417840 0.000000
vt 0.089202 0.000000
vt 0.624413 0.000000
vt 0.084507 0.000000
vt 0.032864 0.000000
vt 0.079812 0.000000
vt 0.422535 0.000000
vt 0.037559 0.000000
vt 0.075117 0.000000
vt 0.042254 0.000000
vt 0.070423 0.000000
vt 0.046948 0.000000
vt 0.065728 0.000000
vt 0.427230 0.000000
vt 0.051643 0.000000
vt 0.061033 0.000000
vt 0.619718 0.000000
vt 0.056338 0.000000
vt 0.431925 0.000000
vt 0.436620 0.000000
vt 0.516432 0.000000
vt 0.615023 0.000000
vt 0.441315 0.000000
vt 0.511737 0.000000
vt 0.521127 0.000000
vt 0.507042 0.000000
vt 0.446009 0.000000
vt 0.502347 0.000000
vt 0.497653 0.000000
vt 0.492958 0.000000
vt 0.450704 0.000000
vt 0.488263 0.000000
vt 0.483568 0.000000
vt 0.525822 0.000000
vt 0.455399 0.000000
vt 0.478873 0.000000
vt 0.474178 0.000000
vt 0.610329 0.000000
vt 0.469484 0.000000
vt 0.460094 0.000000
vt 0.464789 0.000000
vt 0.530516 0.000000
vt 0.605634 0.000000
vt 0.535211 0.000000
vt 0.539906 0.000000
vt 0.600939 0.000000
vt 0.544601 0.000000
vt 0.549296 0.000000
vt 0.596244 0.000000
vt 0.553991 0.000000
vt 0.558685 0.000000
vt 0.563380 0.000000
vt 0.591549 0.000000
vt 0.568075 0.000000
vt 0.572770 0.000000
vt 0.586854 0.000000
vt 0.577465 0.000000
vt 0.582160 0.000000
vt 0.944030 0.000000
vt 0.936567 0.000000
vt 0.940298 0.000000
vt 0.932836 0.000000
vt 0.048507 0.000000
vt 0.100746 0.000000
vt 0.044776 0.000000
vt 0.097015 0.000000
vt 0.055970 0.000000
vt 0.052239 0.000000
vt 0.093284 0.000000
vt 0.089552 0.000000
vt 0.059701 0.000000
vt 0.063433 0.000000
vt 0.085821 0.000000
vt 0.082090 0.000000
vt 0.070896 0.000000
vt 0.029851 0.000000
vt 0.067164 0.000000
vt 0.078358 0.000000
vt 0.033582 0.000000
vt 0.014925 0.000000
vt 0.018657 0.000000
vt 0.003731 0.000000
vt 0.074627 0.000000
vt 0.951493 0.000000
vt 0.947761 0.000000
vt 0.929105 0.000000
vt 0.925373 0.000000
vt 0.041045 0.000000
vt 0.037313 0.000000
vt 0.026119 0.000000
vt 0.022388 0.000000
vt 0.011194 0.000000
vt 0.007463 0.000000
vt 0.955224 0.000000
vt 0.958955 0.000000
vt 0.921642 0.000000
vt 0.917910 0.000000
vt 0.861940 0.000000
vt 0.854478 0.000000
vt 0.858209 0.000000
vt 0.850746 0.000000
vt 0.847015 0.000000
vt 0.843284 0.000000
vt 0.865672 0.000000
vt 0.839552 0.000000
vt 0.869403 0.000000
vt 0.873134 0.000000
vt 0.835821 0.000000
vt 0.876866 0.000000
vt 0.832090 0.000000
vt 0.880597 0.000000
vt 0.884328 0.000000
vt 0.828358 0.000000
vt 0.888060 0.000000
vt 0.824627 0.000000
vt 0.891791 0.000000
vt 0.895522 0.000000
vt 0.820895 0.000000
vt 0.899254 0.000000
vt 0.817164 0.000000
vt 0.902985 0.000000
vt 0.813433 0.000000
vt 0.906716 0.000000
vt 0.914179 0.000000
vt 0.910448 0.000000
vt 0.809702 0.000000
vt 0.805970 0.000000
vt 0.156716 0.000000
vt 0.152985 0.000000
vt 0.160448 0.000000
vt 0.164179 0.000000
vt 0.802239 0.000000
vt 0.798507 0.000000
vt 0.794776 0.000000
vt 0.716418 0.000000
vt 0.708955 0.000000
vt 0.712687 0.000000
vt 0.167910 0.000000
vt 0.720149 0.000000
vt 0.529851 0.000000
vt 0.791045 0.000000
vt 0.526119 0.000000
vt 0.533582 0.000000
vt 0.723881 0.000000
vt 0.171642 0.000000
vt 0.787313 0.000000
vt 0.522388 0.000000
vt 0.727612 0.000000
vt 0.518657 0.000000
vt 0.783582 0.000000
vt 0.514925 0.000000
vt 0.731343 0.000000
vt 0.175373 0.000000
vt 0.779851 0.000000
vt 0.511194 0.000000
vt 0.149254 0.000000
vt 0.962687 0.000000
vt 0.735075 0.000000
vt 0.705224 0.000000
vt 0.507463 0.000000
vt 0.966418 0.000000
vt 0.776119 0.000000
vt 0.537313 0.000000
vt 0.179104 0.000000
vt 0.970149 0.000000
vt 0.503731 0.000000
vt 0.738806 0.000000
vt 0.701493 0.000000
vt 0.145522 0.000000
vt 0.973881 0.000000
vt 0.772388 0.000000
vt 0.742537 0.000000
vt 0.977612 0.000000
vt 0.697761 0.000000
vt 0.141791 0.000000
vt 0.496269 0.000000
vt 0.182836 0.000000
vt 0.981343 0.000000
vt 0.768657 0.000000
vt 0.492537 0.000000
vt 0.985075 0.000000
vt 0.746269 0.000000
vt 0.694030 0.000000
vt 0.988806 0.000000
vt 0.138060 0.000000
vt 0.488806 0.000000
vt 0.764925 0.000000
vt 0.992537 0.000000
vt 0.186567 0.000000
vt 0.690298 0.000000
vt 0.485075 0.000000
vt 0.541045 0.000000
vt 0.996269 0.000000
vt 0.761194 0.000000
vt 0.134328 0.000000
vt 0.753731 0.000000
vt 0.294776 0.000000
vt 0.481343 0.000000
vt 0.686567 0.000000
vt 0.104478 0.000000
vt 0.108209 0.000000
vt 0.190299 0.000000
vt 0.757463 0.000000
vt 0.682836 0.000000
vt 0.130597 0.000000
vt 0.679105 0.000000
vt 0.194030 0.000000
vt 0.126866 0.000000
vt 0.544776 0.000000
vt 0.675373 0.000000
vt 0.123134 0.000000
vt 0.197761 0.000000
vt 0.671642 0.000000
vt 0.119403 0.000000
vt 0.667910 0.000000
vt 0.291045 0.000000
vt 0.298507 0.000000
vt 0.201493 0.000000
vt 0.287313 0.000000
vt 0.664179 0.000000
vt 0.115672 0.000000
vt 0.548507 0.000000
vt 0.283582 0.000000
vt 0.205224 0.000000
vt 0.660448 0.000000
vt 0.111940 0.000000
vt 0.279851 0.000000
vt 0.208955 0.000000
vt 0.656716 0.000000
vt 0.276119 0.000000
vt 0.212687 0.000000
vt 0.216418 0.000000
vt 0.272388 0.000000
vt 0.220149 0.000000
vt 0.652985 0.000000
vt 0.552239 0.000000
vt 0.268657 0.000000
vt 0.223881 0.000000
vt 0.227612 0.000000
vt 0.264925 0.000000
vt 0.649254 0.000000
vt 0.231343 0.000000
vt 0.261194 0.000000
vt 0.235075 0.000000
vt 0.257463 0.000000
vt 0.238806 0.000000
vt 0.645522 0.000000
vt 0.473881 0.000000
vt 0.477612 0.000000
vt 0.242537 0.000000
vt 0.253731 0.000000
vt 0.555970 0.000000
vt 0.470149 0.000000
vt 0.246269 0.000000
vt 0.641791 0.000000
vt 0.466418 0.000000
vt 0.462687 0.000000
vt 0.638060 0.000000
vt 0.302239 0.000000
vt 0.458955 0.000000
vt 0.455224 0.000000
vt 0.634328 0.000000
vt 0.559702 0.000000
vt 0.305970 0.000000
vt 0.451493 0.000000
vt 0.447761 0.000000
vt 0.630597 0.000000
vt 0.309702 0.000000
vt 0.444030 0.000000
vt 0.626866 0.000000
vt 0.440298 0.000000
vt 0.313433 0.000000
vt 0.436567 0.000000
vt 0.623134 0.000000
vt 0.563433 0.000000
vt 0.432836 0.000000
vt 0.317164 0.000000
vt 0.619403 0.000000
vt 0.429104 0.000000
vt 0.320896 0.000000
vt 0.615672 0.000000
vt 0.611940 0.000000
vt 0.324627 0.000000
vt 0.608209 0.000000
vt 0.425373 0.000000
vt 0.567164 0.000000
vt 0.328358 0.000000
vt 0.604478 0.000000
vt 0.332090 0.000000
vt 0.600746 0.000000
vt 0.335821 0.000000
vt 0.597015 0.000000
vt 0.339552 0.000000
vt 0.421642 0.000000
vt 0.343284 0.000000
vt 0.593284 0.000000
vt 0.347015 0.000000
vt 0.570895 0.000000
vt 0.350746 0.000000
vt 0.589552 0.000000
vt 0.417910 0.000000
vt 0.354478 0.000000
vt 0.585821 0.000000
vt 0.358209 0.000000
vt 0.414179 0.000000
vt 0.361940 0.000000
vt 0.582090 0.000000
vt 0.574627 0.000000
vt 0.578358 0.000000
vt 0.365672 0.000000
vt 0.410448 0.000000
vt 0.369403 0.000000
vt 0.406716 0.000000
vt 0.373134 0.000000
vt 0.376866 0.000000
vt 0.402985 0.000000
vt 0.380597 0.000000
vt 0.399254 0.000000
vt 0.395522 0.000000
vt 0.384328 0.000000
vt 0.391791 0.000000
vt 0.388060 0.000000
vt 0.881226 0.000000
vt 0.885057 0.000000
vt 0.877395 0.000000
vt 0.003831 0.000000
vt 0.218391 0.000000
vt 0.007663 0.000000
vt 0.011494 0.000000
vt 0.214559 0.000000
vt 0.210728 0.000000
vt 0.206897 0.000000
vt 0.873563 0.000000
vt 0.865900 0.000000
vt 0.869732 0.000000
vt 0.245211 0.000000
vt 0.904215 0.000000
vt 0.241379 0.000000
vt 0.015326 0.000000
vt 0.203065 0.000000
vt 0.862069 0.000000
vt 0.858238 0.000000
vt 0.199234 0.000000
vt 0.019157 0.000000
vt 0.854406 0.000000
vt 0.195402 0.000000
vt 0.892720 0.000000
vt 0.766284 0.000000
vt 0.770115 0.000000
vt 0.850575 0.000000
vt 0.900383 0.000000
vt 0.896552 0.000000
vt 0.762452 0.000000
vt 0.773946 0.000000
vt 0.191571 0.000000
vt 0.022989 0.000000
vt 0.846743 0.000000
vt 0.187739 0.000000
vt 0.781609 0.000000
vt 0.842912 0.000000
vt 0.785441 0.000000
vt 0.183908 0.000000
vt 0.789272 0.000000
vt 0.026820 0.000000
vt 0.839080 0.000000
vt 0.793103 0.000000
vt 0.180077 0.000000
vt 0.835249 0.000000
vt 0.796935 0.000000
vt 0.800766 0.000000
vt 0.176245 0.000000
vt 0.831418 0.000000
vt 0.030651 0.000000
vt 0.804598 0.000000
vt 0.827586 0.000000
vt 0.808429 0.000000
vt 0.172414 0.000000
vt 0.812261 0.000000
vt 0.823755 0.000000
vt 0.816092 0.000000
vt 0.034483 0.000000
vt 0.168582 0.000000
vt 0.819923 0.000000
vt 0.164751 0.000000
vt 0.229885 0.000000
vt 0.160920 0.000000
vt 0.038314 0.000000
vt 0.758621 0.000000
vt 0.750958 0.000000
vt 0.754789 0.000000
vt 0.042146 0.000000
vt 0.226054 0.000000
vt 0.747126 0.000000
vt 0.249042 0.000000
vt 0.145594 0.000000
vt 0.237548 0.000000
vt 0.233716 0.000000
vt 0.045977 0.000000
vt 0.908046 0.000000
vt 0.743295 0.000000
vt 0.252874 0.000000
vt 0.383142 0.000000
vt 0.996169 0.000000
vt 0.911877 0.000000
vt 0.049808 0.000000
vt 0.739464 0.000000
vt 0.379310 0.000000
vt 0.386973 0.000000
vt 0.992337 0.000000
vt 0.915709 0.000000
vt 0.256705 0.000000
vt 0.053640 0.000000
vt 0.390805 0.000000
vt 0.988506 0.000000
vt 0.919540 0.000000
vt 0.735632 0.000000
vt 0.375479 0.000000
vt 0.141762 0.000000
vt 0.149425 0.000000
vt 0.057471 0.000000
vt 0.061303 0.000000
vt 0.137931 0.000000
vt 0.984674 0.000000
vt 0.923372 0.000000
vt 0.394636 0.000000
vt 0.065134 0.000000
vt 0.260536 0.000000
vt 0.134100 0.000000
vt 0.731801 0.000000
vt 0.068966 0.000000
vt 0.130268 0.000000
vt 0.072797 0.000000
vt 0.980843 0.000000
vt 0.927203 0.000000
vt 0.126437 0.000000
vt 0.398467 0.000000
vt 0.371648 0.000000
vt 0.076628 0.000000
vt 0.122605 0.000000
vt 0.080460 0.000000
vt 0.118774 0.000000
vt 0.727969 0.000000
vt 0.977012 0.000000
vt 0.931035 0.000000
vt 0.084291 0.000000
vt 0.114943 0.000000
vt 0.264368 0.000000
vt 0.402299 0.000000
vt 0.088123 0.000000
vt 0.107280 0.000000
vt 0.091954 0.000000
vt 0.973180 0.000000
vt 0.934866 0.000000
vt 0.103448 0.000000
vt 0.095785 0.000000
vt 0.367816 0.000000
vt 0.724138 0.000000
vt 0.099617 0.000000
vt 0.406130 0.000000
vt 0.969349 0.000000
vt 0.938697 0.000000
vt 0.268199 0.000000
vt 0.409962 0.000000
vt 0.720307 0.000000
vt 0.965517 0.000000
vt 0.942529 0.000000
vt 0.363985 0.000000
vt 0.961686 0.000000
vt 0.946360 0.000000
vt 0.413793 0.000000
vt 0.716475 0.000000
vt 0.272031 0.000000
vt 0.957854 0.000000
vt 0.950192 0.000000
vt 0.417625 0.000000
vt 0.360153 0.000000
vt 0.712644 0.000000
vt 0.954023 0.000000
vt 0.421456 0.000000
vt 0.708812 0.000000
vt 0.275862 0.000000
vt 0.425287 0.000000
vt 0.356322 0.000000
vt 0.704981 0.000000
vt 0.429119 0.000000
vt 0.157088 0.000000
vt 0.279693 0.000000
vt 0.701149 0.000000
vt 0.432950 0.000000
vt 0.352490 0.000000
vt 0.697318 0.000000
vt 0.436782 0.000000
vt 0.693487 0.000000
vt 0.440613 0.000000
vt 0.689655 0.000000
vt 0.283525 0.000000
vt 0.567050 0.000000
vt 0.348659 0.000000
vt 0.563218 0.000000
vt 0.570881 0.000000
vt 0.685824 0.000000
vt 0.448276 0.000000
vt 0.681992 0.000000
vt 0.153257 0.000000
vt 0.452107 0.000000
vt 0.574713 0.000000
vt 0.559387 0.000000
vt 0.678161 0.000000
vt 0.455939 0.000000
vt 0.287356 0.000000
vt 0.578544 0.000000
vt 0.674330 0.000000
vt 0.344828 0.000000
vt 0.459770 0.000000
vt 0.582375 0.000000
vt 0.551724 0.000000
vt 0.670498 0.000000
vt 0.463602 0.000000
vt 0.586207 0.000000
vt 0.547893 0.000000
vt 0.467433 0.000000
vt 0.662835 0.000000
vt 0.471264 0.000000
vt 0.291188 0.000000
vt 0.590038 0.000000
vt 0.544061 0.000000
vt 0.659004 0.000000
vt 0.340996 0.000000
vt 0.475096 0.000000
vt 0.655172 0.000000
vt 0.478927 0.000000
vt 0.540230 0.000000
vt 0.593870 0.000000
vt 0.651341 0.000000
vt 0.482759 0.000000
vt 0.647510 0.000000
vt 0.486590 0.000000
vt 0.643678 0.000000
vt 0.536398 0.000000
vt 0.597701 0.000000
vt 0.490421 0.000000
vt 0.639847 0.000000
vt 0.494253 0.000000
vt 0.636015 0.000000
vt 0.532567 0.000000
vt 0.295019 0.000000
vt 0.601533 0.000000
vt 0.498084 0.000000
vt 0.298851 0.000000
vt 0.302682 0.000000
vt 0.306513 0.000000
vt 0.310345 0.000000
vt 0.314176 0.000000
vt 0.318008 0.000000
vt 0.321839 0.000000
vt 0.325671 0.000000
vt 0.329502 0.000000
vt 0.337165 0.000000
vt 0.632184 0.000000
vt 0.501916 0.000000
vt 0.528736 0.000000
vt 0.628352 0.000000
vt 0.605364 0.000000
vt 0.505747 0.000000
vt 0.624521 0.000000
vt 0.509579 0.000000
vt 0.524904 0.000000
vt 0.609195 0.000000
vt 0.620690 0.000000
vt 0.513410 0.000000
vt 0.517241 0.000000
vt 0.616858 0.000000
vt 0.521073 0.000000
vt 0.613027 0.000000
vt 0.336700 0.000000
vt 0.329966 0.000000
vt 0.326599 0.000000
vt 0.340067 0.000000
vt 0.323232 0.000000
vt 0.343434 0.000000
vt 0.319865 0.000000
vt 0.346801 0.000000
vt 0.316498 0.000000
vt 0.350168 0.000000
vt 0.313131 0.000000
vt 0.309764 0.000000
vt 0.353535 0.000000
vt 0.306397 0.000000
vt 0.356902 0.000000
vt 0.303030 0.000000
vt 0.360269 0.000000
vt 0.299663 0.000000
vt 0.296296 0.000000
vt 0.252525 0.000000
vt 0.245791 0.000000
vt 0.249158 0.000000
vt 0.367003 0.000000
vt 0.255892 0.000000
vt 0.259259 0.000000
vt 0.292929 0.000000
vt 0.262626 0.000000
vt 0.370370 0.000000
vt 0.265993 0.000000
vt 0.269360 0.000000
vt 0.289562 0.000000
vt 0.373737 0.000000
vt 0.276094 0.000000
vt 0.420875 0.000000
vt 0.414141 0.000000
vt 0.417508 0.000000
vt 0.279461 0.000000
vt 0.410774 0.000000
vt 0.407407 0.000000
vt 0.282828 0.000000
vt 0.404040 0.000000
vt 0.286195 0.000000
vt 0.400673 0.000000
vt 0.397306 0.000000
vt 0.393939 0.000000
vt 0.390572 0.000000
vt 0.387205 0.000000
vt 0.377104 0.000000
vt 0.383838 0.000000
vt 0.380471 0.000000
vt 0.242424 0.000000
vt 0.239057 0.000000
vt 0.235690 0.000000
vt 0.232323 0.000000
vt 0.228956 0.000000
vt 0.225589 0.000000
vt 0.218855 0.000000
vt 0.215488 0.000000
vt 0.424242 0.000000
vt 0.212121 0.000000
vt 0.427609 0.000000
vt 0.208754 0.000000
vt 0.430976 0.000000
vt 0.434343 0.000000
vt 0.205387 0.000000
vt 0.437710 0.000000
vt 0.441077 0.000000
vt 0.464646 0.000000
vt 0.202020 0.000000
vt 0.447811 0.000000
vt 0.451178 0.000000
vt 0.457912 0.000000
vt 0.461279 0.000000
vt 0.468013 0.000000
vt 0.198653 0.000000
vt 0.471380 0.000000
vt 0.195286 0.000000
vt 0.191919 0.000000
vt 0.474747 0.000000
vt 0.188552 0.000000
vt 0.478114 0.000000
vt 0.185185 0.000000
vt 0.006734 0.000000
vt 0.003367 0.000000
vt 0.481481 0.000000
vt 0.010101 0.000000
vt 0.178451 0.000000
vt 0.013468 0.000000
vt 0.016835 0.000000
vt 0.020202 0.000000
vt 0.023569 0.000000
vt 0.175084 0.000000
vt 0.026936 0.000000
vt 0.030303 0.000000
vt 0.033670 0.000000
vt 0.484848 0.000000
vt 0.037037 0.000000
vt 0.127946 0.000000
vt 0.121212 0.000000
vt 0.124579 0.000000
vt 0.131313 0.000000
vt 0.117845 0.000000
vt 0.134680 0.000000
vt 0.171717 0.000000
vt 0.138047 0.000000
vt 0.114478 0.000000
vt 0.040404 0.000000
vt 0.141414 0.000000
vt 0.043771 0.000000
vt 0.144781 0.000000
vt 0.047138 0.000000
vt 0.148148 0.000000
vt 0.107744 0.000000
vt 0.151515 0.000000
vt 0.168350 0.000000
vt 0.050505 0.000000
vt 0.104377 0.000000
vt 0.154882 0.000000
vt 0.053872 0.000000
vt 0.158249 0.000000
vt 0.488215 0.000000
vt 0.101010 0.000000
vt 0.164983 0.000000
vt 0.161616 0.000000
vt 0.057239 0.000000
vt 0.097643 0.000000
vt 0.060606 0.000000
vt 0.063973 0.000000
vt 0.094276 0.000000
vt 0.067340 0.000000
vt 0.996633 0.000000
vt 0.491582 0.000000
vt 0.993266 0.000000
vt 0.989899 0.000000
vt 0.585859 0.000000
vt 0.589226 0.000000
vt 0.070707 0.000000
vt 0.986532 0.000000
vt 0.983165 0.000000
vt 0.979798 0.000000
vt 0.074074 0.000000
vt 0.976431 0.000000
vt 0.592593 0.000000
vt 0.087542 0.000000
vt 0.595960 0.000000
vt 0.582492 0.000000
vt 0.599327 0.000000
vt 0.973064 0.000000
vt 0.579125 0.000000
vt 0.602694 0.000000
vt 0.077441 0.000000
vt 0.969697 0.000000
vt 0.575758 0.000000
vt 0.606061 0.000000
vt 0.966330 0.000000
vt 0.572391 0.000000
vt 0.609428 0.000000
vt 0.962963 0.000000
vt 0.080808 0.000000
vt 0.494949 0.000000
vt 0.084175 0.000000
vt 0.959596 0.000000
vt 0.569024 0.000000
vt 0.612795 0.000000
vt 0.956229 0.000000
vt 0.616162 0.000000
vt 0.565657 0.000000
vt 0.952862 0.000000
vt 0.619529 0.000000
vt 0.562290 0.000000
vt 0.949495 0.000000
vt 0.622896 0.000000
vt 0.558923 0.000000
vt 0.946128 0.000000
vt 0.498316 0.000000
vt 0.626263 0.000000
vt 0.942761 0.000000
vt 0.939394 0.000000
vt 0.629630 0.000000
vt 0.552189 0.000000
vt 0.936027 0.000000
vt 0.632997 0.000000
vt 0.548822 0.000000
vt 0.932660 0.000000
vt 0.501683 0.000000
vt 0.929293 0.000000
vt 0.542088 0.000000
vt 0.925926 0.000000
vt 0.538721 0.000000
vt 0.922559 0.000000
vt 0.639731 0.000000
vt 0.535354 0.000000
vt 0.505050 0.000000
vt 0.875421 0.000000
vt 0.919192 0.000000
vt 0.531987 0.000000
vt 0.643098 0.000000
vt 0.528620 0.000000
vt 0.525253 0.000000
vt 0.508417 0.000000
vt 0.646465 0.000000
vt 0.521886 0.000000
vt 0.872054 0.000000
vt 0.878788 0.000000
vt 0.518519 0.000000
vt 0.649832 0.000000
vt 0.515152 0.000000
vt 0.868687 0.000000
vt 0.882155 0.000000
vt 0.511784 0.000000
vt 0.865320 0.000000
vt 0.885522 0.000000
vt 0.653199 0.000000
vt 0.861953 0.000000
vt 0.858586 0.000000
vt 0.656566 0.000000
vt 0.892256 0.000000
vt 0.855219 0.000000
vt 0.895623 0.000000
vt 0.659933 0.000000
vt 0.851852 0.000000
vt 0.898990 0.000000
vt 0.848485 0.000000
vt 0.902357 0.000000
vt 0.663300 0.000000
vt 0.845118 0.000000
vt 0.905724 0.000000
vt 0.841751 0.000000
vt 0.912458 0.000000
vt 0.838384 0.000000
vt 0.915825 0.000000
vt 0.670034 0.000000
vt 0.835017 0.000000
vt 0.831650 0.000000
vt 0.673401 0.000000
vt 0.828283 0.000000
vt 0.824916 0.000000
vt 0.676768 0.000000
vt 0.821549 0.000000
vt 0.680135 0.000000
vt 0.757576 0.000000
vt 0.750842 0.000000
vt 0.754209 0.000000
vt 0.814815 0.000000
vt 0.760943 0.000000
vt 0.764310 0.000000
vt 0.811448 0.000000
vt 0.767677 0.000000
vt 0.771044 0.000000
vt 0.808081 0.000000
vt 0.774411 0.000000
vt 0.804714 0.000000
vt 0.781145 0.000000
vt 0.683502 0.000000
vt 0.801347 0.000000
vt 0.784512 0.000000
vt 0.787879 0.000000
vt 0.797980 0.000000
vt 0.791246 0.000000
vt 0.794613 0.000000
vt 0.686869 0.000000
vt 0.690236 0.000000
vt 0.693603 0.000000
vt 0.696970 0.000000
vt 0.747475 0.000000
vt 0.744108 0.000000
vt 0.740741 0.000000
vt 0.700337 0.000000
vt 0.737374 0.000000
vt 0.734007 0.000000
vt 0.730640 0.000000
vt 0.703704 0.000000
vt 0.723906 0.000000
vt 0.707071 0.000000
vt 0.720539 0.000000
vt 0.717172 0.000000
vt 0.710438 0.000000
vt 0.713805 0.000000
vt 0.008850 0.000000
vt 0.221239 0.000000
vt 0.212389 0.000000
vt 0.017699 0.000000
vt 0.203540 0.000000
vt 0.247788 0.000000
vt 0.230089 0.000000
vt 0.238938 0.000000
vt 0.026549 0.000000
vt 0.194690 0.000000
vt 0.787611 0.000000
vt 0.778761 0.000000
vt 0.035398 0.000000
vt 0.769912 0.000000
vt 0.256637 0.000000
vt 0.761062 0.000000
vt 0.991150 0.000000
vt 0.185841 0.000000
vt 0.752212 0.000000
vt 0.743363 0.000000
vt 0.044248 0.000000
vt 0.734513 0.000000
vt 0.982301 0.000000
vt 0.796460 0.000000
vt 0.725664 0.000000
vt 0.716814 0.000000
vt 0.176991 0.000000
vt 0.707965 0.000000
vt 0.805310 0.000000
vt 0.053097 0.000000
vt 0.699115 0.000000
vt 0.265487 0.000000
vt 0.690265 0.000000
vt 0.973451 0.000000
vt 0.681416 0.000000
vt 0.672566 0.000000
vt 0.814159 0.000000
vt 0.663717 0.000000
vt 0.168142 0.000000
vt 0.061947 0.000000
vt 0.964602 0.000000
vt 0.823009 0.000000
vt 0.274336 0.000000
vt 0.159292 0.000000
vt 0.654867 0.000000
vt 0.070796 0.000000
vt 0.955752 0.000000
vt 0.831858 0.000000
vt 0.150442 0.000000
vt 0.079646 0.000000
vt 0.283186 0.000000
vt 0.946903 0.000000
vt 0.646018 0.000000
vt 0.840708 0.000000
vt 0.141593 0.000000
vt 0.088496 0.000000
vt 0.938053 0.000000
vt 0.849558 0.000000
vt 0.292035 0.000000
vt 0.132743 0.000000
vt 0.637168 0.000000
vt 0.097345 0.000000
vt 0.123894 0.000000
vt 0.929204 0.000000
vt 0.858407 0.000000
vt 0.106195 0.000000
vt 0.628319 0.000000
vt 0.300885 0.000000
vt 0.115044 0.000000
vt 0.920354 0.000000
vt 0.867257 0.000000
vt 0.619469 0.000000
vt 0.911504 0.000000
vt 0.309735 0.000000
vt 0.876106 0.000000
vt 0.902655 0.000000
vt 0.610619 0.000000
vt 0.884956 0.000000
vt 0.318584 0.000000
vt 0.893805 0.000000
vt 0.601770 0.000000
vt 0.327434 0.000000
vt 0.592920 0.000000
vt 0.336283 0.000000
vt 0.584071 0.000000
vt 0.345133 0.000000
vt 0.575221 0.000000
vt 0.353982 0.000000
vt 0.566372 0.000000
vt 0.362832 0.000000
vt 0.557522 0.000000
vt 0.371681 0.000000
vt 0.548673 0.000000
vt 0.380531 0.000000
vt 0.389381 0.000000
vt 0.539823 0.000000
vt 0.398230 0.000000
vt 0.530973 0.000000
vt 0.407080 0.000000
vt 0.522124 0.000000
vt 0.415929 0.000000
vt 0.424779 0.000000
vt 0.513274 0.000000
vt 0.433628 0.000000
vt 0.504425 0.000000
vt 0.442478 0.000000
vt 0.451327 0.000000
vt 0.495575 0.000000
vt 0.460177 0.000000
vt 0.486726 0.000000
vt 0.477876 0.000000
vt 0.469027 0.000000
vt 0.705128 0.000000
vt 0.692308 0.000000
vt 0.698718 0.000000
vt 0.685897 0.000000
vt 0.711538 0.000000
vt 0.679487 0.000000
vt 0.717949 0.000000
vt 0.673077 0.000000
vt 0.724359 0.000000
vt 0.730769 0.000000
vt 0.307692 0.000000
vt 0.314103 0.000000
vt 0.301282 0.000000
vt 0.006410 0.000000
vt 0.660256 0.000000
vt 0.320513 0.000000
vt 0.294872 0.000000
vt 0.737179 0.000000
vt 0.326923 0.000000
vt 0.993590 0.000000
vt 0.288462 0.000000
vt 0.012821 0.000000
vt 0.653846 0.000000
vt 0.282051 0.000000
vt 0.987179 0.000000
vt 0.743590 0.000000
vt 0.019231 0.000000
vt 0.339744 0.000000
vt 0.275641 0.000000
vt 0.647436 0.000000
vt 0.346154 0.000000
vt 0.025641 0.000000
vt 0.980769 0.000000
vt 0.269231 0.000000
vt 0.032051 0.000000
vt 0.352564 0.000000
vt 0.974359 0.000000
vt 0.641026 0.000000
vt 0.038462 0.000000
vt 0.967949 0.000000
vt 0.358974 0.000000
vt 0.262821 0.000000
vt 0.756410 0.000000
vt 0.044872 0.000000
vt 0.961538 0.000000
vt 0.634615 0.000000
vt 0.365385 0.000000
vt 0.256410 0.000000
vt 0.051282 0.000000
vt 0.955128 0.000000
vt 0.762821 0.000000
vt 0.371795 0.000000
vt 0.057692 0.000000
vt 0.948718 0.000000
vt 0.628205 0.000000
vt 0.064103 0.000000
vt 0.942308 0.000000
vt 0.378205 0.000000
vt 0.243590 0.000000
vt 0.769231 0.000000
vt 0.070513 0.000000
vt 0.935897 0.000000
vt 0.621795 0.000000
vt 0.076923 0.000000
vt 0.384615 0.000000
vt 0.237179 0.000000
vt 0.929487 0.000000
vt 0.083333 0.000000
vt 0.775641 0.000000
vt 0.923077 0.000000
vt 0.391026 0.000000
vt 0.230769 0.000000
vt 0.615385 0.000000
vt 0.089744 0.000000
vt 0.224359 0.000000
vt 0.397436 0.000000
vt 0.782051 0.000000
vt 0.916667 0.000000
vt 0.608974 0.000000
vt 0.096154 0.000000
vt 0.217949 0.000000
vt 0.403846 0.000000
vt 0.788462 0.000000
vt 0.102564 0.000000
vt 0.211538 0.000000
vt 0.910256 0.000000
vt 0.602564 0.000000
vt 0.410256 0.000000
vt 0.205128 0.000000
vt 0.108974 0.000000
vt 0.794872 0.000000
vt 0.903846 0.000000
vt 0.198718 0.000000
vt 0.115385 0.000000
vt 0.596154 0.000000
vt 0.416667 0.000000
vt 0.801282 0.000000
vt 0.192308 0.000000
vt 0.121795 0.000000
vt 0.897436 0.000000
vt 0.185897 0.000000
vt 0.423077 0.000000
vt 0.128205 0.000000
vt 0.807692 0.000000
vt 0.179487 0.000000
vt 0.589744 0.000000
vt 0.134615 0.000000
vt 0.173077 0.000000
vt 0.429487 0.000000
vt 0.891026 0.000000
vt 0.141026 0.000000
vt 0.147436 0.000000
vt 0.160256 0.000000
vt 0.814103 0.000000
vt 0.153846 0.000000
vt 0.435897 0.000000
vt 0.583333 0.000000
vt 0.884615 0.000000
vt 0.820513 0.000000
vt 0.442308 0.000000
vt 0.878205 0.000000
vt 0.826923 0.000000
vt 0.576923 0.000000
vt 0.448718 0.000000
vt 0.871795 0.000000
vt 0.455128 0.000000
vt 0.461538 0.000000
vt 0.865385 0.000000
vt 0.839744 0.000000
vt 0.570513 0.000000
vt 0.467949 0.000000
vt 0.474359 0.000000
vt 0.480769 0.000000
vt 0.858974 0.000000
vt 0.846154 0.000000
vt 0.487179 0.000000
vt 0.493590 0.000000
vt 0.506410 0.000000
vt 0.512821 0.000000
vt 0.519231 0.000000
vt 0.852564 0.000000
vt 0.525641 0.000000
vt 0.532051 0.000000
vt 0.538462 0.000000
vt 0.544872 0.000000
vt 0.564103 0.000000
vt 0.557692 0.000000
vt 0.551282 0.000000
vt 0.741176 0.000000
vt 0.717647 0.000000
vt 0.729412 0.000000
vt 0.752941 0.000000
vt 0.694118 0.000000
vt 0.776471 0.000000
vt 0.682353 0.000000
vt 0.788235 0.000000
vt 0.670588 0.000000
vt 0.811765 0.000000
vt 0.658824 0.000000
vt 0.835294 0.000000
vt 0.152941 0.000000
vt 0.164706 0.000000
vt 0.847059 0.000000
vt 0.141176 0.000000
vt 0.129412 0.000000
vt 0.188235 0.000000
vt 0.858824 0.000000
vt 0.870588 0.000000
vt 0.105882 0.000000
vt 0.635294 0.000000
vt 0.211765 0.000000
vt 0.894118 0.000000
vt 0.094118 0.000000
vt 0.905882 0.000000
vt 0.917647 0.000000
vt 0.929412 0.000000
vt 0.223529 0.000000
vt 0.952941 0.000000
vt 0.964706 0.000000
vt 0.082353 0.000000
vt 0.976471 0.000000
vt 0.623529 0.000000
vt 0.988235 0.000000
vt 0.011765 0.000000
vt 0.023529 0.000000
vt 0.035294 0.000000
vt 0.047059 0.000000
vt 0.070588 0.000000
vt 0.247059 0.000000
vt 0.611765 0.000000
vt 0.258824 0.000000
vt 0.270588 0.000000
vt 0.282353 0.000000
vt 0.305882 0.000000
vt 0.576471 0.000000
vt 0.317647 0.000000
vt 0.564706 0.000000
vt 0.329412 0.000000
vt 0.552941 0.000000
vt 0.341176 0.000000
vt 0.541176 0.000000
vt 0.364706 0.000000
vt 0.376471 0.000000
vt 0.517647 0.000000
vt 0.388235 0.000000
vt 0.505882 0.000000
vt 0.423529 0.000000
vt 0.435294 0.000000
vt 0.447059 0.000000
vt 0.494118 0.000000
vt 0.482353 0.000000
vt 0.458824 0.000000
vt 0.872180 0.000000
vt 0.864662 0.000000
vt 0.875940 0.000000
vt 0.879699 0.000000
vt 0.883459 0.000000
vt 0.887218 0.000000
vt 0.890977 0.000000
vt 0.898496 0.000000
vt 0.902256 0.000000
vt 0.906015 0.000000
vt 0.909774 0.000000
vt 0.913534 0.000000
vt 0.917293 0.000000
vt 0.924812 0.000000
vt 0.932331 0.000000
vt 0.936090 0.000000
vt 0.939850 0.000000
vt 0.180451 0.000000
vt 0.943609 0.000000
vt 0.996241 0.000000
vt 0.992481 0.000000
vt 0.988722 0.000000
vt 0.984962 0.000000
vt 0.951128 0.000000
vt 0.981203 0.000000
vt 0.977444 0.000000
vt 0.954887 0.000000
vt 0.969925 0.000000
vt 0.966165 0.000000
vt 0.958647 0.000000
vt 0.962406 0.000000
vt 0.187970 0.000000
vt 0.191729 0.000000
vt 0.195489 0.000000
vt 0.199248 0.000000
vt 0.203008 0.000000
vt 0.206767 0.000000
vt 0.860902 0.000000
vt 0.218045 0.000000
vt 0.221805 0.000000
vt 0.853383 0.000000
vt 0.225564 0.000000
vt 0.849624 0.000000
vt 0.233083 0.000000
vt 0.240602 0.000000
vt 0.244361 0.000000
vt 0.248120 0.000000
vt 0.251880 0.000000
vt 0.845865 0.000000
vt 0.255639 0.000000
vt 0.259398 0.000000
vt 0.266917 0.000000
vt 0.270677 0.000000
vt 0.274436 0.000000
vt 0.838346 0.000000
vt 0.278196 0.000000
vt 0.834586 0.000000
vt 0.830827 0.000000
vt 0.827068 0.000000
vt 0.823308 0.000000
vt 0.281955 0.000000
vt 0.229323 0.000000
vt 0.819549 0.000000
vt 0.812030 0.000000
vt 0.808271 0.000000
vt 0.804511 0.000000
vt 0.293233 0.000000
vt 0.800752 0.000000
vt 0.296992 0.000000
vt 0.300752 0.000000
vt 0.796992 0.000000
vt 0.304511 0.000000
vt 0.793233 0.000000
vt 0.308271 0.000000
vt 0.312030 0.000000
vt 0.781955 0.000000
vt 0.319549 0.000000
vt 0.323308 0.000000
vt 0.778196 0.000000
vt 0.327068 0.000000
vt 0.733083 0.000000
vt 0.725564 0.000000
vt 0.729323 0.000000
vt 0.740601 0.000000
vt 0.744361 0.000000
vt 0.748120 0.000000
vt 0.721804 0.000000
vt 0.751880 0.000000
vt 0.774436 0.000000
vt 0.755639 0.000000
vt 0.759399 0.000000
vt 0.330827 0.000000
vt 0.718045 0.000000
vt 0.766917 0.000000
vt 0.770677 0.000000
vt 0.334586 0.000000
vt 0.338346 0.000000
vt 0.413534 0.000000
vt 0.706767 0.000000
vt 0.409774 0.000000
vt 0.417293 0.000000
vt 0.406015 0.000000
vt 0.703008 0.000000
vt 0.402256 0.000000
vt 0.424812 0.000000
vt 0.398496 0.000000
vt 0.345865 0.000000
vt 0.432331 0.000000
vt 0.699248 0.000000
vt 0.436090 0.000000
vt 0.390977 0.000000
vt 0.349624 0.000000
vt 0.439850 0.000000
vt 0.387218 0.000000
vt 0.695489 0.000000
vt 0.353383 0.000000
vt 0.443609 0.000000
vt 0.383459 0.000000
vt 0.691729 0.000000
vt 0.379699 0.000000
vt 0.451128 0.000000
vt 0.360902 0.000000
vt 0.687970 0.000000
vt 0.375940 0.000000
vt 0.364662 0.000000
vt 0.454887 0.000000
vt 0.372180 0.000000
vt 0.458647 0.000000
vt 0.545113 0.000000
vt 0.548872 0.000000
vt 0.556391 0.000000
vt 0.541353 0.000000
vt 0.560150 0.000000
vt 0.462406 0.000000
vt 0.537594 0.000000
vt 0.680451 0.000000
vt 0.563910 0.000000
vt 0.533835 0.000000
vt 0.567669 0.000000
vt 0.530075 0.000000
vt 0.466165 0.000000
vt 0.575188 0.000000
vt 0.469925 0.000000
vt 0.676692 0.000000
vt 0.135338 0.000000
vt 0.522556 0.000000
vt 0.139098 0.000000
vt 0.127820 0.000000
vt 0.124060 0.000000
vt 0.146617 0.000000
vt 0.120301 0.000000
vt 0.582707 0.000000
vt 0.116541 0.000000
vt 0.518797 0.000000
vt 0.150376 0.000000
vt 0.112782 0.000000
vt 0.154135 0.000000
vt 0.109023 0.000000
vt 0.477444 0.000000
vt 0.586466 0.000000
vt 0.672932 0.000000
vt 0.515038 0.000000
vt 0.101504 0.000000
vt 0.481203 0.000000
vt 0.590226 0.000000
vt 0.161654 0.000000
vt 0.097744 0.000000
vt 0.093985 0.000000
vt 0.511278 0.000000
vt 0.484962 0.000000
vt 0.165414 0.000000
vt 0.593985 0.000000
vt 0.090226 0.000000
vt 0.669173 0.000000
vt 0.086466 0.000000
vt 0.488722 0.000000
vt 0.169173 0.000000
vt 0.597744 0.000000
vt 0.507519 0.000000
vt 0.082707 0.000000
vt 0.492481 0.000000
vt 0.172932 0.000000
vt 0.665414 0.000000
vt 0.496241 0.000000
vt 0.601504 0.000000
vt 0.503759 0.000000
vt 0.075188 0.000000
vt 0.176692 0.000000
vt 0.067669 0.000000
vt 0.661654 0.000000
vt 0.063910 0.000000
vt 0.609023 0.000000
vt 0.060150 0.000000
vt 0.056391 0.000000
vt 0.003759 0.000000
vt 0.007519 0.000000
vt 0.011278 0.000000
vt 0.015038 0.000000
vt 0.018797 0.000000
vt 0.048872 0.000000
vt 0.022556 0.000000
vt 0.030075 0.000000
vt 0.033835 0.000000
vt 0.045113 0.000000
vt 0.037594 0.000000
vt 0.041353 0.000000
vt 0.612782 0.000000
vt 0.616541 0.000000
vt 0.654135 0.000000
vt 0.620301 0.000000
vt 0.650376 0.000000
vt 0.624060 0.000000
vt 0.646617 0.000000
vt 0.627820 0.000000
vt 0.635338 0.000000
vt 0.639098 0.000000
vt 0.344118 0.000000
vt 0.335294 0.000000
vt 0.347059 0.000000
vt 0.332353 0.000000
vt 0.350000 0.000000
vt 0.326471 0.000000
vt 0.355882 0.000000
vt 0.358824 0.000000
vt 0.320588 0.000000
vt 0.361765 0.000000
vt 0.314706 0.000000
vt 0.311765 0.000000
vt 0.370588 0.000000
vt 0.373529 0.000000
vt 0.302941 0.000000
vt 0.379412 0.000000
vt 0.267647 0.000000
vt 0.261765 0.000000
vt 0.273529 0.000000
vt 0.276471 0.000000
vt 0.285294 0.000000
vt 0.288235 0.000000
vt 0.420588 0.000000
vt 0.414706 0.000000
vt 0.417647 0.000000
vt 0.291176 0.000000
vt 0.408824 0.000000
vt 0.405882 0.000000
vt 0.402941 0.000000
vt 0.297059 0.000000
vt 0.394118 0.000000
vt 0.391176 0.000000
vt 0.385294 0.000000
vt 0.255882 0.000000
vt 0.252941 0.000000
vt 0.244118 0.000000
vt 0.241176 0.000000
vt 0.238235 0.000000
vt 0.232353 0.000000
vt 0.229412 0.000000
vt 0.429412 0.000000
vt 0.226471 0.000000
vt 0.432353 0.000000
vt 0.438235 0.000000
vt 0.444118 0.000000
vt 0.461765 0.000000
vt 0.450000 0.000000
vt 0.452941 0.000000
vt 0.464706 0.000000
vt 0.217647 0.000000
vt 0.467647 0.000000
vt 0.214706 0.000000
vt 0.111765 0.000000
vt 0.114706 0.000000
vt 0.120588 0.000000
vt 0.123529 0.000000
vt 0.126471 0.000000
vt 0.473529 0.000000
vt 0.208824 0.000000
vt 0.855882 0.000000
vt 0.850000 0.000000
vt 0.135294 0.000000
vt 0.476471 0.000000
vt 0.138235 0.000000
vt 0.844118 0.000000
vt 0.202941 0.000000
vt 0.841176 0.000000
vt 0.479412 0.000000
vt 0.144118 0.000000
vt 0.150000 0.000000
vt 0.832353 0.000000
vt 0.197059 0.000000
vt 0.829412 0.000000
vt 0.158824 0.000000
vt 0.155882 0.000000
vt 0.826471 0.000000
vt 0.167647 0.000000
vt 0.170588 0.000000
vt 0.194118 0.000000
vt 0.173529 0.000000
vt 0.179412 0.000000
vt 0.820588 0.000000
vt 0.182353 0.000000
vt 0.488235 0.000000
vt 0.817647 0.000000
vt 0.185294 0.000000
vt 0.814706 0.000000
vt 0.491176 0.000000
vt 0.497059 0.000000
vt 0.108824 0.000000
vt 0.002941 0.000000
vt 0.805882 0.000000
vt 0.097059 0.000000
vt 0.091176 0.000000
vt 0.673529 0.000000
vt 0.679412 0.000000
vt 0.085294 0.000000
vt 0.079412 0.000000
vt 0.802941 0.000000
vt 0.076471 0.000000
vt 0.502941 0.000000
vt 0.005882 0.000000
vt 0.685294 0.000000
vt 0.688235 0.000000
vt 0.008824 0.000000
vt 0.797059 0.000000
vt 0.861765 0.000000
vt 0.508824 0.000000
vt 0.067647 0.000000
vt 0.997059 0.000000
vt 0.697059 0.000000
vt 0.667647 0.000000
vt 0.864706 0.000000
vt 0.064706 0.000000
vt 0.994118 0.000000
vt 0.511765 0.000000
vt 0.061765 0.000000
vt 0.791176 0.000000
vt 0.702941 0.000000
vt 0.991176 0.000000
vt 0.664706 0.000000
vt 0.017647 0.000000
vt 0.055882 0.000000
vt 0.873529 0.000000
vt 0.708824 0.000000
vt 0.020588 0.000000
vt 0.052941 0.000000
vt 0.876471 0.000000
vt 0.785294 0.000000
vt 0.711765 0.000000
vt 0.050000 0.000000
vt 0.982353 0.000000
vt 0.879412 0.000000
vt 0.714706 0.000000
vt 0.520588 0.000000
vt 0.782353 0.000000
vt 0.026471 0.000000
vt 0.979412 0.000000
vt 0.655882 0.000000
vt 0.041176 0.000000
vt 0.885294 0.000000
vt 0.523529 0.000000
vt 0.032353 0.000000
vt 0.652941 0.000000
vt 0.038235 0.000000
vt 0.888235 0.000000
vt 0.973529 0.000000
vt 0.526471 0.000000
vt 0.650000 0.000000
vt 0.891176 0.000000
vt 0.723529 0.000000
vt 0.967647 0.000000
vt 0.773529 0.000000
vt 0.644118 0.000000
vt 0.726471 0.000000
vt 0.961765 0.000000
vt 0.532353 0.000000
vt 0.902941 0.000000
vt 0.641176 0.000000
vt 0.958824 0.000000
vt 0.770588 0.000000
vt 0.908824 0.000000
vt 0.535294 0.000000
vt 0.638235 0.000000
vt 0.950000 0.000000
vt 0.914706 0.000000
vt 0.732353 0.000000
vt 0.947059 0.000000
vt 0.944118 0.000000
vt 0.767647 0.000000
vt 0.538235 0.000000
vt 0.920588 0.000000
vt 0.923529 0.000000
vt 0.938235 0.000000
vt 0.629412 0.000000
vt 0.935294 0.000000
vt 0.932353 0.000000
vt 0.626471 0.000000
vt 0.620588 0.000000
vt 0.738235 0.000000
vt 0.597059 0.000000
vt 0.594118 0.000000
vt 0.614706 0.000000
vt 0.547059 0.000000
vt 0.591176 0.000000
vt 0.761765 0.000000
vt 0.608824 0.000000
vt 0.550000 0.000000
vt 0.744118 0.000000
vt 0.605882 0.000000
vt 0.585294 0.000000
vt 0.582353 0.000000
vt 0.747059 0.000000
vt 0.579412 0.000000
vt 0.555882 0.000000
vt 0.758824 0.000000
vt 0.570588 0.000000
vt 0.561765 0.000000
vt 0.567647 0.000000
vt 0.755882 0.000000
vt 0.612613 0.000000
vt 0.617117 0.000000
vt 0.558559 0.000000
vt 0.626126 0.000000
vt 0.630631 0.000000
vt 0.657658 0.000000
vt 0.653153 0.000000
vt 0.639640 0.000000
vt 0.644144 0.000000
vt 0.563063 0.000000
vt 0.603604 0.000000
vt 0.599099 0.000000
vt 0.572072 0.000000
vt 0.576577 0.000000
vt 0.590090 0.000000
vt 0.585586 0.000000
vt 0.680180 0.000000
vt 0.671171 0.000000
vt 0.684685 0.000000
vt 0.995495 0.000000
vt 0.990991 0.000000
vt 0.693694 0.000000
vt 0.981982 0.000000
vt 0.698198 0.000000
vt 0.977477 0.000000
vt 0.968468 0.000000
vt 0.707207 0.000000
vt 0.963964 0.000000
vt 0.711712 0.000000
vt 0.954955 0.000000
vt 0.720721 0.000000
vt 0.950450 0.000000
vt 0.725225 0.000000
vt 0.941441 0.000000
vt 0.734234 0.000000
vt 0.936937 0.000000
vt 0.738739 0.000000
vt 0.927928 0.000000
vt 0.923423 0.000000
vt 0.846847 0.000000
vt 0.842342 0.000000
vt 0.914414 0.000000
vt 0.855856 0.000000
vt 0.860360 0.000000
vt 0.909910 0.000000
vt 0.869369 0.000000
vt 0.747748 0.000000
vt 0.873874 0.000000
vt 0.900901 0.000000
vt 0.882883 0.000000
vt 0.887387 0.000000
vt 0.896396 0.000000
vt 0.752252 0.000000
vt 0.761261 0.000000
vt 0.765766 0.000000
vt 0.828829 0.000000
vt 0.819820 0.000000
vt 0.815315 0.000000
vt 0.774775 0.000000
vt 0.806306 0.000000
vt 0.779279 0.000000
vt 0.801802 0.000000
vt 0.792793 0.000000
vt 0.788288 0.000000
vt 0.009009 0.000000
vt 0.004505 0.000000
vt 0.549550 0.000000
vt 0.018018 0.000000
vt 0.545045 0.000000
vt 0.022523 0.000000
vt 0.536036 0.000000
vt 0.531532 0.000000
vt 0.031532 0.000000
vt 0.036036 0.000000
vt 0.522523 0.000000
vt 0.045045 0.000000
vt 0.518018 0.000000
vt 0.049550 0.000000
vt 0.509009 0.000000
vt 0.504505 0.000000
vt 0.058559 0.000000
vt 0.063063 0.000000
vt 0.495495 0.000000
vt 0.490991 0.000000
vt 0.072072 0.000000
vt 0.076577 0.000000
vt 0.481982 0.000000
vt 0.477477 0.000000
vt 0.085586 0.000000
vt 0.090090 0.000000
vt 0.468468 0.000000
vt 0.463964 0.000000
vt 0.099099 0.000000
vt 0.103604 0.000000
vt 0.454955 0.000000
vt 0.450450 0.000000
vt 0.112613 0.000000
vt 0.342342 0.000000
vt 0.441441 0.000000
vt 0.346847 0.000000
vt 0.436937 0.000000
vt 0.117117 0.000000
vt 0.328829 0.000000
vt 0.355856 0.000000
vt 0.427928 0.000000
vt 0.360360 0.000000
vt 0.423423 0.000000
vt 0.319820 0.000000
vt 0.369369 0.000000
vt 0.414414 0.000000
vt 0.373874 0.000000
vt 0.126126 0.000000
vt 0.409910 0.000000
vt 0.315315 0.000000
vt 0.382883 0.000000
vt 0.400901 0.000000
vt 0.130631 0.000000
vt 0.396396 0.000000
vt 0.387387 0.000000
vt 0.306306 0.000000
vt 0.301802 0.000000
vt 0.139640 0.000000
vt 0.292793 0.000000
vt 0.144144 0.000000
vt 0.288288 0.000000
vt 0.279279 0.000000
vt 0.274775 0.000000
vt 0.153153 0.000000
vt 0.265766 0.000000
vt 0.261261 0.000000
vt 0.252252 0.000000
vt 0.157658 0.000000
vt 0.247748 0.000000
vt 0.238739 0.000000
vt 0.234234 0.000000
vt 0.225225 0.000000
vt 0.220721 0.000000
vt 0.211712 0.000000
vt 0.207207 0.000000
vt 0.198198 0.000000
vt 0.193694 0.000000
vt 0.184685 0.000000
vt 0.180180 0.000000
vt 0.171171 0.000000
vt 0.010989 0.000000
vt 0.005495 0.000000
vt 0.016484 0.000000
vt 0.021978 0.000000
vt 0.027473 0.000000
vt 0.032967 0.000000
vt 0.994505 0.000000
vt 0.043956 0.000000
vt 0.989011 0.000000
vt 0.983516 0.000000
vt 0.049451 0.000000
vt 0.978022 0.000000
vt 0.054945 0.000000
vt 0.972527 0.000000
vt 0.967033 0.000000
vt 0.060440 0.000000
vt 0.065934 0.000000
vt 0.956044 0.000000
vt 0.950549 0.000000
vt 0.945055 0.000000
vt 0.939560 0.000000
vt 0.934066 0.000000
vt 0.082418 0.000000
vt 0.087912 0.000000
vt 0.917582 0.000000
vt 0.912088 0.000000
vt 0.093407 0.000000
vt 0.906593 0.000000
vt 0.901099 0.000000
vt 0.098901 0.000000
vt 0.895604 0.000000
vt 0.890110 0.000000
vt 0.104396 0.000000
vt 0.813187 0.000000
vt 0.802198 0.000000
vt 0.818681 0.000000
vt 0.796703 0.000000
vt 0.824176 0.000000
vt 0.791209 0.000000
vt 0.829670 0.000000
vt 0.835165 0.000000
vt 0.879121 0.000000
vt 0.840659 0.000000
vt 0.780220 0.000000
vt 0.851648 0.000000
vt 0.774725 0.000000
vt 0.862637 0.000000
vt 0.873626 0.000000
vt 0.109890 0.000000
vt 0.763736 0.000000
vt 0.868132 0.000000
vt 0.758242 0.000000
vt 0.274725 0.000000
vt 0.280220 0.000000
vt 0.752747 0.000000
vt 0.263736 0.000000
vt 0.291209 0.000000
vt 0.296703 0.000000
vt 0.258242 0.000000
vt 0.302198 0.000000
vt 0.747253 0.000000
vt 0.252747 0.000000
vt 0.313187 0.000000
vt 0.247253 0.000000
vt 0.318681 0.000000
vt 0.741758 0.000000
vt 0.324176 0.000000
vt 0.241758 0.000000
vt 0.329670 0.000000
vt 0.736264 0.000000
vt 0.335165 0.000000
vt 0.236264 0.000000
vt 0.340659 0.000000
vt 0.549451 0.000000
vt 0.543956 0.000000
vt 0.725275 0.000000
vt 0.225275 0.000000
vt 0.351648 0.000000
vt 0.554945 0.000000
vt 0.719780 0.000000
vt 0.219780 0.000000
vt 0.120879 0.000000
vt 0.532967 0.000000
vt 0.362637 0.000000
vt 0.560440 0.000000
vt 0.708791 0.000000
vt 0.368132 0.000000
vt 0.208791 0.000000
vt 0.565934 0.000000
vt 0.703297 0.000000
vt 0.373626 0.000000
vt 0.527473 0.000000
vt 0.203297 0.000000
vt 0.697802 0.000000
vt 0.379121 0.000000
vt 0.126374 0.000000
vt 0.197802 0.000000
vt 0.521978 0.000000
vt 0.686813 0.000000
vt 0.390110 0.000000
vt 0.681319 0.000000
vt 0.395604 0.000000
vt 0.186813 0.000000
vt 0.675824 0.000000
vt 0.582418 0.000000
vt 0.516484 0.000000
vt 0.401099 0.000000
vt 0.670330 0.000000
vt 0.181319 0.000000
vt 0.131868 0.000000
vt 0.587912 0.000000
vt 0.664835 0.000000
vt 0.406593 0.000000
vt 0.659341 0.000000
vt 0.175824 0.000000
vt 0.510989 0.000000
vt 0.412088 0.000000
vt 0.593407 0.000000
vt 0.648352 0.000000
vt 0.417582 0.000000
vt 0.170330 0.000000
vt 0.598901 0.000000
vt 0.505495 0.000000
vt 0.637363 0.000000
vt 0.631868 0.000000
vt 0.604396 0.000000
vt 0.626374 0.000000
vt 0.164835 0.000000
vt 0.620879 0.000000
vt 0.609890 0.000000
vt 0.137363 0.000000
vt 0.434066 0.000000
vt 0.159341 0.000000
vt 0.439560 0.000000
vt 0.494505 0.000000
vt 0.445055 0.000000
vt 0.489011 0.000000
vt 0.450549 0.000000
vt 0.148352 0.000000
vt 0.483516 0.000000
vt 0.456044 0.000000
vt 0.478022 0.000000
vt 0.467033 0.000000
vt 0.472527 0.000000
vt 0.821138 0.000000
vt 0.804878 0.000000
vt 0.813008 0.000000
vt 0.609756 0.000000
vt 0.601626 0.000000
vt 0.829268 0.000000
vt 0.991870 0.000000
vt 0.837398 0.000000
vt 0.983740 0.000000
vt 0.845528 0.000000
vt 0.853659 0.000000
vt 0.975610 0.000000
vt 0.861789 0.000000
vt 0.967480 0.000000
vt 0.869919 0.000000
vt 0.959350 0.000000
vt 0.878049 0.000000
vt 0.951219 0.000000
vt 0.943089 0.000000
vt 0.886179 0.000000
vt 0.934959 0.000000
vt 0.894309 0.000000
vt 0.926829 0.000000
vt 0.902439 0.000000
vt 0.918699 0.000000
vt 0.910569 0.000000
vt 0.796748 0.000000
vt 0.617886 0.000000
vt 0.788618 0.000000
vt 0.626016 0.000000
vt 0.780488 0.000000
vt 0.634146 0.000000
vt 0.772358 0.000000
vt 0.642276 0.000000
vt 0.764228 0.000000
vt 0.650406 0.000000
vt 0.756098 0.000000
vt 0.658537 0.000000
vt 0.747967 0.000000
vt 0.739837 0.000000
vt 0.674797 0.000000
vt 0.731707 0.000000
vt 0.682927 0.000000
vt 0.723577 0.000000
vt 0.691057 0.000000
vt 0.715447 0.000000
vt 0.699187 0.000000
vt 0.707317 0.000000
vt 0.016260 0.000000
vt 0.008130 0.000000
vt 0.593496 0.000000
vt 0.024390 0.000000
vt 0.585366 0.000000
vt 0.032520 0.000000
vt 0.577236 0.000000
vt 0.040650 0.000000
vt 0.569106 0.000000
vt 0.048780 0.000000
vt 0.560976 0.000000
vt 0.056911 0.000000
vt 0.552846 0.000000
vt 0.065041 0.000000
vt 0.544715 0.000000
vt 0.536585 0.000000
vt 0.073171 0.000000
vt 0.528455 0.000000
vt 0.081301 0.000000
vt 0.520325 0.000000
vt 0.089431 0.000000
vt 0.512195 0.000000
vt 0.504065 0.000000
vt 0.097561 0.000000
vt 0.495935 0.000000
vt 0.105691 0.000000
vt 0.113821 0.000000
vt 0.487805 0.000000
vt 0.479675 0.000000
vt 0.121951 0.000000
vt 0.471545 0.000000
vt 0.463415 0.000000
vt 0.130081 0.000000
vt 0.455285 0.000000
vt 0.317073 0.000000
vt 0.300813 0.000000
vt 0.308943 0.000000
vt 0.447154 0.000000
vt 0.325203 0.000000
vt 0.138211 0.000000
vt 0.439024 0.000000
vt 0.341463 0.000000
vt 0.349593 0.000000
vt 0.430894 0.000000
vt 0.357724 0.000000
vt 0.365854 0.000000
vt 0.422764 0.000000
vt 0.373984 0.000000
vt 0.146341 0.000000
vt 0.382114 0.000000
vt 0.414634 0.000000
vt 0.390244 0.000000
vt 0.398374 0.000000
vt 0.406504 0.000000
vt 0.154472 0.000000
vt 0.162602 0.000000
vt 0.292683 0.000000
vt 0.170732 0.000000
vt 0.284553 0.000000
vt 0.276423 0.000000
vt 0.178862 0.000000
vt 0.268293 0.000000
vt 0.260163 0.000000
vt 0.252033 0.000000
vt 0.186992 0.000000
vt 0.243902 0.000000
vt 0.235772 0.000000
vt 0.195122 0.000000
vt 0.227642 0.000000
vt 0.219512 0.000000
vt 0.203252 0.000000
vt 0.211382 0.000000
vt 0.836538 0.000000
vt 0.831731 0.000000
vt 0.841346 0.000000
vt 0.850962 0.000000
vt 0.855769 0.000000
vt 0.860577 0.000000
vt 0.870192 0.000000
vt 0.879808 0.000000
vt 0.889423 0.000000
vt 0.894231 0.000000
vt 0.899038 0.000000
vt 0.908654 0.000000
vt 0.913462 0.000000
vt 0.918269 0.000000
vt 0.004808 0.000000
vt 0.927885 0.000000
vt 0.995192 0.000000
vt 0.990385 0.000000
vt 0.932692 0.000000
vt 0.985577 0.000000
vt 0.975962 0.000000
vt 0.971154 0.000000
vt 0.966346 0.000000
vt 0.956731 0.000000
vt 0.947115 0.000000
vt 0.951923 0.000000
vt 0.024038 0.000000
vt 0.028846 0.000000
vt 0.033654 0.000000
vt 0.043269 0.000000
vt 0.048077 0.000000
vt 0.822115 0.000000
vt 0.052885 0.000000
vt 0.817308 0.000000
vt 0.802885 0.000000
vt 0.067308 0.000000
vt 0.072115 0.000000
vt 0.798077 0.000000
vt 0.120192 0.000000
vt 0.793269 0.000000
vt 0.783654 0.000000
vt 0.081731 0.000000
vt 0.110577 0.000000
vt 0.086538 0.000000
vt 0.105769 0.000000
vt 0.778846 0.000000
vt 0.100962 0.000000
vt 0.091346 0.000000
vt 0.774038 0.000000
vt 0.764423 0.000000
vt 0.129808 0.000000
vt 0.014423 0.000000
vt 0.009615 0.000000
vt 0.759615 0.000000
vt 0.754808 0.000000
vt 0.139423 0.000000
vt 0.144231 0.000000
vt 0.745192 0.000000
vt 0.149038 0.000000
vt 0.740385 0.000000
vt 0.735577 0.000000
vt 0.158654 0.000000
vt 0.163462 0.000000
vt 0.725962 0.000000
vt 0.721154 0.000000
vt 0.168269 0.000000
vt 0.716346 0.000000
vt 0.658654 0.000000
vt 0.649038 0.000000
vt 0.663462 0.000000
vt 0.668269 0.000000
vt 0.677885 0.000000
vt 0.682692 0.000000
vt 0.697115 0.000000
vt 0.701923 0.000000
vt 0.177885 0.000000
vt 0.706731 0.000000
vt 0.182692 0.000000
vt 0.644231 0.000000
vt 0.197115 0.000000
vt 0.201923 0.000000
vt 0.206731 0.000000
vt 0.639423 0.000000
vt 0.216346 0.000000
vt 0.221154 0.000000
vt 0.225962 0.000000
vt 0.235577 0.000000
vt 0.629808 0.000000
vt 0.240385 0.000000
vt 0.245192 0.000000
vt 0.254808 0.000000
vt 0.259615 0.000000
vt 0.264423 0.000000
vt 0.274038 0.000000
vt 0.278846 0.000000
vt 0.283654 0.000000
vt 0.293269 0.000000
vt 0.600962 0.000000
vt 0.605769 0.000000
vt 0.610577 0.000000
vt 0.620192 0.000000
vt 0.591346 0.000000
vt 0.298077 0.000000
vt 0.586538 0.000000
vt 0.581731 0.000000
vt 0.302885 0.000000
vt 0.572115 0.000000
vt 0.567308 0.000000
vt 0.317308 0.000000
vt 0.322115 0.000000
vt 0.552885 0.000000
vt 0.331731 0.000000
vt 0.548077 0.000000
vt 0.336538 0.000000
vt 0.341346 0.000000
vt 0.543269 0.000000
vt 0.350962 0.000000
vt 0.533654 0.000000
vt 0.355769 0.000000
vt 0.528846 0.000000
vt 0.360577 0.000000
vt 0.524038 0.000000
vt 0.514423 0.000000
vt 0.509615 0.000000
vt 0.370192 0.000000
vt 0.504808 0.000000
vt 0.495192 0.000000
vt 0.490385 0.000000
vt 0.485577 0.000000
vt 0.379808 0.000000
vt 0.475962 0.000000
vt 0.471154 0.000000
vt 0.466346 0.000000
vt 0.413462 0.000000
vt 0.418269 0.000000
vt 0.427885 0.000000
vt 0.456731 0.000000
vt 0.432692 0.000000
vt 0.451923 0.000000
vt 0.447115 0.000000
vt 0.389423 0.000000
vt 0.394231 0.000000
vt 0.399038 0.000000
vt 0.408654 0.000000
vt 0.839806 0.000000
vt 0.995146 0.000000
vt 0.990291 0.000000
vt 0.985437 0.000000
vt 0.844660 0.000000
vt 0.980583 0.000000
vt 0.849515 0.000000
vt 0.854369 0.000000
vt 0.975728 0.000000
vt 0.859223 0.000000
vt 0.970874 0.000000
vt 0.864078 0.000000
vt 0.966019 0.000000
vt 0.868932 0.000000
vt 0.873786 0.000000
vt 0.961165 0.000000
vt 0.878641 0.000000
vt 0.956311 0.000000
vt 0.883495 0.000000
vt 0.951456 0.000000
vt 0.888350 0.000000
vt 0.946602 0.000000
vt 0.893204 0.000000
vt 0.941748 0.000000
vt 0.898058 0.000000
vt 0.907767 0.000000
vt 0.917476 0.000000
vt 0.902913 0.000000
vt 0.936893 0.000000
vt 0.922330 0.000000
vt 0.932039 0.000000
vt 0.912621 0.000000
vt 0.927184 0.000000
vt 0.004854 0.000000
vt 0.174757 0.000000
vt 0.179612 0.000000
vt 0.296117 0.000000
vt 0.300971 0.000000
vt 0.291262 0.000000
vt 0.009709 0.000000
vt 0.169903 0.000000
vt 0.286408 0.000000
vt 0.014563 0.000000
vt 0.184466 0.000000
vt 0.165049 0.000000
vt 0.281553 0.000000
vt 0.019417 0.000000
vt 0.189320 0.000000
vt 0.276699 0.000000
vt 0.160194 0.000000
vt 0.024272 0.000000
vt 0.194175 0.000000
vt 0.271845 0.000000
vt 0.155340 0.000000
vt 0.310680 0.000000
vt 0.694175 0.000000
vt 0.305825 0.000000
vt 0.029126 0.000000
vt 0.199029 0.000000
vt 0.266990 0.000000
vt 0.033981 0.000000
vt 0.150485 0.000000
vt 0.203883 0.000000
vt 0.262136 0.000000
vt 0.689320 0.000000
vt 0.038835 0.000000
vt 0.315534 0.000000
vt 0.208738 0.000000
vt 0.145631 0.000000
vt 0.257282 0.000000
vt 0.043689 0.000000
vt 0.684466 0.000000
vt 0.213592 0.000000
vt 0.252427 0.000000
vt 0.140777 0.000000
vt 0.048544 0.000000
vt 0.320388 0.000000
vt 0.218447 0.000000
vt 0.247573 0.000000
vt 0.053398 0.000000
vt 0.135922 0.000000
vt 0.776699 0.000000
vt 0.679612 0.000000
vt 0.058252 0.000000
vt 0.242718 0.000000
vt 0.223301 0.000000
vt 0.131068 0.000000
vt 0.063107 0.000000
vt 0.067961 0.000000
vt 0.228155 0.000000
vt 0.233010 0.000000
vt 0.237864 0.000000
vt 0.325243 0.000000
vt 0.771845 0.000000
vt 0.781553 0.000000
vt 0.072816 0.000000
vt 0.077670 0.000000
vt 0.126214 0.000000
vt 0.674757 0.000000
vt 0.082524 0.000000
vt 0.087379 0.000000
vt 0.766990 0.000000
vt 0.786408 0.000000
vt 0.092233 0.000000
vt 0.121359 0.000000
vt 0.097087 0.000000
vt 0.330097 0.000000
vt 0.101942 0.000000
vt 0.762136 0.000000
vt 0.669903 0.000000
vt 0.791262 0.000000
vt 0.106796 0.000000
vt 0.111650 0.000000
vt 0.116505 0.000000
vt 0.757282 0.000000
vt 0.796117 0.000000
vt 0.665049 0.000000
vt 0.334951 0.000000
vt 0.752427 0.000000
vt 0.800971 0.000000
vt 0.747573 0.000000
vt 0.805825 0.000000
vt 0.660194 0.000000
vt 0.339806 0.000000
vt 0.742718 0.000000
vt 0.810680 0.000000
vt 0.655340 0.000000
vt 0.737864 0.000000
vt 0.815534 0.000000
vt 0.344660 0.000000
vt 0.733010 0.000000
vt 0.650485 0.000000
vt 0.820388 0.000000
vt 0.728155 0.000000
vt 0.825243 0.000000
vt 0.349515 0.000000
vt 0.645631 0.000000
vt 0.723301 0.000000
vt 0.830097 0.000000
vt 0.640777 0.000000
vt 0.718447 0.000000
vt 0.834951 0.000000
vt 0.354369 0.000000
vt 0.635922 0.000000
vt 0.359223 0.000000
vt 0.514563 0.000000
vt 0.631068 0.000000
vt 0.364078 0.000000
vt 0.480583 0.000000
vt 0.708738 0.000000
vt 0.509709 0.000000
vt 0.519417 0.000000
vt 0.626214 0.000000
vt 0.524272 0.000000
vt 0.621359 0.000000
vt 0.616505 0.000000
vt 0.529126 0.000000
vt 0.475728 0.000000
vt 0.485437 0.000000
vt 0.703883 0.000000
vt 0.611650 0.000000
vt 0.368932 0.000000
vt 0.533981 0.000000
vt 0.470874 0.000000
vt 0.606796 0.000000
vt 0.373786 0.000000
vt 0.538835 0.000000
vt 0.466019 0.000000
vt 0.378641 0.000000
vt 0.601942 0.000000
vt 0.543689 0.000000
vt 0.461165 0.000000
vt 0.383495 0.000000
vt 0.699029 0.000000
vt 0.713592 0.000000
vt 0.597087 0.000000
vt 0.548544 0.000000
vt 0.388350 0.000000
vt 0.456311 0.000000
vt 0.592233 0.000000
vt 0.553398 0.000000
vt 0.393204 0.000000
vt 0.451456 0.000000
vt 0.587379 0.000000
vt 0.558252 0.000000
vt 0.398058 0.000000
vt 0.446602 0.000000
vt 0.582524 0.000000
vt 0.563107 0.000000
vt 0.402913 0.000000
vt 0.441748 0.000000
vt 0.577670 0.000000
vt 0.567961 0.000000
vt 0.407767 0.000000
vt 0.436893 0.000000
vt 0.572816 0.000000
vt 0.412621 0.000000
vt 0.432039 0.000000
vt 0.427184 0.000000
vt 0.417476 0.000000
vt 0.422330 0.000000
vt 0.495146 0.000000
vt 0.490291 0.000000
vt 0.504854 0.000000
vt 0.986111 0.000000
vt 0.993056 0.000000
vt 0.979167 0.000000
vt 0.006944 0.000000
vt 0.020833 0.000000
vt 0.972222 0.000000
vt 0.027778 0.000000
vt 0.541667 0.000000
vt 0.965278 0.000000
vt 0.013889 0.000000
vt 0.034722 0.000000
vt 0.534722 0.000000
vt 0.527778 0.000000
vt 0.548611 0.000000
vt 0.520833 0.000000
vt 0.513889 0.000000
vt 0.506944 0.000000
vt 0.041667 0.000000
vt 0.493056 0.000000
vt 0.486111 0.000000
vt 0.048611 0.000000
vt 0.479167 0.000000
vt 0.472222 0.000000
vt 0.465278 0.000000
vt 0.458333 0.000000
vt 0.451389 0.000000
vt 0.069444 0.000000
vt 0.430556 0.000000
vt 0.423611 0.000000
vt 0.270833 0.000000
vt 0.284722 0.000000
vt 0.076389 0.000000
vt 0.291667 0.000000
vt 0.263889 0.000000
vt 0.298611 0.000000
vt 0.256944 0.000000
vt 0.409722 0.000000
vt 0.305556 0.000000
vt 0.402778 0.000000
vt 0.090278 0.000000
vt 0.243056 0.000000
vt 0.395833 0.000000
vt 0.319444 0.000000
vt 0.097222 0.000000
vt 0.236111 0.000000
vt 0.326389 0.000000
vt 0.229167 0.000000
vt 0.381944 0.000000
vt 0.104167 0.000000
vt 0.340278 0.000000
vt 0.215278 0.000000
vt 0.368056 0.000000
vt 0.347222 0.000000
vt 0.208333 0.000000
vt 0.354167 0.000000
vt 0.361111 0.000000
vt 0.118056 0.000000
vt 0.131944 0.000000
vt 0.138889 0.000000
vt 0.201389 0.000000
vt 0.145833 0.000000
vt 0.152778 0.000000
vt 0.159722 0.000000
vt 0.173611 0.000000
vt 0.180556 0.000000
vt 0.194444 0.000000
vt 0.958333 0.000000
vt 0.569444 0.000000
vt 0.576389 0.000000
vt 0.951389 0.000000
vt 0.590278 0.000000
vt 0.597222 0.000000
vt 0.604167 0.000000
vt 0.708333 0.000000
vt 0.715278 0.000000
vt 0.618056 0.000000
vt 0.701389 0.000000
vt 0.694444 0.000000
vt 0.631944 0.000000
vt 0.680556 0.000000
vt 0.638889 0.000000
vt 0.645833 0.000000
vt 0.673611 0.000000
vt 0.652778 0.000000
vt 0.659722 0.000000
vt 0.729167 0.000000
vt 0.736111 0.000000
vt 0.743056 0.000000
vt 0.930556 0.000000
vt 0.923611 0.000000
vt 0.756944 0.000000
vt 0.763889 0.000000
vt 0.909722 0.000000
vt 0.770833 0.000000
vt 0.902778 0.000000
vt 0.895833 0.000000
vt 0.784722 0.000000
vt 0.881944 0.000000
vt 0.791667 0.000000
vt 0.868056 0.000000
vt 0.861111 0.000000
vt 0.798611 0.000000
vt 0.854167 0.000000
vt 0.847222 0.000000
vt 0.840278 0.000000
vt 0.826389 0.000000
vt 0.819444 0.000000
vt 0.805556 0.000000
s 0
usemtl マテリアル.001
f 67/1/1 65/2/1 66/3/1
f 67/1/1 64/4/1 65/2/1
f 67/1/1 63/5/1 64/4/1
f 68/6/1 63/5/1 67/1/1
f 68/6/1 62/7/1 63/5/1
f 69/8/1 62/7/1 68/6/1
f 69/8/1 61/9/1 62/7/1
f 70/10/1 61/9/1 69/8/1
f 70/10/1 60/11/1 61/9/1
f 71/12/1 60/11/1 70/10/1
f 71/12/1 59/13/1 60/11/1
f 72/14/1 59/13/1 71/12/1
f 72/14/1 58/15/1 59/13/1
f 73/16/1 58/15/1 72/14/1
f 73/16/1 57/17/1 58/15/1
f 74/18/1 57/17/1 73/16/1
f 74/18/1 56/19/1 57/17/1
f 75/20/1 56/19/1 74/18/1
f 75/20/1 55/21/1 56/19/1
f 76/22/1 55/21/1 75/20/1
f 76/22/1 54/23/1 55/21/1
f 77/24/1 54/23/1 76/22/1
f 77/24/1 53/25/1 54/23/1
f 78/26/1 53/25/1 77/24/1
f 79/27/1 53/25/1 78/26/1
f 79/27/1 52/28/1 53/25/1
f 80/29/1 52/28/1 79/27/1
f 81/30/1 52/28/1 80/29/1
f 82/31/1 52/28/1 81/30/1
f 82/31/1 51/32/1 52/28/1
f 82/31/1 50/33/1 51/32/1
f 83/34/1 50/33/1 82/31/1
f 83/34/1 49/35/1 50/33/1
f 83/34/1 48/36/1 49/35/1
f 83/34/1 47/37/1 48/36/1
f 83/34/1 46/38/1 47/37/1
f 84/39/1 27/40/1 83/34/1
f 27/40/1 46/38/1 83/34/1
f 27/40/1 45/41/1 46/38/1
f 84/39/1 26/42/1 27/40/1
f 28/43/1 45/41/1 27/40/1
f 28/43/1 44/44/1 45/41/1
f 29/45/1 44/44/1 28/43/1
f 29/45/1 43/46/1 44/44/1
f 30/47/1 43/46/1 29/45/1
f 31/48/1 43/46/1 30/47/1
f 31/48/1 42/49/1 43/46/1
f 32/50/1 42/49/1 31/48/1
f 32/50/1 41/51/1 42/49/1
f 85/52/1 26/42/1 84/39/1
f 33/53/1 41/51/1 32/50/1
f 33/53/1 40/54/1 41/51/1
f 34/55/1 40/54/1 33/53/1
f 34/55/1 35/56/1 40/54/1
f 35/56/1 36/57/1 40/54/1
f 36/57/1 37/58/1 40/54/1
f 37/58/1 38/59/1 40/54/1
f 38/59/1 39/60/1 40/54/1
f 86/61/1 26/42/1 85/52/1
f 87/62/1 26/42/1 86/61/1
f 88/63/1 26/42/1 87/62/1
f 89/64/1 26/42/1 88/63/1
f 1/65/1 26/42/1 89/64/1
f 2/66/1 26/42/1 1/65/1
f 2/66/1 25/67/1 26/42/1
f 2/66/1 24/68/1 25/67/1
f 3/69/1 24/68/1 2/66/1
f 3/69/1 23/70/1 24/68/1
f 4/71/1 23/70/1 3/69/1
f 4/71/1 22/72/1 23/70/1
f 5/73/1 22/72/1 4/71/1
f 5/73/1 21/74/1 22/72/1
f 6/75/1 21/74/1 5/73/1
f 6/75/1 20/76/1 21/74/1
f 7/77/1 20/76/1 6/75/1
f 7/77/1 19/78/1 20/76/1
f 8/79/1 19/78/1 7/77/1
f 8/79/1 18/80/1 19/78/1
f 9/81/1 18/80/1 8/79/1
f 9/81/1 17/82/1 18/80/1
f 10/83/1 17/82/1 9/81/1
f 10/83/1 16/84/1 17/82/1
f 11/85/1 16/84/1 10/83/1
f 11/85/1 15/86/1 16/84/1
f 12/87/1 15/86/1 11/85/1
f 12/87/1 14/88/1 15/86/1
f 13/89/1 14/88/1 12/87/1
f 91/90/1 163/64/1 90/65/1
f 129/91/1 127/92/1 128/93/1
f 91/90/1 162/94/1 163/64/1
f 130/95/1 127/92/1 129/91/1
f 91/90/1 161/96/1 162/94/1
f 131/97/1 127/92/1 130/95/1
f 91/90/1 160/98/1 161/96/1
f 132/99/1 127/92/1 131/97/1
f 91/90/1 159/100/1 160/98/1
f 133/101/1 127/92/1 132/99/1
f 91/90/1 158/102/1 159/100/1
f 134/103/1 127/92/1 133/101/1
f 91/90/1 157/104/1 158/102/1
f 135/105/1 127/92/1 134/103/1
f 91/90/1 156/106/1 157/104/1
f 136/107/1 127/92/1 135/105/1
f 91/90/1 155/108/1 156/106/1
f 137/109/1 127/92/1 136/107/1
f 91/90/1 154/110/1 155/108/1
f 138/111/1 127/92/1 137/109/1
f 91/90/1 153/112/1 154/110/1
f 139/113/1 127/92/1 138/111/1
f 91/90/1 152/114/1 153/112/1
f 140/115/1 127/92/1 139/113/1
f 91/90/1 151/116/1 152/114/1
f 91/90/1 150/117/1 151/116/1
f 91/90/1 149/118/1 150/117/1
f 91/90/1 148/119/1 149/118/1
f 91/90/1 147/120/1 148/119/1
f 91/90/1 146/121/1 147/120/1
f 91/90/1 145/122/1 146/121/1
f 91/90/1 144/123/1 145/122/1
f 91/90/1 143/124/1 144/123/1
f 91/90/1 142/125/1 143/124/1
f 91/90/1 141/126/1 142/125/1
f 91/90/1 140/115/1 141/126/1
f 91/90/1 92/127/1 140/115/1
f 92/127/1 93/128/1 140/115/1
f 93/128/1 94/129/1 140/115/1
f 94/129/1 95/130/1 140/115/1
f 95/130/1 96/131/1 140/115/1
f 96/131/1 97/132/1 140/115/1
f 97/132/1 98/133/1 140/115/1
f 98/133/1 99/134/1 140/115/1
f 99/134/1 100/135/1 140/115/1
f 100/135/1 101/136/1 140/115/1
f 101/136/1 102/137/1 140/115/1
f 102/137/1 103/138/1 140/115/1
f 103/138/1 104/139/1 140/115/1
f 104/139/1 105/140/1 140/115/1
f 105/140/1 106/141/1 140/115/1
f 106/141/1 108/142/1 140/115/1
f 108/142/1 111/143/1 140/115/1
f 111/143/1 114/144/1 140/115/1
f 114/144/1 115/145/1 140/115/1
f 115/145/1 116/146/1 140/115/1
f 116/146/1 117/147/1 140/115/1
f 117/147/1 118/148/1 140/115/1
f 118/148/1 119/149/1 140/115/1
f 119/149/1 120/150/1 140/115/1
f 120/150/1 121/151/1 140/115/1
f 121/151/1 122/152/1 140/115/1
f 122/152/1 127/92/1 140/115/1
f 107/153/1 108/142/1 106/141/1
f 109/154/1 111/143/1 108/142/1
f 110/155/1 111/143/1 109/154/1
f 112/156/1 114/144/1 111/143/1
f 113/157/1 114/144/1 112/156/1
f 123/158/1 127/92/1 122/152/1
f 124/159/1 127/92/1 123/158/1
f 125/160/1 127/92/1 124/159/1
f 126/161/1 127/92/1 125/160/1
f 166/66/1 164/65/1 165/162/1
f 167/163/1 164/65/1 166/66/1
f 168/69/1 164/65/1 167/163/1
f 169/164/1 164/65/1 168/69/1
f 170/71/1 164/65/1 169/164/1
f 170/71/1 340/64/1 164/65/1
f 171/165/1 340/64/1 170/71/1
f 171/165/1 339/166/1 340/64/1
f 172/73/1 339/166/1 171/165/1
f 172/73/1 338/63/1 339/166/1
f 173/167/1 338/63/1 172/73/1
f 173/167/1 337/168/1 338/63/1
f 174/75/1 337/168/1 173/167/1
f 174/75/1 336/62/1 337/168/1
f 175/169/1 336/62/1 174/75/1
f 175/169/1 335/170/1 336/62/1
f 176/77/1 335/170/1 175/169/1
f 176/77/1 334/61/1 335/170/1
f 177/171/1 334/61/1 176/77/1
f 177/171/1 333/172/1 334/61/1
f 178/79/1 333/172/1 177/171/1
f 178/79/1 332/52/1 333/172/1
f 178/79/1 331/173/1 332/52/1
f 178/79/1 330/39/1 331/173/1
f 178/79/1 329/174/1 330/39/1
f 179/175/1 329/174/1 178/79/1
f 179/175/1 328/34/1 329/174/1
f 180/81/1 328/34/1 179/175/1
f 316/24/1 314/22/1 315/176/1
f 317/177/1 314/22/1 316/24/1
f 318/26/1 314/22/1 317/177/1
f 319/178/1 314/22/1 318/26/1
f 320/27/1 314/22/1 319/178/1
f 321/179/1 314/22/1 320/27/1
f 322/29/1 314/22/1 321/179/1
f 323/180/1 314/22/1 322/29/1
f 324/30/1 314/22/1 323/180/1
f 325/181/1 314/22/1 324/30/1
f 326/31/1 314/22/1 325/181/1
f 327/182/1 314/22/1 326/31/1
f 180/81/1 327/182/1 328/34/1
f 180/81/1 314/22/1 327/182/1
f 181/183/1 314/22/1 180/81/1
f 181/183/1 313/184/1 314/22/1
f 181/183/1 312/20/1 313/184/1
f 181/183/1 311/185/1 312/20/1
f 181/183/1 310/18/1 311/185/1
f 182/83/1 310/18/1 181/183/1
f 182/83/1 309/186/1 310/18/1
f 182/83/1 308/16/1 309/186/1
f 182/83/1 307/187/1 308/16/1
f 182/83/1 202/76/1 307/187/1
f 202/76/1 306/14/1 307/187/1
f 202/76/1 305/188/1 306/14/1
f 202/76/1 203/189/1 305/188/1
f 203/189/1 304/12/1 305/188/1
f 182/83/1 201/190/1 202/76/1
f 204/74/1 304/12/1 203/189/1
f 183/191/1 201/190/1 182/83/1
f 204/74/1 303/192/1 304/12/1
f 204/74/1 302/10/1 303/192/1
f 204/74/1 301/193/1 302/10/1
f 205/194/1 301/193/1 204/74/1
f 183/191/1 200/78/1 201/190/1
f 184/85/1 200/78/1 183/191/1
f 205/194/1 300/8/1 301/193/1
f 206/72/1 300/8/1 205/194/1
f 184/85/1 199/195/1 200/78/1
f 206/72/1 299/196/1 300/8/1
f 185/197/1 199/195/1 184/85/1
f 207/198/1 299/196/1 206/72/1
f 185/197/1 198/80/1 199/195/1
f 207/198/1 298/6/1 299/196/1
f 208/70/1 298/6/1 207/198/1
f 185/197/1 197/199/1 198/80/1
f 186/87/1 197/199/1 185/197/1
f 208/70/1 297/200/1 298/6/1
f 209/201/1 297/200/1 208/70/1
f 186/87/1 196/82/1 197/199/1
f 187/202/1 196/82/1 186/87/1
f 210/68/1 297/200/1 209/201/1
f 187/202/1 195/203/1 196/82/1
f 210/68/1 296/1/1 297/200/1
f 228/53/1 226/50/1 227/204/1
f 228/53/1 225/205/1 226/50/1
f 188/89/1 195/203/1 187/202/1
f 188/89/1 194/84/1 195/203/1
f 211/206/1 296/1/1 210/68/1
f 228/53/1 224/48/1 225/205/1
f 211/206/1 295/207/1 296/1/1
f 228/53/1 223/208/1 224/48/1
f 188/89/1 193/209/1 194/84/1
f 228/53/1 222/47/1 223/208/1
f 212/67/1 295/207/1 211/206/1
f 189/210/1 193/209/1 188/89/1
f 212/67/1 294/3/1 295/207/1
f 228/53/1 221/211/1 222/47/1
f 229/212/1 221/211/1 228/53/1
f 189/210/1 192/86/1 193/209/1
f 229/212/1 220/45/1 221/211/1
f 230/55/1 220/45/1 229/212/1
f 213/213/1 294/3/1 212/67/1
f 190/88/1 192/86/1 189/210/1
f 230/55/1 219/214/1 220/45/1
f 231/215/1 219/214/1 230/55/1
f 213/213/1 293/216/1 294/3/1
f 190/88/1 191/217/1 192/86/1
f 231/215/1 218/43/1 219/214/1
f 232/56/1 218/43/1 231/215/1
f 214/42/1 293/216/1 213/213/1
f 233/218/1 218/43/1 232/56/1
f 233/218/1 217/219/1 218/43/1
f 214/42/1 292/2/1 293/216/1
f 234/57/1 217/219/1 233/218/1
f 234/57/1 216/40/1 217/219/1
f 215/220/1 292/2/1 214/42/1
f 235/221/1 216/40/1 234/57/1
f 235/221/1 215/220/1 216/40/1
f 215/220/1 291/222/1 292/2/1
f 236/58/1 215/220/1 235/221/1
f 236/58/1 291/222/1 215/220/1
f 237/223/1 291/222/1 236/58/1
f 237/223/1 290/4/1 291/222/1
f 238/59/1 290/4/1 237/223/1
f 239/224/1 290/4/1 238/59/1
f 239/224/1 289/225/1 290/4/1
f 240/60/1 289/225/1 239/224/1
f 240/60/1 288/5/1 289/225/1
f 240/60/1 287/226/1 288/5/1
f 241/227/1 287/226/1 240/60/1
f 241/227/1 286/7/1 287/226/1
f 241/227/1 285/228/1 286/7/1
f 241/227/1 284/9/1 285/228/1
f 242/54/1 284/9/1 241/227/1
f 242/54/1 283/229/1 284/9/1
f 242/54/1 282/11/1 283/229/1
f 242/54/1 265/230/1 282/11/1
f 265/230/1 281/231/1 282/11/1
f 243/232/1 265/230/1 242/54/1
f 243/232/1 264/32/1 265/230/1
f 266/28/1 281/231/1 265/230/1
f 266/28/1 280/13/1 281/231/1
f 267/233/1 280/13/1 266/28/1
f 267/233/1 279/234/1 280/13/1
f 267/233/1 278/15/1 279/234/1
f 268/25/1 278/15/1 267/233/1
f 268/25/1 269/235/1 278/15/1
f 269/235/1 270/23/1 278/15/1
f 270/23/1 271/236/1 278/15/1
f 271/236/1 272/21/1 278/15/1
f 272/21/1 273/237/1 278/15/1
f 273/237/1 274/19/1 278/15/1
f 274/19/1 275/238/1 278/15/1
f 275/238/1 276/17/1 278/15/1
f 276/17/1 277/239/1 278/15/1
f 244/51/1 264/32/1 243/232/1
f 244/51/1 263/240/1 264/32/1
f 245/241/1 263/240/1 244/51/1
f 245/241/1 262/33/1 263/240/1
f 246/49/1 262/33/1 245/241/1
f 246/49/1 261/242/1 262/33/1
f 247/243/1 261/242/1 246/49/1
f 247/243/1 260/35/1 261/242/1
f 248/46/1 260/35/1 247/243/1
f 248/46/1 259/244/1 260/35/1
f 249/245/1 259/244/1 248/46/1
f 249/245/1 258/36/1 259/244/1
f 250/44/1 258/36/1 249/245/1
f 250/44/1 257/246/1 258/36/1
f 251/247/1 257/246/1 250/44/1
f 252/41/1 257/246/1 251/247/1
f 252/41/1 256/37/1 257/246/1
f 253/248/1 256/37/1 252/41/1
f 253/248/1 255/249/1 256/37/1
f 253/248/1 254/38/1 255/249/1
f 343/250/1 341/65/1 342/251/1
f 344/252/1 341/65/1 343/250/1
f 379/253/1 377/254/1 378/255/1
f 345/256/1 341/65/1 344/252/1
f 379/253/1 376/257/1 377/254/1
f 379/253/1 375/258/1 376/257/1
f 346/259/1 341/65/1 345/256/1
f 379/253/1 374/260/1 375/258/1
f 347/261/1 341/65/1 346/259/1
f 379/253/1 373/262/1 374/260/1
f 379/253/1 372/263/1 373/262/1
f 348/264/1 341/65/1 347/261/1
f 379/253/1 371/265/1 372/263/1
f 349/266/1 341/65/1 348/264/1
f 379/253/1 370/267/1 371/265/1
f 350/268/1 341/65/1 349/266/1
f 379/253/1 369/269/1 370/267/1
f 351/270/1 341/65/1 350/268/1
f 379/253/1 368/271/1 369/269/1
f 352/272/1 341/65/1 351/270/1
f 379/253/1 367/273/1 368/271/1
f 353/274/1 341/65/1 352/272/1
f 379/253/1 366/275/1 367/273/1
f 354/276/1 341/65/1 353/274/1
f 379/253/1 365/277/1 366/275/1
f 379/253/1 364/278/1 365/277/1
f 379/253/1 363/279/1 364/278/1
f 379/253/1 362/280/1 363/279/1
f 379/253/1 361/281/1 362/280/1
f 379/253/1 360/282/1 361/281/1
f 379/253/1 359/283/1 360/282/1
f 379/253/1 358/284/1 359/283/1
f 379/253/1 357/285/1 358/284/1
f 379/253/1 356/286/1 357/285/1
f 379/253/1 355/287/1 356/286/1
f 379/253/1 354/276/1 355/287/1
f 379/253/1 341/65/1 354/276/1
f 379/253/1 380/288/1 341/65/1
f 380/288/1 488/64/1 341/65/1
f 380/288/1 487/289/1 488/64/1
f 380/288/1 381/290/1 487/289/1
f 381/290/1 486/291/1 487/289/1
f 381/290/1 382/292/1 486/291/1
f 382/292/1 485/293/1 486/291/1
f 382/292/1 383/294/1 485/293/1
f 383/294/1 384/295/1 485/293/1
f 384/295/1 484/296/1 485/293/1
f 384/295/1 385/297/1 484/296/1
f 385/297/1 483/298/1 484/296/1
f 385/297/1 386/299/1 483/298/1
f 386/299/1 387/300/1 483/298/1
f 387/300/1 482/301/1 483/298/1
f 387/300/1 388/302/1 482/301/1
f 388/302/1 481/303/1 482/301/1
f 388/302/1 389/304/1 481/303/1
f 389/304/1 480/305/1 481/303/1
f 389/304/1 479/306/1 480/305/1
f 389/304/1 390/307/1 479/306/1
f 390/307/1 478/308/1 479/306/1
f 390/307/1 477/309/1 478/308/1
f 390/307/1 391/310/1 477/309/1
f 391/310/1 393/311/1 477/309/1
f 393/311/1 394/312/1 477/309/1
f 394/312/1 395/313/1 477/309/1
f 395/313/1 396/314/1 477/309/1
f 396/314/1 397/315/1 477/309/1
f 397/315/1 398/316/1 477/309/1
f 398/316/1 400/317/1 477/309/1
f 400/317/1 401/318/1 477/309/1
f 401/318/1 402/319/1 477/309/1
f 402/319/1 403/320/1 477/309/1
f 403/320/1 476/321/1 477/309/1
f 392/322/2 393/311/2 391/310/2
f 399/323/1 400/317/1 398/316/1
f 404/324/1 476/321/1 403/320/1
f 404/324/1 475/325/1 476/321/1
f 405/326/1 475/325/1 404/324/1
f 405/326/1 474/327/1 475/325/1
f 406/328/1 474/327/1 405/326/1
f 406/328/1 473/329/1 474/327/1
f 407/330/1 473/329/1 406/328/1
f 407/330/1 472/331/1 473/329/1
f 408/332/1 472/331/1 407/330/1
f 408/332/1 471/333/1 472/331/1
f 409/334/1 471/333/1 408/332/1
f 409/334/1 470/335/1 471/333/1
f 410/336/1 470/335/1 409/334/1
f 410/336/1 469/337/1 470/335/1
f 411/338/1 469/337/1 410/336/1
f 412/339/1 469/337/1 411/338/1
f 412/339/1 468/340/1 469/337/1
f 413/341/1 468/340/1 412/339/1
f 413/341/1 467/342/1 468/340/1
f 414/343/1 467/342/1 413/341/1
f 414/343/1 466/344/1 467/342/1
f 415/345/1 466/344/1 414/343/1
f 415/345/1 465/346/1 466/344/1
f 416/347/1 465/346/1 415/345/1
f 416/347/1 464/348/1 465/346/1
f 417/349/1 464/348/1 416/347/1
f 417/349/1 463/350/1 464/348/1
f 418/351/1 463/350/1 417/349/1
f 418/351/1 440/352/1 463/350/1
f 440/352/1 462/353/1 463/350/1
f 418/351/1 439/354/1 440/352/1
f 441/355/1 462/353/1 440/352/1
f 441/355/1 461/356/1 462/353/1
f 419/357/1 439/354/1 418/351/1
f 442/358/1 461/356/1 441/355/1
f 419/357/1 438/359/1 439/354/1
f 442/358/1 460/360/1 461/356/1
f 420/361/1 438/359/1 419/357/1
f 443/362/1 460/360/1 442/358/1
f 420/361/1 437/363/1 438/359/1
f 443/362/1 459/364/1 460/360/1
f 421/365/1 437/363/1 420/361/1
f 444/366/1 459/364/1 443/362/1
f 421/365/1 436/367/1 437/363/1
f 444/366/1 458/368/1 459/364/1
f 422/369/1 436/367/1 421/365/1
f 445/370/1 458/368/1 444/366/1
f 422/369/1 435/371/1 436/367/1
f 445/370/1 457/372/1 458/368/1
f 423/373/1 435/371/1 422/369/1
f 446/374/1 457/372/1 445/370/1
f 423/373/1 434/375/1 435/371/1
f 446/374/1 456/376/1 457/372/1
f 424/377/1 434/375/1 423/373/1
f 447/378/1 456/376/1 446/374/1
f 424/377/1 433/379/1 434/375/1
f 425/380/1 433/379/1 424/377/1
f 447/378/1 455/381/1 456/376/1
f 448/382/1 455/381/1 447/378/1
f 425/380/1 432/383/1 433/379/1
f 426/384/1 432/383/1 425/380/1
f 448/382/1 454/385/1 455/381/1
f 449/386/1 454/385/1 448/382/1
f 427/387/1 432/383/1 426/384/1
f 427/387/1 431/388/1 432/383/1
f 449/386/1 453/389/1 454/385/1
f 428/390/1 431/388/1 427/387/1
f 450/391/1 453/389/1 449/386/1
f 428/390/1 430/392/1 431/388/1
f 450/391/1 451/393/1 453/389/1
f 451/393/1 452/394/1 453/389/1
f 428/390/1 429/395/1 430/392/1
f 602/396/1 600/397/1 601/398/1
f 603/399/1 600/397/1 602/396/1
f 604/400/1 600/397/1 603/399/1
f 605/401/1 600/397/1 604/400/1
f 605/401/1 599/402/1 600/397/1
f 606/403/1 599/402/1 605/401/1
f 606/403/1 598/404/1 599/402/1
f 606/403/1 597/405/1 598/404/1
f 607/406/1 597/405/1 606/403/1
f 607/406/1 596/407/1 597/405/1
f 608/26/1 596/407/1 607/406/1
f 608/26/1 595/408/1 596/407/1
f 609/409/1 595/408/1 608/26/1
f 609/409/1 594/410/1 595/408/1
f 610/411/1 594/410/1 609/409/1
f 610/411/1 593/412/1 594/410/1
f 611/413/1 593/412/1 610/411/1
f 611/413/1 592/414/1 593/412/1
f 612/415/1 592/414/1 611/413/1
f 612/415/1 591/1/1 592/414/1
f 612/415/1 590/416/1 591/1/1
f 613/417/1 590/416/1 612/415/1
f 613/417/1 589/418/1 590/416/1
f 614/419/1 589/418/1 613/417/1
f 614/419/1 588/420/1 589/418/1
f 614/419/1 587/421/1 588/420/1
f 615/422/1 587/421/1 614/419/1
f 615/422/1 586/423/1 587/421/1
f 616/424/1 586/423/1 615/422/1
f 616/424/1 585/425/1 586/423/1
f 617/426/1 585/425/1 616/424/1
f 617/426/1 584/427/1 585/425/1
f 618/428/1 584/427/1 617/426/1
f 618/428/1 583/429/1 584/427/1
f 619/430/1 583/429/1 618/428/1
f 619/430/1 582/431/1 583/429/1
f 552/432/1 550/433/1 551/434/1
f 620/435/1 582/431/1 619/430/1
f 620/435/1 581/436/1 582/431/1
f 552/432/1 549/437/1 550/433/1
f 553/438/1 549/437/1 552/432/1
f 554/439/1 549/437/1 553/438/1
f 554/439/1 548/440/1 549/437/1
f 621/441/1 581/436/1 620/435/1
f 555/442/1 548/440/1 554/439/1
f 621/441/1 580/443/1 581/436/1
f 556/444/1 548/440/1 555/442/1
f 557/41/1 548/440/1 556/444/1
f 557/41/1 547/445/1 548/440/1
f 558/446/1 547/445/1 557/41/1
f 622/447/1 580/443/1 621/441/1
f 622/447/1 579/448/1 580/443/1
f 559/449/1 547/445/1 558/446/1
f 559/449/1 546/450/1 547/445/1
f 560/451/1 546/450/1 559/449/1
f 561/452/1 546/450/1 560/451/1
f 622/447/1 578/453/1 579/448/1
f 561/452/1 545/454/1 546/450/1
f 623/455/1 578/453/1 622/447/1
f 562/456/1 545/454/1 561/452/1
f 563/457/1 545/454/1 562/456/1
f 563/457/1 544/458/1 545/454/1
f 623/455/1 577/459/1 578/453/1
f 624/460/1 577/459/1 623/455/1
f 564/461/1 544/458/1 563/457/1
f 565/462/1 544/458/1 564/461/1
f 565/462/1 543/463/1 544/458/1
f 566/464/1 543/463/1 565/462/1
f 567/465/1 543/463/1 566/464/1
f 568/466/1 543/463/1 567/465/1
f 624/460/1 576/467/1 577/459/1
f 569/468/1 543/463/1 568/466/1
f 625/64/1 576/467/1 624/460/1
f 570/469/1 543/463/1 569/468/1
f 571/470/1 543/463/1 570/469/1
f 572/471/1 543/463/1 571/470/1
f 573/472/1 543/463/1 572/471/1
f 574/19/1 543/463/1 573/472/1
f 574/19/1 542/473/1 543/463/1
f 575/474/1 542/473/1 574/19/1
f 576/467/1 542/473/1 575/474/1
f 625/64/1 542/473/1 576/467/1
f 489/65/1 542/473/1 625/64/1
f 490/475/1 542/473/1 489/65/1
f 491/476/1 542/473/1 490/475/1
f 492/477/1 542/473/1 491/476/1
f 493/478/1 542/473/1 492/477/1
f 494/479/1 542/473/1 493/478/1
f 502/480/1 500/481/1 501/482/1
f 495/483/1 542/473/1 494/479/1
f 502/480/1 499/484/1 500/481/1
f 496/485/1 542/473/1 495/483/1
f 502/480/1 498/486/1 499/484/1
f 497/487/1 542/473/1 496/485/1
f 502/480/1 497/487/1 498/486/1
f 502/480/1 507/488/1 497/487/1
f 507/488/1 508/489/1 497/487/1
f 508/489/1 509/490/1 497/487/1
f 509/490/1 510/491/1 497/487/1
f 510/491/1 511/492/1 497/487/1
f 511/492/1 512/493/1 497/487/1
f 512/493/1 526/494/1 497/487/1
f 526/494/1 542/473/1 497/487/1
f 512/493/1 525/495/1 526/494/1
f 527/496/1 542/473/1 526/494/1
f 527/496/1 541/497/1 542/473/1
f 512/493/1 524/498/1 525/495/1
f 512/493/1 523/70/1 524/498/1
f 528/499/1 541/497/1 527/496/1
f 512/493/1 522/500/1 523/70/1
f 512/493/1 521/501/1 522/500/1
f 529/502/1 541/497/1 528/499/1
f 512/493/1 513/503/1 521/501/1
f 513/503/1 520/504/1 521/501/1
f 529/502/1 540/55/1 541/497/1
f 530/505/1 540/55/1 529/502/1
f 513/503/1 519/506/1 520/504/1
f 513/503/1 518/507/1 519/506/1
f 531/508/1 540/55/1 530/505/1
f 513/503/1 517/509/1 518/507/1
f 513/503/1 516/510/1 517/509/1
f 532/511/1 540/55/1 531/508/1
f 513/503/1 515/512/1 516/510/1
f 532/511/1 539/513/1 540/55/1
f 513/503/1 514/514/1 515/512/1
f 533/515/1 539/513/1 532/511/1
f 502/480/1 506/87/1 507/488/1
f 502/480/1 505/516/1 506/87/1
f 502/480/1 504/517/1 505/516/1
f 502/480/1 503/518/1 504/517/1
f 534/519/1 539/513/1 533/515/1
f 535/520/1 539/513/1 534/519/1
f 535/520/1 536/521/1 539/513/1
f 536/521/1 537/522/1 539/513/1
f 537/522/1 538/523/1 539/513/1
f 627/90/1 699/64/1 626/65/1
f 665/91/1 663/92/1 664/93/1
f 627/90/1 698/94/1 699/64/1
f 666/95/1 663/92/1 665/91/1
f 627/90/1 697/96/1 698/94/1
f 667/97/1 663/92/1 666/95/1
f 627/90/1 696/98/1 697/96/1
f 668/99/1 663/92/1 667/97/1
f 627/90/1 695/100/1 696/98/1
f 669/101/1 663/92/1 668/99/1
f 627/90/1 694/102/1 695/100/1
f 670/103/1 663/92/1 669/101/1
f 627/90/1 693/104/1 694/102/1
f 671/105/1 663/92/1 670/103/1
f 627/90/1 692/106/1 693/104/1
f 672/107/1 663/92/1 671/105/1
f 627/90/1 691/108/1 692/106/1
f 673/109/1 663/92/1 672/107/1
f 627/90/1 690/110/1 691/108/1
f 674/111/1 663/92/1 673/109/1
f 627/90/1 689/112/1 690/110/1
f 675/113/1 663/92/1 674/111/1
f 627/90/1 688/114/1 689/112/1
f 676/115/1 663/92/1 675/113/1
f 627/90/1 687/116/1 688/114/1
f 627/90/1 686/117/1 687/116/1
f 627/90/1 685/118/1 686/117/1
f 627/90/1 684/119/1 685/118/1
f 627/90/1 683/120/1 684/119/1
f 627/90/1 682/121/1 683/120/1
f 627/90/1 681/122/1 682/121/1
f 627/90/1 680/123/1 681/122/1
f 627/90/1 679/124/1 680/123/1
f 627/90/1 678/125/1 679/124/1
f 627/90/1 677/126/1 678/125/1
f 627/90/1 676/115/1 677/126/1
f 627/90/1 628/127/1 676/115/1
f 628/127/1 629/128/1 676/115/1
f 629/128/1 630/129/1 676/115/1
f 630/129/1 631/130/1 676/115/1
f 631/130/1 632/131/1 676/115/1
f 632/131/1 633/132/1 676/115/1
f 633/132/1 634/133/1 676/115/1
f 634/133/1 635/134/1 676/115/1
f 635/134/1 636/135/1 676/115/1
f 636/135/1 637/136/1 676/115/1
f 637/136/1 638/137/1 676/115/1
f 638/137/1 639/138/1 676/115/1
f 639/138/1 640/139/1 676/115/1
f 640/139/1 641/140/1 676/115/1
f 641/140/1 642/141/1 676/115/1
f 642/141/1 643/153/1 676/115/1
f 643/153/1 644/142/1 676/115/1
f 644/142/1 647/143/1 676/115/1
f 647/143/1 648/156/1 676/115/1
f 648/156/1 650/144/1 676/115/1
f 650/144/1 651/145/1 676/115/1
f 651/145/1 652/146/1 676/115/1
f 652/146/1 653/147/1 676/115/1
f 653/147/1 654/148/1 676/115/1
f 654/148/1 655/149/1 676/115/1
f 655/149/1 656/150/1 676/115/1
f 656/150/1 657/151/1 676/115/1
f 657/151/1 658/152/1 676/115/1
f 658/152/1 663/92/1 676/115/1
f 645/154/1 647/143/1 644/142/1
f 646/155/1 647/143/1 645/154/1
f 649/157/1 650/144/1 648/156/1
f 659/158/1 663/92/1 658/152/1
f 660/159/1 663/92/1 659/158/1
f 661/160/1 663/92/1 660/159/1
f 662/161/1 663/92/1 661/160/1
f 727/524/1 751/525/1 726/526/1
f 727/524/1 750/527/1 751/525/1
f 727/524/1 749/528/1 750/527/1
f 728/529/1 749/528/1 727/524/1
f 728/529/1 748/530/1 749/528/1
f 729/531/1 748/530/1 728/529/1
f 701/532/1 725/533/1 700/65/1
f 730/534/1 748/530/1 729/531/1
f 730/534/1 747/535/1 748/530/1
f 701/532/1 724/536/1 725/533/1
f 731/537/1 747/535/1 730/534/1
f 731/537/1 746/538/1 747/535/1
f 754/539/1 752/540/1 753/541/1
f 701/532/1 723/542/1 724/536/1
f 702/543/1 723/542/1 701/532/1
f 755/544/1 752/540/1 754/539/1
f 732/545/1 746/538/1 731/537/1
f 732/545/1 745/546/1 746/538/1
f 702/543/1 722/547/1 723/542/1
f 756/548/1 752/540/1 755/544/1
f 703/549/1 722/547/1 702/543/1
f 756/548/1 890/64/1 752/540/1
f 733/550/1 745/546/1 732/545/1
f 757/551/1 890/64/1 756/548/1
f 733/550/1 744/552/1 745/546/1
f 703/549/1 721/553/1 722/547/1
f 757/551/1 889/554/1 890/64/1
f 704/555/1 721/553/1 703/549/1
f 758/556/1 889/554/1 757/551/1
f 758/556/1 888/557/1 889/554/1
f 734/558/1 744/552/1 733/550/1
f 759/559/1 888/557/1 758/556/1
f 734/558/1 743/560/1 744/552/1
f 704/555/1 720/561/1 721/553/1
f 759/559/1 887/562/1 888/557/1
f 705/563/1 720/561/1 704/555/1
f 760/564/1 887/562/1 759/559/1
f 760/564/1 886/565/1 887/562/1
f 735/566/1 743/560/1 734/558/1
f 735/566/1 742/567/1 743/560/1
f 761/568/1 886/565/1 760/564/1
f 706/569/1 720/561/1 705/563/1
f 706/569/1 719/570/1 720/561/1
f 761/568/1 885/571/1 886/565/1
f 762/572/1 885/571/1 761/568/1
f 762/572/1 884/573/1 885/571/1
f 736/574/1 742/567/1 735/566/1
f 736/574/1 741/575/1 742/567/1
f 763/576/1 884/573/1 762/572/1
f 707/577/1 719/570/1 706/569/1
f 763/576/1 883/578/1 884/573/1
f 707/577/1 718/579/1 719/570/1
f 764/580/1 883/578/1 763/576/1
f 764/580/1 882/581/1 883/578/1
f 737/582/1 741/575/1 736/574/1
f 737/582/1 740/583/1 741/575/1
f 764/580/1 881/584/1 882/581/1
f 708/585/1 718/579/1 707/577/1
f 765/586/1 881/584/1 764/580/1
f 708/585/1 717/587/1 718/579/1
f 737/582/1 738/588/1 740/583/1
f 738/588/1 739/589/1 740/583/1
f 765/586/1 880/590/1 881/584/1
f 766/591/1 880/590/1 765/586/1
f 766/591/1 879/592/1 880/590/1
f 709/593/1 717/587/1 708/585/1
f 709/593/1 716/594/1 717/587/1
f 766/591/1 878/595/1 879/592/1
f 767/596/1 878/595/1 766/591/1
f 767/596/1 877/597/1 878/595/1
f 709/593/1 715/598/1 716/594/1
f 710/599/1 715/598/1 709/593/1
f 768/600/1 877/597/1 767/596/1
f 768/600/1 876/601/1 877/597/1
f 710/599/1 714/602/1 715/598/1
f 711/603/1 714/602/1 710/599/1
f 769/604/1 876/601/1 768/600/1
f 769/604/1 875/605/1 876/601/1
f 711/603/1 712/606/1 714/602/1
f 712/606/1 713/607/1 714/602/1
f 769/604/1 874/608/1 875/605/1
f 770/609/1 874/608/1 769/604/1
f 770/609/1 873/610/1 874/608/1
f 771/611/1 873/610/1 770/609/1
f 771/611/1 872/612/1 873/610/1
f 771/611/1 871/613/1 872/612/1
f 772/614/1 871/613/1 771/611/1
f 772/614/1 870/615/1 871/613/1
f 773/616/1 870/615/1 772/614/1
f 773/616/1 869/617/1 870/615/1
f 774/618/1 869/617/1 773/616/1
f 774/618/1 868/619/1 869/617/1
f 774/618/1 867/620/1 868/619/1
f 775/621/1 867/620/1 774/618/1
f 855/622/1 853/623/1 854/624/1
f 856/625/1 853/623/1 855/622/1
f 857/626/1 853/623/1 856/625/1
f 858/627/1 853/623/1 857/626/1
f 859/628/1 853/623/1 858/627/1
f 860/629/1 853/623/1 859/628/1
f 861/630/1 853/623/1 860/629/1
f 862/631/1 853/623/1 861/630/1
f 863/632/1 853/623/1 862/631/1
f 864/633/1 853/623/1 863/632/1
f 865/634/1 853/623/1 864/633/1
f 866/635/1 853/623/1 865/634/1
f 775/621/1 866/635/1 867/620/1
f 775/621/1 853/623/1 866/635/1
f 776/636/1 853/623/1 775/621/1
f 777/637/1 853/623/1 776/636/1
f 778/638/1 851/639/1 777/637/1
f 851/639/1 852/640/1 777/637/1
f 852/640/1 853/623/1 777/637/1
f 779/641/1 846/642/1 778/638/1
f 846/642/1 847/643/1 778/638/1
f 847/643/1 848/644/1 778/638/1
f 848/644/1 849/645/1 778/638/1
f 849/645/1 850/646/1 778/638/1
f 850/646/1 851/639/1 778/638/1
f 780/647/1 802/648/1 779/641/1
f 802/648/1 803/649/1 779/641/1
f 803/649/1 840/650/1 779/641/1
f 840/650/1 841/651/1 779/641/1
f 841/651/1 842/652/1 779/641/1
f 842/652/1 843/653/1 779/641/1
f 843/653/1 844/654/1 779/641/1
f 844/654/1 845/655/1 779/641/1
f 845/655/1 846/642/1 779/641/1
f 780/647/1 801/656/1 802/648/1
f 804/657/1 840/650/1 803/649/1
f 804/657/1 839/658/1 840/650/1
f 781/659/1 801/656/1 780/647/1
f 781/659/1 800/660/1 801/656/1
f 782/661/1 800/660/1 781/659/1
f 782/661/1 799/662/1 800/660/1
f 783/663/1 799/662/1 782/661/1
f 783/663/1 798/664/1 799/662/1
f 805/665/1 839/658/1 804/657/1
f 784/666/1 798/664/1 783/663/1
f 805/665/1 838/667/1 839/658/1
f 784/666/1 797/668/1 798/664/1
f 785/669/1 797/668/1 784/666/1
f 785/669/1 796/670/1 797/668/1
f 786/671/1 796/670/1 785/669/1
f 806/672/1 838/667/1 805/665/1
f 786/671/1 795/41/1 796/670/1
f 787/673/1 795/41/1 786/671/1
f 806/672/1 837/674/1 838/667/1
f 787/673/1 794/675/1 795/41/1
f 788/676/1 794/675/1 787/673/1
f 789/677/1 794/675/1 788/676/1
f 789/677/1 793/678/1 794/675/1
f 790/679/1 793/678/1 789/677/1
f 807/680/1 837/674/1 806/672/1
f 790/679/1 792/681/1 793/678/1
f 790/679/1 791/682/1 792/681/1
f 807/680/1 836/683/1 837/674/1
f 808/684/1 836/683/1 807/680/1
f 808/684/1 835/685/1 836/683/1
f 809/686/1 835/685/1 808/684/1
f 810/687/1 835/685/1 809/686/1
f 810/687/1 834/688/1 835/685/1
f 811/689/1 834/688/1 810/687/1
f 811/689/1 833/690/1 834/688/1
f 812/691/1 833/690/1 811/689/1
f 812/691/1 832/692/1 833/690/1
f 813/693/1 832/692/1 812/691/1
f 814/694/1 832/692/1 813/693/1
f 814/694/1 831/695/1 832/692/1
f 815/696/1 831/695/1 814/694/1
f 816/697/1 831/695/1 815/696/1
f 817/698/1 831/695/1 816/697/1
f 818/699/1 831/695/1 817/698/1
f 818/699/1 830/700/1 831/695/1
f 819/701/1 830/700/1 818/699/1
f 820/702/1 830/700/1 819/701/1
f 821/703/1 830/700/1 820/702/1
f 822/704/1 830/700/1 821/703/1
f 823/705/1 830/700/1 822/704/1
f 824/706/1 830/700/1 823/705/1
f 825/707/1 830/700/1 824/706/1
f 826/708/1 830/700/1 825/707/1
f 827/709/1 830/700/1 826/708/1
f 827/709/1 829/710/1 830/700/1
f 828/711/1 829/710/1 827/709/1
f 893/82/1 901/30/1 892/81/1
f 901/30/1 891/65/1 892/81/1
f 901/30/1 902/64/1 891/65/1
f 893/82/1 900/16/1 901/30/1
f 893/82/1 897/35/1 900/16/1
f 897/35/1 899/2/1 900/16/1
f 897/35/1 898/17/1 899/2/1
f 893/82/1 896/51/1 897/35/1
f 893/82/1 895/53/1 896/51/1
f 893/82/1 894/67/1 895/53/1
f 916/712/1 914/713/1 915/714/1
f 916/712/1 913/715/1 914/713/1
f 916/712/1 912/716/1 913/715/1
f 917/717/1 912/716/1 916/712/1
f 917/717/1 911/718/1 912/716/1
f 917/717/1 910/719/1 911/718/1
f 917/717/1 909/720/1 910/719/1
f 918/721/1 909/720/1 917/717/1
f 918/721/1 908/722/1 909/720/1
f 918/721/1 907/723/1 908/722/1
f 918/721/1 906/724/1 907/723/1
f 919/725/1 906/724/1 918/721/1
f 919/725/1 905/726/1 906/724/1
f 919/725/1 904/727/1 905/726/1
f 919/725/1 903/65/1 904/727/1
f 920/728/1 903/65/1 919/725/1
f 920/728/1 990/729/1 903/65/1
f 990/729/1 991/730/1 903/65/1
f 991/730/1 992/731/1 903/65/1
f 992/731/1 993/732/1 903/65/1
f 993/732/1 994/733/1 903/65/1
f 994/733/1 995/734/1 903/65/1
f 995/734/1 996/735/1 903/65/1
f 996/735/1 997/736/1 903/65/1
f 997/736/1 998/737/1 903/65/1
f 998/737/1 999/738/1 903/65/1
f 999/738/1 1000/64/1 903/65/1
f 921/739/1 988/740/1 920/728/1
f 988/740/1 989/741/1 920/728/1
f 989/741/1 990/729/1 920/728/1
f 921/739/1 987/742/1 988/740/1
f 921/739/1 986/743/1 987/742/1
f 921/739/1 985/744/1 986/743/1
f 922/745/1 985/744/1 921/739/1
f 922/745/1 984/746/1 985/744/1
f 922/745/1 983/747/1 984/746/1
f 923/748/1 983/747/1 922/745/1
f 923/748/1 982/749/1 983/747/1
f 923/748/1 981/750/1 982/749/1
f 924/751/1 981/750/1 923/748/1
f 924/751/1 980/752/1 981/750/1
f 925/753/1 980/752/1 924/751/1
f 925/753/1 979/754/1 980/752/1
f 925/753/1 978/755/1 979/754/1
f 926/756/1 978/755/1 925/753/1
f 926/756/1 977/757/1 978/755/1
f 927/758/1 977/757/1 926/756/1
f 927/758/1 976/759/1 977/757/1
f 927/758/1 975/760/1 976/759/1
f 928/761/1 975/760/1 927/758/1
f 928/761/1 974/762/1 975/760/1
f 929/763/1 974/762/1 928/761/1
f 929/763/1 973/764/1 974/762/1
f 930/765/1 973/764/1 929/763/1
f 930/765/1 972/766/1 973/764/1
f 931/767/1 972/766/1 930/765/1
f 931/767/1 971/768/1 972/766/1
f 932/769/1 971/768/1 931/767/1
f 932/769/1 970/770/1 971/768/1
f 953/771/1 951/772/1 952/773/1
f 932/769/1 969/774/1 970/770/1
f 954/775/1 951/772/1 953/771/1
f 933/776/1 969/774/1 932/769/1
f 955/777/1 951/772/1 954/775/1
f 933/776/1 968/778/1 969/774/1
f 956/779/1 951/772/1 955/777/1
f 957/780/1 951/772/1 956/779/1
f 933/776/1 967/781/1 968/778/1
f 958/782/1 951/772/1 957/780/1
f 934/783/1 967/781/1 933/776/1
f 959/784/1 951/772/1 958/782/1
f 934/783/1 966/785/1 967/781/1
f 960/786/1 951/772/1 959/784/1
f 961/787/1 951/772/1 960/786/1
f 934/783/1 965/788/1 966/785/1
f 962/789/1 951/772/1 961/787/1
f 963/790/1 951/772/1 962/789/1
f 934/783/1 964/791/1 965/788/1
f 964/791/1 951/772/1 963/790/1
f 934/783/1 951/772/1 964/791/1
f 935/792/1 951/772/1 934/783/1
f 935/792/1 950/793/1 951/772/1
f 936/794/1 950/793/1 935/792/1
f 936/794/1 949/795/1 950/793/1
f 936/794/1 948/796/1 949/795/1
f 936/794/1 947/797/1 948/796/1
f 937/798/1 947/797/1 936/794/1
f 937/798/1 946/799/1 947/797/1
f 937/798/1 945/800/1 946/799/1
f 937/798/1 944/801/1 945/800/1
f 938/802/1 944/801/1 937/798/1
f 938/802/1 943/803/1 944/801/1
f 938/802/1 942/804/1 943/803/1
f 938/802/1 941/805/1 942/804/1
f 939/806/1 941/805/1 938/802/1
f 939/806/1 940/807/1 941/805/1
f 1003/588/1 1001/65/1 1002/570/1
f 1003/588/1 1009/640/1 1001/65/1
f 1009/640/1 1008/690/1 1001/65/1
f 1003/588/1 1011/64/1 1009/640/1
f 1010/613/1 1008/690/1 1009/640/1
f 1003/588/1 1005/636/1 1011/64/1
f 1005/636/1 1010/613/1 1011/64/1
f 1005/636/1 1006/41/1 1010/613/1
f 1006/41/1 1008/690/1 1010/613/1
f 1003/588/1 1004/551/1 1005/636/1
f 1007/694/1 1008/690/1 1006/41/1
f 1013/808/1 1041/809/1 1012/65/1
f 1041/809/1 1040/810/1 1012/65/1
f 1041/809/1 1039/811/1 1040/810/1
f 1041/809/1 1038/812/1 1039/811/1
f 1041/809/1 1037/51/1 1038/812/1
f 1041/809/1 1036/813/1 1037/51/1
f 1041/809/1 1035/814/1 1036/813/1
f 1041/809/1 1034/636/1 1035/814/1
f 1041/809/1 1033/815/1 1034/636/1
f 1041/809/1 1042/35/1 1033/815/1
f 1042/35/1 1032/53/1 1033/815/1
f 1013/808/1 1067/64/1 1041/809/1
f 1043/816/1 1032/53/1 1042/35/1
f 1044/817/1 1032/53/1 1043/816/1
f 1045/694/1 1032/53/1 1044/817/1
f 1045/694/1 1031/818/1 1032/53/1
f 1046/819/1 1031/818/1 1045/694/1
f 1047/17/1 1031/818/1 1046/819/1
f 1048/820/1 1031/818/1 1047/17/1
f 1048/820/1 1030/821/1 1031/818/1
f 1049/822/1 1030/821/1 1048/820/1
f 1050/823/1 1030/821/1 1049/822/1
f 1051/824/1 1030/821/1 1050/823/1
f 1051/824/1 1029/825/1 1030/821/1
f 1052/2/1 1029/825/1 1051/824/1
f 1053/826/1 1029/825/1 1052/2/1
f 1053/826/1 1028/827/1 1029/825/1
f 1054/828/1 1028/827/1 1053/826/1
f 1055/829/1 1028/827/1 1054/828/1
f 1055/829/1 1027/67/1 1028/827/1
f 1056/640/1 1027/67/1 1055/829/1
f 1056/640/1 1026/830/1 1027/67/1
f 1057/16/1 1026/830/1 1056/640/1
f 1058/831/1 1026/830/1 1057/16/1
f 1058/831/1 1025/832/1 1026/830/1
f 1059/833/1 1025/832/1 1058/831/1
f 1060/834/1 1025/832/1 1059/833/1
f 1060/834/1 1024/835/1 1025/832/1
f 1061/836/1 1024/835/1 1060/834/1
f 1062/30/1 1024/835/1 1061/836/1
f 1063/837/1 1024/835/1 1062/30/1
f 1064/838/1 1024/835/1 1063/837/1
f 1064/838/1 1023/588/1 1024/835/1
f 1065/839/1 1023/588/1 1064/838/1
f 1066/840/1 1023/588/1 1065/839/1
f 1013/808/1 1015/841/1 1067/64/1
f 1015/841/1 1066/840/1 1067/64/1
f 1015/841/1 1023/588/1 1066/840/1
f 1015/841/1 1022/82/1 1023/588/1
f 1015/841/1 1021/842/1 1022/82/1
f 1015/841/1 1020/843/1 1021/842/1
f 1015/841/1 1019/844/1 1020/843/1
f 1015/841/1 1018/845/1 1019/844/1
f 1015/841/1 1017/81/1 1018/845/1
f 1015/841/1 1016/846/1 1017/81/1
f 1013/808/1 1014/847/1 1015/841/1
f 1081/848/1 1079/81/1 1080/849/1
f 1081/848/1 1078/850/1 1079/81/1
f 1081/848/1 1077/851/1 1078/850/1
f 1082/852/1 1077/851/1 1081/848/1
f 1082/852/1 1076/853/1 1077/851/1
f 1082/852/1 1075/854/1 1076/853/1
f 1083/855/1 1075/854/1 1082/852/1
f 1083/855/1 1074/856/1 1075/854/1
f 1083/855/1 1073/857/1 1074/856/1
f 1084/858/1 1073/857/1 1083/855/1
f 1084/858/1 1072/859/1 1073/857/1
f 1084/858/1 1071/860/1 1072/859/1
f 1085/861/1 1071/860/1 1084/858/1
f 1085/861/1 1070/862/1 1071/860/1
f 1085/861/1 1069/863/1 1070/862/1
f 1086/864/1 1069/863/1 1085/861/1
f 1086/864/1 1068/65/1 1069/863/1
f 1086/864/1 1181/865/1 1068/65/1
f 1181/865/1 1182/866/1 1068/65/1
f 1182/866/1 1183/867/1 1068/65/1
f 1183/867/1 1184/868/1 1068/65/1
f 1184/868/1 1185/869/1 1068/65/1
f 1185/869/1 1186/870/1 1068/65/1
f 1186/870/1 1187/871/1 1068/65/1
f 1187/871/1 1188/872/1 1068/65/1
f 1188/872/1 1189/64/1 1068/65/1
f 1087/873/1 1179/874/1 1086/864/1
f 1179/874/1 1180/875/1 1086/864/1
f 1180/875/1 1181/865/1 1086/864/1
f 1088/876/1 1177/877/1 1087/873/1
f 1177/877/1 1178/30/1 1087/873/1
f 1178/30/1 1179/874/1 1087/873/1
f 1089/878/1 1176/879/1 1088/876/1
f 1176/879/1 1177/877/1 1088/876/1
f 1089/878/1 1175/880/1 1176/879/1
f 1089/878/1 1174/881/1 1175/880/1
f 1089/878/1 1173/882/1 1174/881/1
f 1089/878/1 1172/883/1 1173/882/1
f 1089/878/1 1171/884/1 1172/883/1
f 1090/82/1 1171/884/1 1089/878/1
f 1090/82/1 1170/885/1 1171/884/1
f 1090/82/1 1169/886/1 1170/885/1
f 1090/82/1 1168/887/1 1169/886/1
f 1091/888/1 1168/887/1 1090/82/1
f 1091/888/1 1167/16/1 1168/887/1
f 1091/888/1 1166/889/1 1167/16/1
f 1092/890/1 1166/889/1 1091/888/1
f 1092/890/1 1165/891/1 1166/889/1
f 1092/890/1 1164/892/1 1165/891/1
f 1093/893/1 1164/892/1 1092/890/1
f 1093/893/1 1163/894/1 1164/892/1
f 1093/893/1 1162/895/1 1163/894/1
f 1094/896/1 1162/895/1 1093/893/1
f 1094/896/1 1161/897/1 1162/895/1
f 1095/898/1 1161/897/1 1094/896/1
f 1095/898/1 1160/899/1 1161/897/1
f 1095/898/1 1159/900/1 1160/899/1
f 1096/901/1 1159/900/1 1095/898/1
f 1096/901/1 1158/902/1 1159/900/1
f 1097/903/1 1158/902/1 1096/901/1
f 1097/903/1 1157/904/1 1158/902/1
f 1098/905/1 1157/904/1 1097/903/1
f 1098/905/1 1156/2/1 1157/904/1
f 1099/906/1 1156/2/1 1098/905/1
f 1099/906/1 1155/907/1 1156/2/1
f 1100/908/1 1155/907/1 1099/906/1
f 1101/67/1 1155/907/1 1100/908/1
f 1101/67/1 1154/909/1 1155/907/1
f 1102/910/1 1154/909/1 1101/67/1
f 1103/911/1 1154/909/1 1102/910/1
f 1103/911/1 1153/912/1 1154/909/1
f 1104/913/1 1153/912/1 1103/911/1
f 1129/914/1 1127/915/1 1128/916/1
f 1104/913/1 1152/917/1 1153/912/1
f 1105/918/1 1152/917/1 1104/913/1
f 1129/914/1 1126/919/1 1127/915/1
f 1106/920/1 1152/917/1 1105/918/1
f 1106/920/1 1151/921/1 1152/917/1
f 1129/914/1 1125/922/1 1126/919/1
f 1107/923/1 1151/921/1 1106/920/1
f 1129/914/1 1124/924/1 1125/922/1
f 1108/925/1 1151/921/1 1107/923/1
f 1109/926/1 1151/921/1 1108/925/1
f 1109/926/1 1150/927/1 1151/921/1
f 1129/914/1 1123/51/1 1124/924/1
f 1110/928/1 1150/927/1 1109/926/1
f 1129/914/1 1122/929/1 1123/51/1
f 1111/930/1 1150/927/1 1110/928/1
f 1129/914/1 1121/931/1 1122/929/1
f 1111/930/1 1149/932/1 1150/927/1
f 1112/53/1 1149/932/1 1111/930/1
f 1129/914/1 1120/933/1 1121/931/1
f 1113/934/1 1149/932/1 1112/53/1
f 1129/914/1 1119/935/1 1120/933/1
f 1114/936/1 1149/932/1 1113/934/1
f 1129/914/1 1118/937/1 1119/935/1
f 1115/938/1 1149/932/1 1114/936/1
f 1129/914/1 1117/939/1 1118/937/1
f 1115/938/1 1148/940/1 1149/932/1
f 1116/941/1 1148/940/1 1115/938/1
f 1129/914/1 1116/941/1 1117/939/1
f 1129/914/1 1148/940/1 1116/941/1
f 1129/914/1 1147/942/1 1148/940/1
f 1130/943/1 1147/942/1 1129/914/1
f 1131/944/1 1147/942/1 1130/943/1
f 1131/944/1 1146/945/1 1147/942/1
f 1132/946/1 1146/945/1 1131/944/1
f 1132/946/1 1145/17/1 1146/945/1
f 1133/947/1 1145/17/1 1132/946/1
f 1134/35/1 1145/17/1 1133/947/1
f 1134/35/1 1144/948/1 1145/17/1
f 1135/949/1 1144/948/1 1134/35/1
f 1136/950/1 1144/948/1 1135/949/1
f 1136/950/1 1143/951/1 1144/948/1
f 1137/952/1 1143/951/1 1136/950/1
f 1138/953/1 1143/951/1 1137/952/1
f 1138/953/1 1142/954/1 1143/951/1
f 1139/955/1 1142/954/1 1138/953/1
f 1140/956/1 1142/954/1 1139/955/1
f 1140/956/1 1141/957/1 1142/954/1
f 1228/958/1 1226/959/1 1227/70/1
f 1228/958/1 1225/960/1 1226/959/1
f 1228/958/1 1224/961/1 1225/960/1
f 1192/962/1 1190/65/1 1191/963/1
f 1228/958/1 1223/964/1 1224/961/1
f 1193/965/1 1190/65/1 1192/962/1
f 1194/966/1 1190/65/1 1193/965/1
f 1228/958/1 1222/967/1 1223/964/1
f 1195/968/1 1190/65/1 1194/966/1
f 1228/958/1 1221/969/1 1222/967/1
f 1196/970/1 1190/65/1 1195/968/1
f 1228/958/1 1220/971/1 1221/969/1
f 1197/972/1 1190/65/1 1196/970/1
f 1198/973/1 1190/65/1 1197/972/1
f 1228/958/1 1219/974/1 1220/971/1
f 1199/975/1 1190/65/1 1198/973/1
f 1228/958/1 1218/976/1 1219/974/1
f 1200/977/1 1190/65/1 1199/975/1
f 1228/958/1 1217/978/1 1218/976/1
f 1201/979/1 1190/65/1 1200/977/1
f 1228/958/1 1216/980/1 1217/978/1
f 1202/981/1 1190/65/1 1201/979/1
f 1228/958/1 1215/982/1 1216/980/1
f 1203/983/1 1190/65/1 1202/981/1
f 1228/958/1 1214/984/1 1215/982/1
f 1228/958/1 1213/985/1 1214/984/1
f 1228/958/1 1212/986/1 1213/985/1
f 1228/958/1 1211/987/1 1212/986/1
f 1228/958/1 1210/988/1 1211/987/1
f 1228/958/1 1209/989/1 1210/988/1
f 1228/958/1 1208/990/1 1209/989/1
f 1228/958/1 1207/991/1 1208/990/1
f 1228/958/1 1206/992/1 1207/991/1
f 1228/958/1 1205/993/1 1206/992/1
f 1228/958/1 1204/994/1 1205/993/1
f 1228/958/1 1203/983/1 1204/994/1
f 1228/958/1 1229/995/1 1203/983/1
f 1229/995/1 1230/996/1 1203/983/1
f 1230/996/1 1231/997/1 1203/983/1
f 1231/997/1 1232/998/1 1203/983/1
f 1232/998/1 1233/999/1 1203/983/1
f 1233/999/1 1234/1000/1 1203/983/1
f 1234/1000/1 1190/65/1 1203/983/1
f 1234/1000/1 1235/1001/1 1190/65/1
f 1235/1001/1 1288/1002/1 1190/65/1
f 1235/1001/1 1287/1003/1 1288/1002/1
f 1235/1001/1 1236/1004/1 1287/1003/1
f 1236/1004/1 1286/1005/1 1287/1003/1
f 1236/1004/1 1285/1006/1 1286/1005/1
f 1236/1004/1 1237/1007/1 1285/1006/1
f 1237/1007/1 1284/1008/1 1285/1006/1
f 1237/1007/1 1283/1009/1 1284/1008/1
f 1237/1007/1 1238/1010/1 1283/1009/1
f 1238/1010/1 1282/1011/1 1283/1009/1
f 1238/1010/1 1281/1012/1 1282/1011/1
f 1238/1010/1 1239/1013/1 1281/1012/1
f 1239/1013/1 1280/1014/1 1281/1012/1
f 1239/1013/1 1279/1015/1 1280/1014/1
f 1239/1013/1 1240/1016/1 1279/1015/1
f 1240/1016/1 1278/1017/1 1279/1015/1
f 1240/1016/1 1241/1018/1 1278/1017/1
f 1241/1018/1 1242/1019/1 1278/1017/1
f 1242/1019/1 1243/1020/1 1278/1017/1
f 1243/1020/1 1244/1021/1 1278/1017/1
f 1244/1021/1 1245/1022/1 1278/1017/1
f 1245/1022/1 1246/1023/1 1278/1017/1
f 1246/1023/1 1247/1024/1 1278/1017/1
f 1247/1024/1 1248/1025/1 1278/1017/1
f 1248/1025/1 1249/1026/1 1278/1017/1
f 1249/1026/1 1251/1027/1 1278/1017/1
f 1251/1027/1 1252/1028/1 1278/1017/1
f 1252/1028/1 1277/1029/1 1278/1017/1
f 1250/1030/1 1251/1027/1 1249/1026/1
f 1253/1031/1 1277/1029/1 1252/1028/1
f 1253/1031/1 1276/1032/1 1277/1029/1
f 1254/1033/1 1276/1032/1 1253/1031/1
f 1254/1033/1 1275/1034/1 1276/1032/1
f 1255/1035/1 1275/1034/1 1254/1033/1
f 1255/1035/1 1274/1036/1 1275/1034/1
f 1256/1037/1 1274/1036/1 1255/1035/1
f 1256/1037/1 1273/1038/1 1274/1036/1
f 1257/1039/1 1273/1038/1 1256/1037/1
f 1257/1039/1 1272/1040/1 1273/1038/1
f 1258/1041/1 1272/1040/1 1257/1039/1
f 1291/1042/1 1289/1043/1 1290/1044/1
f 1291/1042/1 1338/64/1 1289/1043/1
f 1292/1045/1 1338/64/1 1291/1042/1
f 1293/1046/1 1338/64/1 1292/1045/1
f 1258/1041/1 1271/1047/1 1272/1040/1
f 1259/1048/1 1271/1047/1 1258/1041/1
f 1294/1049/1 1338/64/1 1293/1046/1
f 1295/1050/1 1338/64/1 1294/1049/1
f 1296/1051/1 1338/64/1 1295/1050/1
f 1297/1052/1 1338/64/1 1296/1051/1
f 1259/1048/1 1270/1053/1 1271/1047/1
f 1260/1054/1 1270/1053/1 1259/1048/1
f 1298/1055/1 1338/64/1 1297/1052/1
f 1299/1056/1 1338/64/1 1298/1055/1
f 1300/1057/1 1338/64/1 1299/1056/1
f 1261/1058/1 1270/1053/1 1260/1054/1
f 1301/1/1 1338/64/1 1300/1057/1
f 1261/1058/1 1269/1059/1 1270/1053/1
f 1301/1/1 1337/1060/1 1338/64/1
f 1302/1061/1 1337/1060/1 1301/1/1
f 1303/1062/1 1337/1060/1 1302/1061/1
f 1262/1063/1 1269/1059/1 1261/1058/1
f 1262/1063/1 1268/1064/1 1269/1059/1
f 1263/1065/1 1268/1064/1 1262/1063/1
f 1264/41/1 1268/1064/1 1263/1065/1
f 1264/41/1 1267/1066/1 1268/1064/1
f 1304/1067/1 1337/1060/1 1303/1062/1
f 1265/1068/1 1267/1066/1 1264/41/1
f 1304/1067/1 1336/1069/1 1337/1060/1
f 1265/1068/1 1266/1070/1 1267/1066/1
f 1305/1071/1 1336/1069/1 1304/1067/1
f 1305/1071/1 1335/1072/1 1336/1069/1
f 1306/1073/1 1335/1072/1 1305/1071/1
f 1307/1074/1 1335/1072/1 1306/1073/1
f 1307/1074/1 1334/1075/1 1335/1072/1
f 1308/1076/1 1334/1075/1 1307/1074/1
f 1308/1076/1 1333/1077/1 1334/1075/1
f 1309/1078/1 1333/1077/1 1308/1076/1
f 1310/1079/1 1333/1077/1 1309/1078/1
f 1310/1079/1 1332/1080/1 1333/1077/1
f 1311/1081/1 1332/1080/1 1310/1079/1
f 1311/1081/1 1331/1082/1 1332/1080/1
f 1312/1083/1 1331/1082/1 1311/1081/1
f 1313/1084/1 1331/1082/1 1312/1083/1
f 1313/1084/1 1330/1085/1 1331/1082/1
f 1314/1086/1 1330/1085/1 1313/1084/1
f 1314/1086/1 1329/1087/1 1330/1085/1
f 1315/1088/1 1329/1087/1 1314/1086/1
f 1316/1089/1 1329/1087/1 1315/1088/1
f 1317/1090/1 1329/1087/1 1316/1089/1
f 1318/1091/1 1329/1087/1 1317/1090/1
f 1319/1092/1 1329/1087/1 1318/1091/1
f 1320/1093/1 1329/1087/1 1319/1092/1
f 1321/1094/1 1329/1087/1 1320/1093/1
f 1322/1095/1 1329/1087/1 1321/1094/1
f 1323/1096/1 1329/1087/1 1322/1095/1
f 1323/1096/1 1328/1097/1 1329/1087/1
f 1324/1098/1 1328/1097/1 1323/1096/1
f 1325/1099/1 1328/1097/1 1324/1098/1
f 1326/1100/1 1328/1097/1 1325/1099/1
f 1327/1101/1 1328/1097/1 1326/1100/1
f 1415/1102/1 1413/1103/1 1414/1104/1
f 1415/1102/1 1510/64/1 1413/1103/1
f 1416/1105/1 1510/64/1 1415/1102/1
f 1416/1105/1 1509/1106/1 1510/64/1
f 1417/1107/1 1509/1106/1 1416/1105/1
f 1417/1107/1 1508/1108/1 1509/1106/1
f 1418/1109/1 1508/1108/1 1417/1107/1
f 1418/1109/1 1507/1110/1 1508/1108/1
f 1419/1111/1 1507/1110/1 1418/1109/1
f 1419/1111/1 1506/1112/1 1507/1110/1
f 1420/679/1 1506/1112/1 1419/1111/1
f 1420/679/1 1505/1113/1 1506/1112/1
f 1421/1114/1 1505/1113/1 1420/679/1
f 1421/1114/1 1504/1115/1 1505/1113/1
f 1422/1116/1 1504/1115/1 1421/1114/1
f 1422/1116/1 1503/1117/1 1504/1115/1
f 1423/1118/1 1503/1117/1 1422/1116/1
f 1423/1118/1 1502/1119/1 1503/1117/1
f 1424/1120/1 1502/1119/1 1423/1118/1
f 1424/1120/1 1501/590/1 1502/1119/1
f 1425/1121/1 1501/590/1 1424/1120/1
f 1425/1121/1 1500/1122/1 1501/590/1
f 1426/1123/1 1500/1122/1 1425/1121/1
f 1426/1123/1 1499/1124/1 1500/1122/1
f 1427/1125/1 1499/1124/1 1426/1123/1
f 1427/1125/1 1498/1126/1 1499/1124/1
f 1428/1127/1 1498/1126/1 1427/1125/1
f 1428/1127/1 1497/1128/1 1498/1126/1
f 1429/660/1 1497/1128/1 1428/1127/1
f 1429/660/1 1496/1129/1 1497/1128/1
f 1430/1130/1 1496/1129/1 1429/660/1
f 1430/1130/1 1495/1131/1 1496/1129/1
f 1431/1132/1 1495/1131/1 1430/1130/1
f 1431/1132/1 1494/1133/1 1495/1131/1
f 1432/1134/1 1494/1133/1 1431/1132/1
f 1432/1134/1 1493/1135/1 1494/1133/1
f 1433/1136/1 1493/1135/1 1432/1134/1
f 1433/1136/1 1492/615/1 1493/1135/1
f 1434/1137/1 1492/615/1 1433/1136/1
f 1434/1137/1 1491/1138/1 1492/615/1
f 1435/1139/1 1491/1138/1 1434/1137/1
f 1435/1139/1 1490/1140/1 1491/1138/1
f 1436/1141/1 1490/1140/1 1435/1139/1
f 1436/1141/1 1489/1142/1 1490/1140/1
f 1437/1143/1 1489/1142/1 1436/1141/1
f 1437/1143/1 1488/1144/1 1489/1142/1
f 1438/687/1 1488/1144/1 1437/1143/1
f 1438/687/1 1487/1145/1 1488/1144/1
f 1439/1146/1 1487/1145/1 1438/687/1
f 1439/1146/1 1486/1147/1 1487/1145/1
f 1440/1148/1 1486/1147/1 1439/1146/1
f 1440/1148/1 1485/1149/1 1486/1147/1
f 1441/1150/1 1485/1149/1 1440/1148/1
f 1441/1150/1 1484/1151/1 1485/1149/1
f 1442/1152/1 1484/1151/1 1441/1150/1
f 1442/1152/1 1483/629/1 1484/1151/1
f 1443/1153/1 1483/629/1 1442/1152/1
f 1444/1154/1 1483/629/1 1443/1153/1
f 1444/1154/1 1482/1155/1 1483/629/1
f 1445/1156/1 1482/1155/1 1444/1154/1
f 1445/1156/1 1481/1157/1 1482/1155/1
f 1446/1158/1 1481/1157/1 1445/1156/1
f 1446/1158/1 1480/1159/1 1481/1157/1
f 1447/702/1 1480/1159/1 1446/1158/1
f 1448/1160/1 1480/1159/1 1447/702/1
f 1448/1160/1 1479/1161/1 1480/1159/1
f 1449/1162/1 1479/1161/1 1448/1160/1
f 1449/1162/1 1478/1163/1 1479/1161/1
f 1450/1164/1 1478/1163/1 1449/1162/1
f 1450/1164/1 1477/1165/1 1478/1163/1
f 1451/1166/1 1477/1165/1 1450/1164/1
f 1451/1166/1 1476/1167/1 1477/1165/1
f 1452/1168/1 1476/1167/1 1451/1166/1
f 1453/354/1 1476/1167/1 1452/1168/1
f 1453/354/1 1475/1169/1 1476/1167/1
f 1454/1170/1 1475/1169/1 1453/354/1
f 1454/1170/1 1474/646/1 1475/1169/1
f 1455/1171/1 1474/646/1 1454/1170/1
f 1456/700/1 1474/646/1 1455/1171/1
f 1456/700/1 1473/1172/1 1474/646/1
f 1457/1173/1 1473/1172/1 1456/700/1
f 1457/1173/1 1472/1174/1 1473/1172/1
f 1458/1175/1 1472/1174/1 1457/1173/1
f 1459/1176/1 1472/1174/1 1458/1175/1
f 1459/1176/1 1471/1177/1 1472/1174/1
f 1460/1178/1 1471/1177/1 1459/1176/1
f 1461/1179/1 1471/1177/1 1460/1178/1
f 1461/1179/1 1470/1180/1 1471/1177/1
f 1462/1181/1 1470/1180/1 1461/1179/1
f 1463/1182/1 1470/1180/1 1462/1181/1
f 1463/1182/1 1469/1183/1 1470/1180/1
f 1463/1182/1 1468/1184/1 1469/1183/1
f 1463/1182/1 1467/1185/1 1468/1184/1
f 1463/1182/1 1466/1186/1 1467/1185/1
f 1463/1182/1 1465/650/1 1466/1186/1
f 1463/1182/1 1464/1187/1 1465/650/1
f 1341/1188/1 1339/65/1 1340/1189/1
f 1341/1188/1 1412/1190/1 1339/65/1
f 1341/1188/1 1411/647/1 1412/1190/1
f 1342/1191/1 1411/647/1 1341/1188/1
f 1342/1191/1 1410/1192/1 1411/647/1
f 1343/1193/1 1410/1192/1 1342/1191/1
f 1343/1193/1 1409/1194/1 1410/1192/1
f 1344/1195/1 1409/1194/1 1343/1193/1
f 1344/1195/1 1408/1196/1 1409/1194/1
f 1345/1197/1 1408/1196/1 1344/1195/1
f 1345/1197/1 1407/1198/1 1408/1196/1
f 1346/1199/1 1407/1198/1 1345/1197/1
f 1346/1199/1 1406/1200/1 1407/1198/1
f 1347/1201/1 1406/1200/1 1346/1199/1
f 1347/1201/1 1405/1202/1 1406/1200/1
f 1348/599/1 1405/1202/1 1347/1201/1
f 1348/599/1 1404/1203/1 1405/1202/1
f 1349/1204/1 1404/1203/1 1348/599/1
f 1349/1204/1 1403/1205/1 1404/1203/1
f 1350/1206/1 1403/1205/1 1349/1204/1
f 1350/1206/1 1402/609/1 1403/1205/1
f 1351/1207/1 1402/609/1 1350/1206/1
f 1351/1207/1 1401/1208/1 1402/609/1
f 1352/1209/1 1401/1208/1 1351/1207/1
f 1353/1210/1 1401/1208/1 1352/1209/1
f 1353/1210/1 1400/1211/1 1401/1208/1
f 1354/1212/1 1400/1211/1 1353/1210/1
f 1354/1212/1 1399/1213/1 1400/1211/1
f 1355/1214/1 1399/1213/1 1354/1212/1
f 1355/1214/1 1398/1215/1 1399/1213/1
f 1356/1216/1 1398/1215/1 1355/1214/1
f 1356/1216/1 1397/1217/1 1398/1215/1
f 1357/561/1 1397/1217/1 1356/1216/1
f 1357/561/1 1396/307/1 1397/1217/1
f 1358/1218/1 1396/307/1 1357/561/1
f 1358/1218/1 1395/1219/1 1396/307/1
f 1359/1220/1 1395/1219/1 1358/1218/1
f 1359/1220/1 1394/1221/1 1395/1219/1
f 1360/1222/1 1394/1221/1 1359/1220/1
f 1360/1222/1 1393/564/1 1394/1221/1
f 1361/1223/1 1393/564/1 1360/1222/1
f 1361/1223/1 1392/1224/1 1393/564/1
f 1362/1225/1 1392/1224/1 1361/1223/1
f 1362/1225/1 1391/1226/1 1392/1224/1
f 1363/1227/1 1391/1226/1 1362/1225/1
f 1363/1227/1 1390/1228/1 1391/1226/1
f 1364/1229/1 1390/1228/1 1363/1227/1
f 1364/1229/1 1389/1230/1 1390/1228/1
f 1365/1231/1 1389/1230/1 1364/1229/1
f 1365/1231/1 1388/1232/1 1389/1230/1
f 1365/1231/1 1387/1233/1 1388/1232/1
f 1366/534/1 1387/1233/1 1365/1231/1
f 1366/534/1 1386/1234/1 1387/1233/1
f 1367/1235/1 1386/1234/1 1366/534/1
f 1367/1235/1 1385/1236/1 1386/1234/1
f 1368/1237/1 1385/1236/1 1367/1235/1
f 1368/1237/1 1384/527/1 1385/1236/1
f 1369/1238/1 1384/527/1 1368/1237/1
f 1369/1238/1 1383/1239/1 1384/527/1
f 1370/1240/1 1383/1239/1 1369/1238/1
f 1370/1240/1 1382/1241/1 1383/1239/1
f 1371/1242/1 1382/1241/1 1370/1240/1
f 1371/1242/1 1381/1243/1 1382/1241/1
f 1372/1244/1 1381/1243/1 1371/1242/1
f 1372/1244/1 1380/1245/1 1381/1243/1
f 1373/1246/1 1380/1245/1 1372/1244/1
f 1373/1246/1 1379/1247/1 1380/1245/1
f 1374/1248/1 1379/1247/1 1373/1246/1
f 1374/1248/1 1378/1249/1 1379/1247/1
f 1375/583/1 1378/1249/1 1374/1248/1
f 1375/583/1 1377/1250/1 1378/1249/1
f 1376/1251/1 1377/1250/1 1375/583/1
f 1513/1252/1 1511/65/1 1512/1253/1
f 1514/1254/1 1511/65/1 1513/1252/1
f 1515/1255/1 1511/65/1 1514/1254/1
f 1516/1256/1 1511/65/1 1515/1255/1
f 1517/264/1 1511/65/1 1516/1256/1
f 1517/264/1 1637/64/1 1511/65/1
f 1518/1257/1 1637/64/1 1517/264/1
f 1518/1257/1 1636/1258/1 1637/64/1
f 1519/1259/1 1636/1258/1 1518/1257/1
f 1519/1259/1 1635/1260/1 1636/1258/1
f 1520/1261/1 1635/1260/1 1519/1259/1
f 1520/1261/1 1634/1262/1 1635/1260/1
f 1521/1263/1 1634/1262/1 1520/1261/1
f 1521/1263/1 1633/1264/1 1634/1262/1
f 1522/1265/1 1633/1264/1 1521/1263/1
f 1522/1265/1 1632/1266/1 1633/1264/1
f 1523/287/1 1632/1266/1 1522/1265/1
f 1523/287/1 1631/303/1 1632/1266/1
f 1524/1267/1 1631/303/1 1523/287/1
f 1525/1218/1 1631/303/1 1524/1267/1
f 1525/1218/1 1630/1268/1 1631/303/1
f 1525/1218/1 1629/1269/1 1630/1268/1
f 1525/1218/1 1628/1270/1 1629/1269/1
f 1525/1218/1 1627/1271/1 1628/1270/1
f 1526/1272/1 1627/1271/1 1525/1218/1
f 1526/1272/1 1626/1273/1 1627/1271/1
f 1526/1272/1 1625/327/1 1626/1273/1
f 1527/1274/1 1625/327/1 1526/1272/1
f 1613/360/1 1611/1275/1 1612/1276/1
f 1614/1277/1 1611/1275/1 1613/360/1
f 1615/1278/1 1611/1275/1 1614/1277/1
f 1616/1279/1 1611/1275/1 1615/1278/1
f 1617/1280/1 1611/1275/1 1616/1279/1
f 1618/1281/1 1611/1275/1 1617/1280/1
f 1619/342/1 1611/1275/1 1618/1281/1
f 1620/1282/1 1611/1275/1 1619/342/1
f 1621/1283/1 1611/1275/1 1620/1282/1
f 1622/1284/1 1611/1275/1 1621/1283/1
f 1623/1138/1 1611/1275/1 1622/1284/1
f 1624/1285/1 1611/1275/1 1623/1138/1
f 1527/1274/1 1624/1285/1 1625/327/1
f 1527/1274/1 1611/1275/1 1624/1285/1
f 1528/1286/1 1611/1275/1 1527/1274/1
f 1528/1286/1 1610/1287/1 1611/1275/1
f 1529/280/1 1610/1287/1 1528/1286/1
f 1529/280/1 1609/1174/1 1610/1287/1
f 1529/280/1 1608/1288/1 1609/1174/1
f 1529/280/1 1607/389/1 1608/1288/1
f 1529/280/1 1606/1289/1 1607/389/1
f 1529/280/1 1605/1290/1 1606/1289/1
f 1529/280/1 1604/1291/1 1605/1290/1
f 1529/280/1 1603/1292/1 1604/1291/1
f 1530/1293/1 1549/1294/1 1529/280/1
f 1549/1294/1 1603/1292/1 1529/280/1
f 1549/1294/1 1602/1295/1 1603/1292/1
f 1549/1294/1 1550/1296/1 1602/1295/1
f 1550/1296/1 1601/374/1 1602/1295/1
f 1530/1293/1 1548/1297/1 1549/1294/1
f 1551/1298/1 1601/374/1 1550/1296/1
f 1551/1298/1 1600/1299/1 1601/374/1
f 1551/1298/1 1599/1300/1 1600/1299/1
f 1551/1298/1 1598/1301/1 1599/1300/1
f 1531/1302/1 1548/1297/1 1530/1293/1
f 1531/1302/1 1547/294/1 1548/1297/1
f 1552/1303/1 1598/1301/1 1551/1298/1
f 1552/1303/1 1597/1304/1 1598/1301/1
f 1531/1302/1 1546/1305/1 1547/294/1
f 1553/307/1 1597/1304/1 1552/1303/1
f 1532/1306/1 1546/1305/1 1531/1302/1
f 1532/1306/1 1545/1307/1 1546/1305/1
f 1553/307/1 1596/1308/1 1597/1304/1
f 1554/1309/1 1596/1308/1 1553/307/1
f 1533/1310/1 1545/1307/1 1532/1306/1
f 1533/1310/1 1544/1311/1 1545/1307/1
f 1554/1309/1 1595/354/1 1596/1308/1
f 1555/1312/1 1595/354/1 1554/1309/1
f 1533/1310/1 1543/1313/1 1544/1311/1
f 1534/1314/1 1543/1313/1 1533/1310/1
f 1555/1312/1 1594/1315/1 1595/354/1
f 1534/1314/1 1542/1316/1 1543/1313/1
f 1556/1317/1 1594/1315/1 1555/1312/1
f 1535/269/1 1542/1316/1 1534/1314/1
f 1535/269/1 1541/257/1 1542/1316/1
f 1556/1317/1 1593/1318/1 1594/1315/1
f 1557/1319/1 1593/1318/1 1556/1317/1
f 1536/1320/1 1541/257/1 1535/269/1
f 1536/1320/1 1540/1321/1 1541/257/1
f 1557/1319/1 1592/1322/1 1593/1318/1
f 1558/1323/1 1592/1322/1 1557/1319/1
f 1536/1320/1 1539/1250/1 1540/1321/1
f 1537/1324/1 1539/1250/1 1536/1320/1
f 1537/1324/1 1538/1325/1 1539/1250/1
f 1559/315/1 1592/1322/1 1558/1323/1
f 1559/315/1 1591/1326/1 1592/1322/1
f 1560/1327/1 1591/1326/1 1559/315/1
f 1560/1327/1 1590/1328/1 1591/1326/1
f 1561/1329/1 1590/1328/1 1560/1327/1
f 1561/1329/1 1589/383/1 1590/1328/1
f 1562/1330/1 1589/383/1 1561/1329/1
f 1562/1330/1 1588/1331/1 1589/383/1
f 1563/1332/1 1588/1331/1 1562/1330/1
f 1563/1332/1 1587/1333/1 1588/1331/1
f 1564/1334/1 1587/1333/1 1563/1332/1
f 1564/1334/1 1586/1335/1 1587/1333/1
f 1565/324/1 1586/1335/1 1564/1334/1
f 1565/324/1 1585/1336/1 1586/1335/1
f 1566/1337/1 1585/1336/1 1565/324/1
f 1566/1337/1 1584/1338/1 1585/1336/1
f 1567/1102/1 1584/1338/1 1566/1337/1
f 1568/1339/1 1584/1338/1 1567/1102/1
f 1568/1339/1 1583/380/1 1584/1338/1
f 1569/1340/1 1583/380/1 1568/1339/1
f 1569/1340/1 1582/1341/1 1583/380/1
f 1570/1342/1 1582/1341/1 1569/1340/1
f 1570/1342/1 1581/1137/1 1582/1341/1
f 1571/338/1 1581/1137/1 1570/1342/1
f 1571/338/1 1580/1343/1 1581/1137/1
f 1572/1344/1 1580/1343/1 1571/338/1
f 1572/1344/1 1579/1345/1 1580/1343/1
f 1573/1346/1 1579/1345/1 1572/1344/1
f 1574/41/1 1579/1345/1 1573/1346/1
f 1574/41/1 1578/1347/1 1579/1345/1
f 1575/1348/1 1578/1347/1 1574/41/1
f 1575/1348/1 1577/351/1 1578/1347/1
f 1575/1348/1 1576/1349/1 1577/351/1
f 1929/1350/1 1927/1351/1 1928/1352/1
f 1930/1353/1 1927/1351/1 1929/1350/1
f 1930/1353/1 2049/64/1 1927/1351/1
f 1931/1354/1 2049/64/1 1930/1353/1
f 1931/1354/1 2048/1355/1 2049/64/1
f 1932/1356/1 2048/1355/1 1931/1354/1
f 1932/1356/1 2047/1357/1 2048/1355/1
f 1932/1356/1 2046/1358/1 2047/1357/1
f 1933/1359/1 2046/1358/1 1932/1356/1
f 1933/1359/1 2045/1360/1 2046/1358/1
f 1934/1361/1 2045/1360/1 1933/1359/1
f 1934/1361/1 2044/1362/1 2045/1360/1
f 1935/1363/1 2044/1362/1 1934/1361/1
f 1935/1363/1 2043/1364/1 2044/1362/1
f 1936/1365/1 2043/1364/1 1935/1363/1
f 1936/1365/1 2042/1366/1 2043/1364/1
f 1937/1367/1 2042/1366/1 1936/1365/1
f 1937/1367/1 2041/1368/1 2042/1366/1
f 1938/1369/1 2041/1368/1 1937/1367/1
f 1938/1369/1 2040/1370/1 2041/1368/1
f 1939/1371/1 2040/1370/1 1938/1369/1
f 1939/1371/1 2039/1372/1 2040/1370/1
f 1940/1373/1 2039/1372/1 1939/1371/1
f 1940/1373/1 2038/1374/1 2039/1372/1
f 1941/1375/1 2038/1374/1 1940/1373/1
f 1941/1375/1 2037/1376/1 2038/1374/1
f 1942/1377/1 2037/1376/1 1941/1375/1
f 1942/1377/1 2036/1378/1 2037/1376/1
f 1943/1379/1 2036/1378/1 1942/1377/1
f 1943/1379/1 2035/1380/1 2036/1378/1
f 1944/1381/1 2035/1380/1 1943/1379/1
f 1944/1381/1 2034/1382/1 2035/1380/1
f 1945/1383/1 2034/1382/1 1944/1381/1
f 1945/1383/1 2033/1384/1 2034/1382/1
f 1946/1385/1 2033/1384/1 1945/1383/1
f 1946/1385/1 2032/1386/1 2033/1384/1
f 1947/1387/1 2032/1386/1 1946/1385/1
f 1947/1387/1 2031/1388/1 2032/1386/1
f 1948/1389/1 2031/1388/1 1947/1387/1
f 1948/1389/1 2030/1390/1 2031/1388/1
f 1949/1391/1 2030/1390/1 1948/1389/1
f 1949/1391/1 2029/1392/1 2030/1390/1
f 1950/1393/1 2029/1392/1 1949/1391/1
f 1950/1393/1 2028/1394/1 2029/1392/1
f 1951/1395/1 2028/1394/1 1950/1393/1
f 1951/1395/1 2027/1396/1 2028/1394/1
f 1951/1395/1 2026/1397/1 2027/1396/1
f 1952/1398/1 2026/1397/1 1951/1395/1
f 2003/1399/1 2001/1400/1 2002/1401/1
f 1952/1398/1 2025/1402/1 2026/1397/1
f 2004/1403/1 2001/1400/1 2003/1399/1
f 1952/1398/1 2024/1404/1 2025/1402/1
f 1953/1405/1 2024/1404/1 1952/1398/1
f 2005/1406/1 2001/1400/1 2004/1403/1
f 1953/1405/1 2023/1407/1 2024/1404/1
f 2005/1406/1 2000/1408/1 2001/1400/1
f 2006/1409/1 2000/1408/1 2005/1406/1
f 1953/1405/1 2022/1410/1 2023/1407/1
f 2007/1411/1 2000/1408/1 2006/1409/1
f 2007/1411/1 1999/1412/1 2000/1408/1
f 1953/1405/1 2021/1413/1 2022/1410/1
f 1954/1414/1 2021/1413/1 1953/1405/1
f 2008/1415/1 1999/1412/1 2007/1411/1
f 1954/1414/1 2020/1416/1 2021/1413/1
f 2008/1415/1 1998/1417/1 1999/1412/1
f 2009/1418/1 1998/1417/1 2008/1415/1
f 1954/1414/1 2019/1419/1 2020/1416/1
f 2010/1420/1 1998/1417/1 2009/1418/1
f 1955/1421/1 2019/1419/1 1954/1414/1
f 1955/1421/1 2018/1422/1 2019/1419/1
f 2010/1420/1 1997/1423/1 1998/1417/1
f 2011/1424/1 1997/1423/1 2010/1420/1
f 1955/1421/1 2017/1425/1 2018/1422/1
f 2011/1424/1 1996/1426/1 1997/1423/1
f 2012/1427/1 1996/1426/1 2011/1424/1
f 1955/1421/1 2016/1428/1 2017/1425/1
f 1956/1429/1 2016/1428/1 1955/1421/1
f 2013/1430/1 1996/1426/1 2012/1427/1
f 1956/1429/1 2015/1431/1 2016/1428/1
f 2013/1430/1 1995/1432/1 1996/1426/1
f 1956/1429/1 2014/1433/1 2015/1431/1
f 2014/1433/1 1995/1432/1 2013/1430/1
f 1956/1429/1 1995/1432/1 2014/1433/1
f 1957/1434/1 1995/1432/1 1956/1429/1
f 1957/1434/1 1994/1435/1 1995/1432/1
f 1957/1434/1 1993/1436/1 1994/1435/1
f 1958/1437/1 1993/1436/1 1957/1434/1
f 1958/1437/1 1992/1438/1 1993/1436/1
f 1959/1439/1 1992/1438/1 1958/1437/1
f 1959/1439/1 1991/1440/1 1992/1438/1
f 1959/1439/1 1990/1441/1 1991/1440/1
f 1960/1442/1 1990/1441/1 1959/1439/1
f 1960/1442/1 1989/1443/1 1990/1441/1
f 1960/1442/1 1988/1444/1 1989/1443/1
f 1961/1445/1 1988/1444/1 1960/1442/1
f 1961/1445/1 1987/1446/1 1988/1444/1
f 1961/1445/1 1986/1447/1 1987/1446/1
f 1961/1445/1 1985/1448/1 1986/1447/1
f 1961/1445/1 1984/1449/1 1985/1448/1
f 1961/1445/1 1983/1450/1 1984/1449/1
f 1961/1445/1 1982/1451/1 1983/1450/1
f 1962/1452/1 1982/1451/1 1961/1445/1
f 1962/1452/1 1981/1453/1 1982/1451/1
f 1962/1452/1 1980/1454/1 1981/1453/1
f 1962/1452/1 1979/1455/1 1980/1454/1
f 1962/1452/1 1978/1456/1 1979/1455/1
f 1962/1452/1 1977/1457/1 1978/1456/1
f 1962/1452/1 1976/1458/1 1977/1457/1
f 1963/1459/1 1976/1458/1 1962/1452/1
f 1963/1459/1 1975/1460/1 1976/1458/1
f 1963/1459/1 1974/1461/1 1975/1460/1
f 1963/1459/1 1973/1462/1 1974/1461/1
f 1963/1459/1 1972/1463/1 1973/1462/1
f 1963/1459/1 1971/1464/1 1972/1463/1
f 1963/1459/1 1970/1465/1 1971/1464/1
f 1963/1459/1 1969/1466/1 1970/1465/1
f 1964/1467/1 1969/1466/1 1963/1459/1
f 1964/1467/1 1968/1468/1 1969/1466/1
f 1964/1467/1 1967/1469/1 1968/1468/1
f 1964/1467/1 1966/1470/1 1967/1469/1
f 1964/1467/1 1965/1471/1 1966/1470/1
f 1665/1472/1 1689/1473/1 1664/1474/1
f 1665/1472/1 1688/1475/1 1689/1473/1
f 1666/1476/1 1688/1475/1 1665/1472/1
f 1666/1476/1 1687/1477/1 1688/1475/1
f 1667/1478/1 1687/1477/1 1666/1476/1
f 1639/1479/1 1663/1480/1 1638/65/1
f 1667/1478/1 1686/1481/1 1687/1477/1
f 1668/1482/1 1686/1481/1 1667/1478/1
f 1639/1479/1 1662/1483/1 1663/1480/1
f 1668/1482/1 1685/1484/1 1686/1481/1
f 1640/1485/1 1662/1483/1 1639/1479/1
f 1669/1486/1 1685/1484/1 1668/1482/1
f 1640/1485/1 1661/1487/1 1662/1483/1
f 1669/1486/1 1684/1488/1 1685/1484/1
f 1641/1489/1 1661/1487/1 1640/1485/1
f 1670/1490/1 1684/1488/1 1669/1486/1
f 1641/1489/1 1660/1491/1 1661/1487/1
f 1741/1492/1 1739/1493/1 1740/1494/1
f 1741/1492/1 1926/1495/1 1739/1493/1
f 1642/1496/1 1660/1491/1 1641/1489/1
f 1742/1497/1 1926/1495/1 1741/1492/1
f 1670/1490/1 1683/1498/1 1684/1488/1
f 1742/1497/1 1925/1499/1 1926/1495/1
f 1671/1500/1 1683/1498/1 1670/1490/1
f 1743/1501/1 1925/1499/1 1742/1497/1
f 1743/1501/1 1924/1502/1 1925/1499/1
f 1642/1496/1 1659/1503/1 1660/1491/1
f 1744/1504/1 1924/1502/1 1743/1501/1
f 1744/1504/1 1923/1505/1 1924/1502/1
f 1643/1506/1 1659/1503/1 1642/1496/1
f 1671/1500/1 1682/1507/1 1683/1498/1
f 1745/1508/1 1923/1505/1 1744/1504/1
f 1745/1508/1 1922/1509/1 1923/1505/1
f 1672/1510/1 1682/1507/1 1671/1500/1
f 1643/1506/1 1658/1511/1 1659/1503/1
f 1745/1508/1 1921/1512/1 1922/1509/1
f 1746/1513/1 1921/1512/1 1745/1508/1
f 1644/1514/1 1658/1511/1 1643/1506/1
f 1672/1510/1 1681/1515/1 1682/1507/1
f 1746/1513/1 1920/1516/1 1921/1512/1
f 1747/1517/1 1920/1516/1 1746/1513/1
f 1673/1518/1 1681/1515/1 1672/1510/1
f 1747/1517/1 1919/1519/1 1920/1516/1
f 1644/1514/1 1657/1520/1 1658/1511/1
f 1748/1521/1 1919/1519/1 1747/1517/1
f 1645/1522/1 1657/1520/1 1644/1514/1
f 1748/1521/1 1918/1523/1 1919/1519/1
f 1673/1518/1 1680/1524/1 1681/1515/1
f 1749/1525/1 1918/1523/1 1748/1521/1
f 1674/1526/1 1680/1524/1 1673/1518/1
f 1749/1525/1 1917/1527/1 1918/1523/1
f 1750/1528/1 1917/1527/1 1749/1525/1
f 1645/1522/1 1656/1529/1 1657/1520/1
f 1750/1528/1 1916/1530/1 1917/1527/1
f 1646/1531/1 1656/1529/1 1645/1522/1
f 1751/1532/1 1916/1530/1 1750/1528/1
f 1674/1526/1 1679/1533/1 1680/1524/1
f 1751/1532/1 1915/1534/1 1916/1530/1
f 1752/1535/1 1915/1534/1 1751/1532/1
f 1675/1536/1 1679/1533/1 1674/1526/1
f 1752/1535/1 1914/1537/1 1915/1534/1
f 1646/1531/1 1655/1538/1 1656/1529/1
f 1753/1539/1 1914/1537/1 1752/1535/1
f 1675/1536/1 1678/1540/1 1679/1533/1
f 1647/1541/1 1655/1538/1 1646/1531/1
f 1753/1539/1 1913/1542/1 1914/1537/1
f 1676/1543/1 1678/1540/1 1675/1536/1
f 1647/1541/1 1654/1544/1 1655/1538/1
f 1676/1543/1 1677/1545/1 1678/1540/1
f 1753/1539/1 1912/354/1 1913/1542/1
f 1648/1546/1 1654/1544/1 1647/1541/1
f 1753/1539/1 1911/1547/1 1912/354/1
f 1648/1546/1 1653/1548/1 1654/1544/1
f 1649/1549/1 1653/1548/1 1648/1546/1
f 1753/1539/1 1910/1550/1 1911/1547/1
f 1649/1549/1 1652/1551/1 1653/1548/1
f 1650/1552/1 1652/1551/1 1649/1549/1
f 1753/1539/1 1909/1553/1 1910/1550/1
f 1650/1552/1 1651/1554/1 1652/1551/1
f 1753/1539/1 1908/1555/1 1909/1553/1
f 1753/1539/1 1907/1556/1 1908/1555/1
f 1753/1539/1 1906/1557/1 1907/1556/1
f 1753/1539/1 1905/1558/1 1906/1557/1
f 1753/1539/1 1904/1559/1 1905/1558/1
f 1892/1560/1 1890/1561/1 1891/1562/1
f 1893/1563/1 1890/1561/1 1892/1560/1
f 1894/1564/1 1890/1561/1 1893/1563/1
f 1895/1565/1 1890/1561/1 1894/1564/1
f 1896/1566/1 1890/1561/1 1895/1565/1
f 1753/1539/1 1903/1567/1 1904/1559/1
f 1897/1568/1 1890/1561/1 1896/1566/1
f 1898/1569/1 1890/1561/1 1897/1568/1
f 1899/1570/1 1890/1561/1 1898/1569/1
f 1900/1571/1 1890/1561/1 1899/1570/1
f 1901/1572/1 1890/1561/1 1900/1571/1
f 1902/1573/1 1890/1561/1 1901/1572/1
f 1767/1574/1 1765/1575/1 1766/1576/1
f 1903/1567/1 1890/1561/1 1902/1573/1
f 1767/1574/1 1764/1577/1 1765/1575/1
f 1753/1539/1 1890/1561/1 1903/1567/1
f 1767/1574/1 1763/1578/1 1764/1577/1
f 1767/1574/1 1762/1579/1 1763/1578/1
f 1767/1574/1 1761/1580/1 1762/1579/1
f 1767/1574/1 1760/1581/1 1761/1580/1
f 1767/1574/1 1759/1582/1 1760/1581/1
f 1754/1583/1 1890/1561/1 1753/1539/1
f 1767/1574/1 1758/1584/1 1759/1582/1
f 1767/1574/1 1757/1585/1 1758/1584/1
f 1767/1574/1 1756/1586/1 1757/1585/1
f 1767/1574/1 1755/1587/1 1756/1586/1
f 1767/1574/1 1754/1583/1 1755/1587/1
f 1767/1574/1 1890/1561/1 1754/1583/1
f 1767/1574/1 1889/1588/1 1890/1561/1
f 1767/1574/1 1888/1589/1 1889/1588/1
f 1767/1574/1 1887/1590/1 1888/1589/1
f 1767/1574/1 1886/1591/1 1887/1590/1
f 1767/1574/1 1885/1592/1 1886/1591/1
f 1767/1574/1 1884/1593/1 1885/1592/1
f 1767/1574/1 1883/1594/1 1884/1593/1
f 1767/1574/1 1882/1595/1 1883/1594/1
f 1767/1574/1 1881/1596/1 1882/1595/1
f 1767/1574/1 1880/1597/1 1881/1596/1
f 1767/1574/1 1879/1598/1 1880/1597/1
f 1767/1574/1 1878/1599/1 1879/1598/1
f 1768/1600/1 1878/1599/1 1767/1574/1
f 1768/1600/1 1780/1601/1 1878/1599/1
f 1780/1601/1 1877/1602/1 1878/1599/1
f 1769/1603/1 1780/1601/1 1768/1600/1
f 1770/1604/1 1780/1601/1 1769/1603/1
f 1771/1605/1 1780/1601/1 1770/1604/1
f 1772/1606/1 1780/1601/1 1771/1605/1
f 1773/1607/1 1780/1601/1 1772/1606/1
f 1773/1607/1 1779/1608/1 1780/1601/1
f 1781/1609/1 1877/1602/1 1780/1601/1
f 1774/1610/1 1779/1608/1 1773/1607/1
f 1775/307/1 1779/1608/1 1774/1610/1
f 1776/1611/1 1779/1608/1 1775/307/1
f 1777/1612/1 1779/1608/1 1776/1611/1
f 1778/1613/1 1779/1608/1 1777/1612/1
f 1782/1614/1 1877/1602/1 1781/1609/1
f 1782/1614/1 1876/1615/1 1877/1602/1
f 1783/1616/1 1876/1615/1 1782/1614/1
f 1783/1616/1 1875/1617/1 1876/1615/1
f 1784/1618/1 1875/1617/1 1783/1616/1
f 1784/1618/1 1874/1619/1 1875/1617/1
f 1785/1620/1 1874/1619/1 1784/1618/1
f 1785/1620/1 1873/1621/1 1874/1619/1
f 1786/1622/1 1873/1621/1 1785/1620/1
f 1786/1622/1 1872/1623/1 1873/1621/1
f 1787/1624/1 1872/1623/1 1786/1622/1
f 1787/1624/1 1871/1625/1 1872/1623/1
f 1788/1626/1 1871/1625/1 1787/1624/1
f 1788/1626/1 1870/1627/1 1871/1625/1
f 1789/1628/1 1870/1627/1 1788/1626/1
f 1789/1628/1 1869/1629/1 1870/1627/1
f 1790/1630/1 1869/1629/1 1789/1628/1
f 1790/1630/1 1868/1631/1 1869/1629/1
f 1791/1632/1 1868/1631/1 1790/1630/1
f 1791/1632/1 1867/1633/1 1868/1631/1
f 1792/1634/1 1867/1633/1 1791/1632/1
f 1805/1635/1 1803/1636/1 1804/1637/1
f 1805/1635/1 1802/1638/1 1803/1636/1
f 1805/1635/1 1801/1639/1 1802/1638/1
f 1805/1635/1 1800/1640/1 1801/1639/1
f 1805/1635/1 1799/1641/1 1800/1640/1
f 1806/1642/1 1799/1641/1 1805/1635/1
f 1806/1642/1 1798/1643/1 1799/1641/1
f 1806/1642/1 1797/1644/1 1798/1643/1
f 1806/1642/1 1796/1645/1 1797/1644/1
f 1806/1642/1 1795/1646/1 1796/1645/1
f 1806/1642/1 1794/1647/1 1795/1646/1
f 1807/1648/1 1794/1647/1 1806/1642/1
f 1807/1648/1 1793/1649/1 1794/1647/1
f 1807/1648/1 1792/1634/1 1793/1649/1
f 1807/1648/1 1867/1633/1 1792/1634/1
f 1807/1648/1 1866/1650/1 1867/1633/1
f 1808/1651/1 1866/1650/1 1807/1648/1
f 1809/1652/1 1866/1650/1 1808/1651/1
f 1810/1653/1 1866/1650/1 1809/1652/1
f 1810/1653/1 1865/1654/1 1866/1650/1
f 1810/1653/1 1864/1655/1 1865/1654/1
f 1811/1656/1 1864/1655/1 1810/1653/1
f 1811/1656/1 1863/1657/1 1864/1655/1
f 1812/1658/1 1726/1659/1 1811/1656/1
f 1726/1659/1 1727/1660/1 1811/1656/1
f 1727/1660/1 1863/1657/1 1811/1656/1
f 1727/1660/1 1728/1661/1 1863/1657/1
f 1728/1661/1 1862/1662/1 1863/1657/1
f 1729/1663/1 1862/1662/1 1728/1661/1
f 1730/1664/1 1862/1662/1 1729/1663/1
f 1812/1658/1 1725/1665/1 1726/1659/1
f 1731/1666/1 1862/1662/1 1730/1664/1
f 1732/1667/1 1862/1662/1 1731/1666/1
f 1812/1658/1 1724/1668/1 1725/1665/1
f 1733/1669/1 1862/1662/1 1732/1667/1
f 1734/1670/1 1862/1662/1 1733/1669/1
f 1735/1671/1 1862/1662/1 1734/1670/1
f 1812/1658/1 1723/1672/1 1724/1668/1
f 1736/1673/1 1862/1662/1 1735/1671/1
f 1736/1673/1 1861/1674/1 1862/1662/1
f 1737/1675/1 1861/1674/1 1736/1673/1
f 1812/1658/1 1722/1676/1 1723/1672/1
f 1738/1677/1 1861/1674/1 1737/1675/1
f 1813/1678/1 1722/1676/1 1812/1658/1
f 1690/1679/1 1861/1674/1 1738/1677/1
f 1813/1678/1 1721/1680/1 1722/1676/1
f 1691/1681/1 1861/1674/1 1690/1679/1
f 1691/1681/1 1860/1682/1 1861/1674/1
f 1813/1678/1 1720/1683/1 1721/1680/1
f 1691/1681/1 1859/1684/1 1860/1682/1
f 1814/1685/1 1720/1683/1 1813/1678/1
f 1814/1685/1 1719/1686/1 1720/1683/1
f 1814/1685/1 1718/1687/1 1719/1686/1
f 1691/1681/1 1841/1688/1 1859/1684/1
f 1841/1688/1 1858/1689/1 1859/1684/1
f 1814/1685/1 1717/1690/1 1718/1687/1
f 1815/1691/1 1717/1690/1 1814/1685/1
f 1692/1692/1 1841/1688/1 1691/1681/1
f 1692/1692/1 1840/1693/1 1841/1688/1
f 1842/1694/1 1858/1689/1 1841/1688/1
f 1842/1694/1 1857/1695/1 1858/1689/1
f 1843/1696/1 1857/1695/1 1842/1694/1
f 1815/1691/1 1716/1697/1 1717/1690/1
f 1843/1696/1 1856/1698/1 1857/1695/1
f 1844/1699/1 1856/1698/1 1843/1696/1
f 1693/1700/1 1840/1693/1 1692/1692/1
f 1816/1701/1 1716/1697/1 1815/1691/1
f 1816/1701/1 1715/1702/1 1716/1697/1
f 1693/1700/1 1839/1703/1 1840/1693/1
f 1845/1704/1 1856/1698/1 1844/1699/1
f 1845/1704/1 1855/1705/1 1856/1698/1
f 1816/1701/1 1714/1706/1 1715/1702/1
f 1694/1707/1 1839/1703/1 1693/1700/1
f 1846/1708/1 1855/1705/1 1845/1704/1
f 1846/1708/1 1854/1709/1 1855/1705/1
f 1817/1710/1 1714/1706/1 1816/1701/1
f 1694/1707/1 1838/1711/1 1839/1703/1
f 1847/1712/1 1854/1709/1 1846/1708/1
f 1817/1710/1 1713/1713/1 1714/1706/1
f 1695/1714/1 1838/1711/1 1694/1707/1
f 1847/1712/1 1848/1715/1 1854/1709/1
f 1848/1715/1 1849/1716/1 1854/1709/1
f 1849/1716/1 1850/1717/1 1854/1709/1
f 1850/1717/1 1851/1718/1 1854/1709/1
f 1851/1718/1 1852/1719/1 1854/1709/1
f 1852/1719/1 1853/1720/1 1854/1709/1
f 1817/1710/1 1712/1721/1 1713/1713/1
f 1696/1722/1 1838/1711/1 1695/1714/1
f 1818/1723/1 1712/1721/1 1817/1710/1
f 1696/1722/1 1837/1724/1 1838/1711/1
f 1818/1723/1 1711/1725/1 1712/1721/1
f 1697/1726/1 1837/1724/1 1696/1722/1
f 1818/1723/1 1710/1727/1 1711/1725/1
f 1698/1728/1 1837/1724/1 1697/1726/1
f 1819/1729/1 1710/1727/1 1818/1723/1
f 1698/1728/1 1836/1730/1 1837/1724/1
f 1819/1729/1 1709/1731/1 1710/1727/1
f 1699/1732/1 1836/1730/1 1698/1728/1
f 1819/1729/1 1708/1733/1 1709/1731/1
f 1819/1729/1 1707/1734/1 1708/1733/1
f 1700/1735/1 1836/1730/1 1699/1732/1
f 1820/1736/1 1707/1734/1 1819/1729/1
f 1700/1735/1 1835/1737/1 1836/1730/1
f 1820/1736/1 1706/1738/1 1707/1734/1
f 1701/1739/1 1835/1737/1 1700/1735/1
f 1820/1736/1 1705/1740/1 1706/1738/1
f 1702/1741/1 1835/1737/1 1701/1739/1
f 1820/1736/1 1704/1742/1 1705/1740/1
f 1703/1743/1 1835/1737/1 1702/1741/1
f 1820/1736/1 1703/1743/1 1704/1742/1
f 1820/1736/1 1835/1737/1 1703/1743/1
f 1821/1744/1 1835/1737/1 1820/1736/1
f 1821/1744/1 1834/1745/1 1835/1737/1
f 1822/1746/1 1834/1745/1 1821/1744/1
f 1822/1746/1 1833/1747/1 1834/1745/1
f 1823/1748/1 1833/1747/1 1822/1746/1
f 1823/1748/1 1832/1749/1 1833/1747/1
f 1824/1750/1 1832/1749/1 1823/1748/1
f 1824/1750/1 1831/1751/1 1832/1749/1
f 1825/1752/1 1831/1751/1 1824/1750/1
f 1825/1752/1 1830/1753/1 1831/1751/1
f 1826/1754/1 1830/1753/1 1825/1752/1
f 1826/1754/1 1829/1755/1 1830/1753/1
f 1827/1756/1 1829/1755/1 1826/1754/1
f 1827/1756/1 1828/1757/1 1829/1755/1
f 2315/839/1 2313/1758/1 2314/1759/1
f 2315/839/1 2312/1760/1 2313/1758/1
f 2316/1761/1 2312/1760/1 2315/839/1
f 2316/1761/1 2311/1762/1 2312/1760/1
f 2317/1763/1 2311/1762/1 2316/1761/1
f 2317/1763/1 2310/838/1 2311/1762/1
f 2318/1764/1 2310/838/1 2317/1763/1
f 2319/1765/1 2310/838/1 2318/1764/1
f 2319/1765/1 2309/1766/1 2310/838/1
f 2320/840/1 2309/1766/1 2319/1765/1
f 2320/840/1 2308/1767/1 2309/1766/1
f 2321/1768/1 2308/1767/1 2320/840/1
f 2322/1769/1 2308/1767/1 2321/1768/1
f 2322/1769/1 2307/1770/1 2308/1767/1
f 2323/1771/1 2307/1770/1 2322/1769/1
f 2324/1772/1 2307/1770/1 2323/1771/1
f 2324/1772/1 2306/1773/1 2307/1770/1
f 2325/64/1 2306/1773/1 2324/1772/1
f 2050/65/1 2306/1773/1 2325/64/1
f 2051/1774/1 2306/1773/1 2050/65/1
f 2051/1774/1 2305/837/1 2306/1773/1
f 2051/1774/1 2304/1775/1 2305/837/1
f 2051/1774/1 2303/1776/1 2304/1775/1
f 2051/1774/1 2302/1777/1 2303/1776/1
f 2051/1774/1 2301/1778/1 2302/1777/1
f 2275/16/1 2273/1779/1 2274/1780/1
f 2275/16/1 2272/1781/1 2273/1779/1
f 2276/1782/1 2272/1781/1 2275/16/1
f 2276/1782/1 2271/1783/1 2272/1781/1
f 2301/1778/1 2299/1784/1 2300/30/1
f 2277/1785/1 2271/1783/1 2276/1782/1
f 2051/1774/1 2299/1784/1 2301/1778/1
f 2277/1785/1 2270/640/1 2271/1783/1
f 2278/1786/1 2270/640/1 2277/1785/1
f 2278/1786/1 2269/1787/1 2270/640/1
f 2052/1788/1 2299/1784/1 2051/1774/1
f 2053/1789/1 2299/1784/1 2052/1788/1
f 2278/1786/1 2268/1790/1 2269/1787/1
f 2054/1791/1 2299/1784/1 2053/1789/1
f 2279/1792/1 2268/1790/1 2278/1786/1
f 2055/808/1 2299/1784/1 2054/1791/1
f 2056/1793/1 2299/1784/1 2055/808/1
f 2057/1794/1 2299/1784/1 2056/1793/1
f 2058/1795/1 2299/1784/1 2057/1794/1
f 2059/1796/1 2299/1784/1 2058/1795/1
f 2279/1792/1 2267/1797/1 2268/1790/1
f 2060/847/1 2299/1784/1 2059/1796/1
f 2061/1798/1 2299/1784/1 2060/847/1
f 2062/1799/1 2299/1784/1 2061/1798/1
f 2063/1800/1 2299/1784/1 2062/1799/1
f 2064/1801/1 2299/1784/1 2063/1800/1
f 2065/841/1 2299/1784/1 2064/1801/1
f 2066/1802/1 2299/1784/1 2065/841/1
f 2067/1803/1 2299/1784/1 2066/1802/1
f 2068/1804/1 2299/1784/1 2067/1803/1
f 2076/1805/1 2074/1806/1 2075/81/1
f 2068/1804/1 2298/1807/1 2299/1784/1
f 2069/1808/1 2298/1807/1 2068/1804/1
f 2076/1805/1 2073/1809/1 2074/1806/1
f 2070/846/1 2298/1807/1 2069/1808/1
f 2076/1805/1 2072/1810/1 2073/1809/1
f 2071/1811/1 2298/1807/1 2070/846/1
f 2076/1805/1 2071/1811/1 2072/1810/1
f 2076/1805/1 2298/1807/1 2071/1811/1
f 2280/831/1 2267/1797/1 2279/1792/1
f 2076/1805/1 2297/1812/1 2298/1807/1
f 2280/831/1 2266/1813/1 2267/1797/1
f 2076/1805/1 2296/1814/1 2297/1812/1
f 2076/1805/1 2295/836/1 2296/1814/1
f 2281/1815/1 2266/1813/1 2280/831/1
f 2076/1805/1 2294/1816/1 2295/836/1
f 2281/1815/1 2177/1817/1 2266/1813/1
f 2177/1817/1 2265/829/1 2266/1813/1
f 2076/1805/1 2293/1818/1 2294/1816/1
f 2076/1805/1 2292/1819/1 2293/1818/1
f 2281/1815/1 2176/1820/1 2177/1817/1
f 2178/1821/1 2265/829/1 2177/1817/1
f 2179/1822/1 2265/829/1 2178/1821/1
f 2282/1823/1 2176/1820/1 2281/1815/1
f 2282/1823/1 2175/51/1 2176/1820/1
f 2180/812/1 2265/829/1 2179/1822/1
f 2181/1824/1 2265/829/1 2180/812/1
f 2181/1824/1 2264/1825/1 2265/829/1
f 2076/1805/1 2077/1826/1 2292/1819/1
f 2077/1826/1 2291/1827/1 2292/1819/1
f 2282/1823/1 2174/1828/1 2175/51/1
f 2182/1829/1 2264/1825/1 2181/1824/1
f 2077/1826/1 2290/834/1 2291/1827/1
f 2183/1830/1 2264/1825/1 2182/1829/1
f 2282/1823/1 2173/1831/1 2174/1828/1
f 2077/1826/1 2289/1832/1 2290/834/1
f 2283/1833/1 2173/1831/1 2282/1823/1
f 2184/1834/1 2264/1825/1 2183/1830/1
f 2184/1834/1 2263/1835/1 2264/1825/1
f 2078/1836/1 2289/1832/1 2077/1826/1
f 2078/1836/1 2288/1837/1 2289/1832/1
f 2185/811/1 2263/1835/1 2184/1834/1
f 2283/1833/1 2172/1838/1 2173/1831/1
f 2078/1836/1 2287/1839/1 2288/1837/1
f 2186/1840/1 2263/1835/1 2185/811/1
f 2078/1836/1 2286/1841/1 2287/1839/1
f 2284/1842/1 2172/1838/1 2283/1833/1
f 2186/1840/1 2262/1843/1 2263/1835/1
f 2284/1842/1 2171/1844/1 2172/1838/1
f 2187/1845/1 2262/1843/1 2186/1840/1
f 2188/1846/1 2262/1843/1 2187/1845/1
f 2285/833/1 2171/1844/1 2284/1842/1
f 2285/833/1 2170/813/1 2171/1844/1
f 2188/1846/1 2261/1847/1 2262/1843/1
f 2189/1848/1 2261/1847/1 2188/1846/1
f 2286/1841/1 2170/813/1 2285/833/1
f 2286/1841/1 2169/1849/1 2170/813/1
f 2190/810/1 2261/1847/1 2189/1848/1
f 2190/810/1 2260/828/1 2261/1847/1
f 2078/1836/1 2169/1849/1 2286/1841/1
f 2078/1836/1 2168/1850/1 2169/1849/1
f 2191/1851/1 2260/828/1 2190/810/1
f 2191/1851/1 2259/1852/1 2260/828/1
f 2078/1836/1 2167/1853/1 2168/1850/1
f 2079/1854/1 2167/1853/1 2078/1836/1
f 2192/1855/1 2259/1852/1 2191/1851/1
f 2080/845/1 2167/1853/1 2079/1854/1
f 2080/845/1 2166/1856/1 2167/1853/1
f 2192/1855/1 2258/1857/1 2259/1852/1
f 2081/1858/1 2166/1856/1 2080/845/1
f 2193/1859/1 2258/1857/1 2192/1855/1
f 2081/1858/1 2165/814/1 2166/1856/1
f 2193/1859/1 2257/1860/1 2258/1857/1
f 2082/1861/1 2165/814/1 2081/1858/1
f 2082/1861/1 2164/1862/1 2165/814/1
f 2194/1863/1 2257/1860/1 2193/1859/1
f 2082/1861/1 2163/1864/1 2164/1862/1
f 2194/1863/1 2256/1865/1 2257/1860/1
f 2082/1861/1 2162/1866/1 2163/1864/1
f 2083/1867/1 2162/1866/1 2082/1861/1
f 2083/1867/1 2161/1868/1 2162/1866/1
f 2195/809/1 2256/1865/1 2194/1863/1
f 2083/1867/1 2160/636/1 2161/1868/1
f 2083/1867/1 2159/1869/1 2160/636/1
f 2195/809/1 2255/826/1 2256/1865/1
f 2084/1870/1 2103/1871/1 2083/1867/1
f 2103/1871/1 2159/1869/1 2083/1867/1
f 2103/1871/1 2158/1872/1 2159/1869/1
f 2084/1870/1 2102/1873/1 2103/1871/1
f 2104/1874/1 2158/1872/1 2103/1871/1
f 2104/1874/1 2157/1875/1 2158/1872/1
f 2196/1876/1 2255/826/1 2195/809/1
f 2104/1874/1 2156/1877/1 2157/1875/1
f 2085/844/1 2102/1873/1 2084/1870/1
f 2085/844/1 2101/1878/1 2102/1873/1
f 2196/1876/1 2254/1879/1 2255/826/1
f 2104/1874/1 2155/815/1 2156/1877/1
f 2104/1874/1 2154/1880/1 2155/815/1
f 2085/844/1 2100/82/1 2101/1878/1
f 2105/588/1 2154/1880/1 2104/1874/1
f 2197/1881/1 2254/1879/1 2196/1876/1
f 2105/588/1 2153/1882/1 2154/1880/1
f 2086/1883/1 2100/82/1 2085/844/1
f 2105/588/1 2152/1884/1 2153/1882/1
f 2197/1881/1 2253/1885/1 2254/1879/1
f 2086/1883/1 2099/1886/1 2100/82/1
f 2106/1887/1 2152/1884/1 2105/588/1
f 2198/1888/1 2253/1885/1 2197/1881/1
f 2106/1887/1 2151/1889/1 2152/1884/1
f 2087/1890/1 2099/1886/1 2086/1883/1
f 2087/1890/1 2098/1891/1 2099/1886/1
f 2198/1888/1 2252/1892/1 2253/1885/1
f 2107/1893/1 2151/1889/1 2106/1887/1
f 2107/1893/1 2150/53/1 2151/1889/1
f 2087/1890/1 2097/1894/1 2098/1891/1
f 2088/1895/1 2097/1894/1 2087/1890/1
f 2199/1896/1 2252/1892/1 2198/1888/1
f 2108/1897/1 2150/53/1 2107/1893/1
f 2108/1897/1 2149/1898/1 2150/53/1
f 2199/1896/1 2251/1899/1 2252/1892/1
f 2088/1895/1 2096/1900/1 2097/1894/1
f 2089/1901/1 2096/1900/1 2088/1895/1
f 2109/1902/1 2149/1898/1 2108/1897/1
f 2109/1902/1 2148/1903/1 2149/1898/1
f 2200/35/1 2251/1899/1 2199/1896/1
f 2089/1901/1 2095/842/1 2096/1900/1
f 2090/843/1 2095/842/1 2089/1901/1
f 2200/35/1 2250/2/1 2251/1899/1
f 2110/835/1 2148/1903/1 2109/1902/1
f 2227/1904/1 2225/17/1 2226/1905/1
f 2110/835/1 2147/1906/1 2148/1903/1
f 2090/843/1 2094/1907/1 2095/842/1
f 2228/1908/1 2225/17/1 2227/1904/1
f 2091/1909/1 2094/1907/1 2090/843/1
f 2201/1910/1 2250/2/1 2200/35/1
f 2111/1911/1 2147/1906/1 2110/835/1
f 2111/1911/1 2146/1912/1 2147/1906/1
f 2201/1910/1 2249/1913/1 2250/2/1
f 2229/1914/1 2225/17/1 2228/1908/1
f 2091/1909/1 2093/1915/1 2094/1907/1
f 2201/1910/1 2248/1916/1 2249/1913/1
f 2230/820/1 2225/17/1 2229/1914/1
f 2112/1917/1 2146/1912/1 2111/1911/1
f 2201/1910/1 2247/1918/1 2248/1916/1
f 2112/1917/1 2145/818/1 2146/1912/1
f 2202/1919/1 2247/1918/1 2201/1910/1
f 2202/1919/1 2246/1920/1 2247/1918/1
f 2231/1921/1 2225/17/1 2230/820/1
f 2091/1909/1 2092/1922/1 2093/1915/1
f 2202/1919/1 2245/824/1 2246/1920/1
f 2232/1923/1 2225/17/1 2231/1921/1
f 2113/1924/1 2145/818/1 2112/1917/1
f 2113/1924/1 2144/1925/1 2145/818/1
f 2202/1919/1 2244/1926/1 2245/824/1
f 2233/1927/1 2225/17/1 2232/1923/1
f 2203/1928/1 2244/1926/1 2202/1919/1
f 2203/1928/1 2243/1929/1 2244/1926/1
f 2234/1930/1 2225/17/1 2233/1927/1
f 2203/1928/1 2242/1931/1 2243/1929/1
f 2235/822/1 2225/17/1 2234/1930/1
f 2203/1928/1 2241/1932/1 2242/1931/1
f 2114/1933/1 2144/1925/1 2113/1924/1
f 2114/1933/1 2143/1934/1 2144/1925/1
f 2236/1935/1 2225/17/1 2235/822/1
f 2203/1928/1 2240/823/1 2241/1932/1
f 2237/1936/1 2225/17/1 2236/1935/1
f 2203/1928/1 2239/1937/1 2240/823/1
f 2204/1938/1 2239/1937/1 2203/1928/1
f 2238/1939/1 2225/17/1 2237/1936/1
f 2204/1938/1 2238/1939/1 2239/1937/1
f 2204/1938/1 2225/17/1 2238/1939/1
f 2204/1938/1 2224/1940/1 2225/17/1
f 2115/832/1 2143/1934/1 2114/1933/1
f 2115/832/1 2142/1941/1 2143/1934/1
f 2205/816/1 2224/1940/1 2204/1938/1
f 2205/816/1 2223/1942/1 2224/1940/1
f 2205/816/1 2222/1943/1 2223/1942/1
f 2206/1944/1 2222/1943/1 2205/816/1
f 2115/832/1 2141/1945/1 2142/1941/1
f 2116/1946/1 2141/1945/1 2115/832/1
f 2206/1944/1 2221/1947/1 2222/1943/1
f 2207/1948/1 2221/1947/1 2206/1944/1
f 2207/1948/1 2220/819/1 2221/1947/1
f 2208/1949/1 2220/819/1 2207/1948/1
f 2116/1946/1 2140/821/1 2141/1945/1
f 2208/1949/1 2219/1950/1 2220/819/1
f 2117/1951/1 2140/821/1 2116/1946/1
f 2117/1951/1 2139/1952/1 2140/821/1
f 2118/1953/1 2139/1952/1 2117/1951/1
f 2209/1954/1 2219/1950/1 2208/1949/1
f 2209/1954/1 2218/1955/1 2219/1950/1
f 2118/1953/1 2138/1956/1 2139/1952/1
f 2119/1957/1 2138/1956/1 2118/1953/1
f 2119/1957/1 2137/1958/1 2138/1956/1
f 2209/1954/1 2217/1959/1 2218/1955/1
f 2120/830/1 2137/1958/1 2119/1957/1
f 2210/817/1 2217/1959/1 2209/1954/1
f 2120/830/1 2136/1960/1 2137/1958/1
f 2210/817/1 2216/1961/1 2217/1959/1
f 2121/1962/1 2136/1960/1 2120/830/1
f 2211/1963/1 2216/1961/1 2210/817/1
f 2211/1963/1 2215/694/1 2216/1961/1
f 2121/1962/1 2135/825/1 2136/1960/1
f 2122/1964/1 2135/825/1 2121/1962/1
f 2212/1965/1 2215/694/1 2211/1963/1
f 2212/1965/1 2214/1966/1 2215/694/1
f 2213/1967/1 2214/1966/1 2212/1965/1
f 2122/1964/1 2134/1968/1 2135/825/1
f 2123/1969/1 2134/1968/1 2122/1964/1
f 2123/1969/1 2133/1970/1 2134/1968/1
f 2124/1971/1 2133/1970/1 2123/1969/1
f 2124/1971/1 2132/1972/1 2133/1970/1
f 2125/67/1 2132/1972/1 2124/1971/1
f 2125/67/1 2131/1973/1 2132/1972/1
f 2126/1974/1 2131/1973/1 2125/67/1
f 2126/1974/1 2130/827/1 2131/1973/1
f 2127/1975/1 2130/827/1 2126/1974/1
f 2127/1975/1 2129/1976/1 2130/827/1
f 2128/1977/1 2129/1976/1 2127/1975/1
f 2516/1978/1 2514/1979/1 2515/1980/1
f 2516/1978/1 2513/1981/1 2514/1979/1
f 2517/1982/1 2513/1981/1 2516/1978/1
f 2517/1982/1 2512/1983/1 2513/1981/1
f 2518/1984/1 2512/1983/1 2517/1982/1
f 2518/1984/1 2511/1985/1 2512/1983/1
f 2519/1986/1 2511/1985/1 2518/1984/1
f 2519/1986/1 2510/1987/1 2511/1985/1
f 2520/1988/1 2510/1987/1 2519/1986/1
f 2520/1988/1 2509/1989/1 2510/1987/1
f 2521/1990/1 2509/1989/1 2520/1988/1
f 2521/1990/1 2508/1991/1 2509/1989/1
f 2522/1992/1 2508/1991/1 2521/1990/1
f 2523/1993/1 2508/1991/1 2522/1992/1
f 2523/1993/1 2507/1994/1 2508/1991/1
f 2524/1995/1 2507/1994/1 2523/1993/1
f 2524/1995/1 2506/1996/1 2507/1994/1
f 2525/1997/1 2506/1996/1 2524/1995/1
f 2525/1997/1 2505/1998/1 2506/1996/1
f 2525/1997/1 2504/1999/1 2505/1998/1
f 2526/2000/1 2504/1999/1 2525/1997/1
f 2526/2000/1 2503/2001/1 2504/1999/1
f 2527/2002/1 2503/2001/1 2526/2000/1
f 2527/2002/1 2502/2003/1 2503/2001/1
f 2528/2004/1 2502/2003/1 2527/2002/1
f 2528/2004/1 2501/2005/1 2502/2003/1
f 2528/2004/1 2500/2006/1 2501/2005/1
f 2528/2004/1 2499/2007/1 2500/2006/1
f 2528/2004/1 2498/2008/1 2499/2007/1
f 2528/2004/1 2497/2009/1 2498/2008/1
f 2528/2004/1 2496/2010/1 2497/2009/1
f 2528/2004/1 2495/2011/1 2496/2010/1
f 2528/2004/1 2494/2012/1 2495/2011/1
f 2528/2004/1 2493/2013/1 2494/2012/1
f 2528/2004/1 2492/2014/1 2493/2013/1
f 2528/2004/1 2491/2015/1 2492/2014/1
f 2528/2004/1 2490/2016/1 2491/2015/1
f 2528/2004/1 2489/2017/1 2490/2016/1
f 2528/2004/1 2488/2018/1 2489/2017/1
f 2529/2019/1 2488/2018/1 2528/2004/1
f 2529/2019/1 2487/2020/1 2488/2018/1
f 2530/2021/1 2487/2020/1 2529/2019/1
f 2531/2022/1 2487/2020/1 2530/2021/1
f 2532/2023/1 2487/2020/1 2531/2022/1
f 2533/2024/1 2487/2020/1 2532/2023/1
f 2534/2025/1 2487/2020/1 2533/2024/1
f 2535/2026/1 2487/2020/1 2534/2025/1
f 2536/2027/1 2487/2020/1 2535/2026/1
f 2537/2028/1 2487/2020/1 2536/2027/1
f 2538/2029/1 2487/2020/1 2537/2028/1
f 2539/64/1 2487/2020/1 2538/2029/1
f 2374/2030/1 2487/2020/1 2539/64/1
f 2375/2031/1 2376/2032/1 2374/2030/1
f 2376/2032/1 2377/2033/1 2374/2030/1
f 2377/2033/1 2378/2034/1 2374/2030/1
f 2378/2034/1 2379/2035/1 2374/2030/1
f 2379/2035/1 2380/2036/1 2374/2030/1
f 2380/2036/1 2381/2037/1 2374/2030/1
f 2381/2037/1 2382/2038/1 2374/2030/1
f 2382/2038/1 2383/2039/1 2374/2030/1
f 2383/2039/1 2384/2040/1 2374/2030/1
f 2384/2040/1 2385/2041/1 2374/2030/1
f 2385/2041/1 2386/2042/1 2374/2030/1
f 2386/2042/1 2474/2043/1 2374/2030/1
f 2474/2043/1 2475/2044/1 2374/2030/1
f 2475/2044/1 2476/2045/1 2374/2030/1
f 2476/2045/1 2477/2046/1 2374/2030/1
f 2477/2046/1 2478/2047/1 2374/2030/1
f 2478/2047/1 2479/2048/1 2374/2030/1
f 2479/2048/1 2480/2049/1 2374/2030/1
f 2480/2049/1 2481/2050/1 2374/2030/1
f 2481/2050/1 2482/2051/1 2374/2030/1
f 2482/2051/1 2483/2052/1 2374/2030/1
f 2483/2052/1 2484/2053/1 2374/2030/1
f 2484/2053/1 2485/2054/1 2374/2030/1
f 2485/2054/1 2486/2055/1 2374/2030/1
f 2486/2055/1 2487/2020/1 2374/2030/1
f 2386/2042/1 2387/2056/1 2474/2043/1
f 2387/2056/1 2473/2057/1 2474/2043/1
f 2388/2058/1 2473/2057/1 2387/2056/1
f 2401/2059/1 2399/2060/1 2400/2061/1
f 2401/2059/1 2398/2062/1 2399/2060/1
f 2401/2059/1 2397/307/1 2398/2062/1
f 2401/2059/1 2396/2063/1 2397/307/1
f 2401/2059/1 2395/2064/1 2396/2063/1
f 2402/2065/1 2395/2064/1 2401/2059/1
f 2402/2065/1 2394/2066/1 2395/2064/1
f 2402/2065/1 2393/2067/1 2394/2066/1
f 2402/2065/1 2392/2068/1 2393/2067/1
f 2402/2065/1 2391/2069/1 2392/2068/1
f 2403/2070/1 2391/2069/1 2402/2065/1
f 2403/2070/1 2390/2071/1 2391/2069/1
f 2403/2070/1 2389/2072/1 2390/2071/1
f 2403/2070/1 2388/2058/1 2389/2072/1
f 2403/2070/1 2473/2057/1 2388/2058/1
f 2404/2073/1 2473/2057/1 2403/2070/1
f 2405/2074/1 2473/2057/1 2404/2073/1
f 2406/2075/1 2473/2057/1 2405/2074/1
f 2407/2076/1 2362/2077/1 2406/2075/1
f 2362/2077/1 2363/2078/1 2406/2075/1
f 2363/2078/1 2473/2057/1 2406/2075/1
f 2408/2079/1 2361/2080/1 2407/2076/1
f 2361/2080/1 2362/2077/1 2407/2076/1
f 2364/2081/1 2473/2057/1 2363/2078/1
f 2408/2079/1 2360/2082/1 2361/2080/1
f 2365/2083/1 2473/2057/1 2364/2081/1
f 2408/2079/1 2359/2084/1 2360/2082/1
f 2366/2085/1 2473/2057/1 2365/2083/1
f 2367/2086/1 2473/2057/1 2366/2085/1
f 2367/2086/1 2472/2087/1 2473/2057/1
f 2408/2079/1 2358/2088/1 2359/2084/1
f 2368/2089/1 2472/2087/1 2367/2086/1
f 2408/2079/1 2357/2090/1 2358/2088/1
f 2369/2091/1 2472/2087/1 2368/2089/1
f 2369/2091/1 2471/2092/1 2472/2087/1
f 2409/2093/1 2357/2090/1 2408/2079/1
f 2409/2093/1 2356/2094/1 2357/2090/1
f 2370/2095/1 2471/2092/1 2369/2091/1
f 2370/2095/1 2470/2096/1 2471/2092/1
f 2371/2097/1 2470/2096/1 2370/2095/1
f 2409/2093/1 2355/2098/1 2356/2094/1
f 2371/2097/1 2469/2099/1 2470/2096/1
f 2372/2100/1 2469/2099/1 2371/2097/1
f 2410/2101/1 2355/2098/1 2409/2093/1
f 2410/2101/1 2354/2102/1 2355/2098/1
f 2373/2103/1 2469/2099/1 2372/2100/1
f 2373/2103/1 2468/354/1 2469/2099/1
f 2410/2101/1 2353/2104/1 2354/2102/1
f 2326/65/1 2468/354/1 2373/2103/1
f 2326/65/1 2467/2105/1 2468/354/1
f 2411/2106/1 2353/2104/1 2410/2101/1
f 2411/2106/1 2352/2107/1 2353/2104/1
f 2327/2108/1 2467/2105/1 2326/65/1
f 2327/2108/1 2466/2109/1 2467/2105/1
f 2411/2106/1 2351/2110/1 2352/2107/1
f 2327/2108/1 2465/2111/1 2466/2109/1
f 2412/2112/1 2351/2110/1 2411/2106/1
f 2328/2113/1 2465/2111/1 2327/2108/1
f 2328/2113/1 2464/2114/1 2465/2111/1
f 2412/2112/1 2350/2115/1 2351/2110/1
f 2328/2113/1 2463/2116/1 2464/2114/1
f 2412/2112/1 2349/2117/1 2350/2115/1
f 2413/2118/1 2349/2117/1 2412/2112/1
f 2329/2119/1 2463/2116/1 2328/2113/1
f 2329/2119/1 2462/2120/1 2463/2116/1
f 2413/2118/1 2348/2121/1 2349/2117/1
f 2329/2119/1 2461/2122/1 2462/2120/1
f 2330/2123/1 2461/2122/1 2329/2119/1
f 2414/2124/1 2348/2121/1 2413/2118/1
f 2414/2124/1 2347/2125/1 2348/2121/1
f 2330/2123/1 2460/2126/1 2461/2122/1
f 2331/2127/1 2460/2126/1 2330/2123/1
f 2414/2124/1 2346/2128/1 2347/2125/1
f 2332/2129/1 2460/2126/1 2331/2127/1
f 2415/2130/1 2346/2128/1 2414/2124/1
f 2415/2130/1 2345/2131/1 2346/2128/1
f 2332/2129/1 2459/2132/1 2460/2126/1
f 2415/2130/1 2344/2133/1 2345/2131/1
f 2333/2134/1 2459/2132/1 2332/2129/1
f 2415/2130/1 2343/2135/1 2344/2133/1
f 2416/2136/1 2343/2135/1 2415/2130/1
f 2334/2137/1 2459/2132/1 2333/2134/1
f 2416/2136/1 2342/2138/1 2343/2135/1
f 2335/2139/1 2459/2132/1 2334/2137/1
f 2416/2136/1 2341/2140/1 2342/2138/1
f 2336/2141/1 2459/2132/1 2335/2139/1
f 2416/2136/1 2340/2142/1 2341/2140/1
f 2417/2143/1 2340/2142/1 2416/2136/1
f 2337/2144/1 2459/2132/1 2336/2141/1
f 2417/2143/1 2339/2145/1 2340/2142/1
f 2337/2144/1 2458/2146/1 2459/2132/1
f 2338/2147/1 2458/2146/1 2337/2144/1
f 2417/2143/1 2338/2147/1 2339/2145/1
f 2417/2143/1 2458/2146/1 2338/2147/1
f 2418/2148/1 2458/2146/1 2417/2143/1
f 2419/2149/1 2458/2146/1 2418/2148/1
f 2419/2149/1 2436/2150/1 2458/2146/1
f 2436/2150/1 2457/2151/1 2458/2146/1
f 2420/2152/1 2436/2150/1 2419/2149/1
f 2420/2152/1 2435/2153/1 2436/2150/1
f 2437/2154/1 2457/2151/1 2436/2150/1
f 2420/2152/1 2434/2155/1 2435/2153/1
f 2421/2156/1 2434/2155/1 2420/2152/1
f 2421/2156/1 2433/2157/1 2434/2155/1
f 2421/2156/1 2432/2158/1 2433/2157/1
f 2421/2156/1 2431/2159/1 2432/2158/1
f 2422/2160/1 2431/2159/1 2421/2156/1
f 2422/2160/1 2430/2161/1 2431/2159/1
f 2422/2160/1 2429/2162/1 2430/2161/1
f 2438/2163/1 2457/2151/1 2437/2154/1
f 2423/2164/1 2429/2162/1 2422/2160/1
f 2423/2164/1 2428/2165/1 2429/2162/1
f 2423/2164/1 2427/2166/1 2428/2165/1
f 2438/2163/1 2456/2167/1 2457/2151/1
f 2423/2164/1 2426/2168/1 2427/2166/1
f 2424/2169/1 2426/2168/1 2423/2164/1
f 2424/2169/1 2425/2170/1 2426/2168/1
f 2439/2171/1 2456/2167/1 2438/2163/1
f 2439/2171/1 2455/2172/1 2456/2167/1
f 2440/2173/1 2455/2172/1 2439/2171/1
f 2441/2174/1 2455/2172/1 2440/2173/1
f 2441/2174/1 2454/2175/1 2455/2172/1
f 2442/2176/1 2454/2175/1 2441/2174/1
f 2443/2177/1 2454/2175/1 2442/2176/1
f 2443/2177/1 2453/2178/1 2454/2175/1
f 2444/2179/1 2453/2178/1 2443/2177/1
f 2445/2180/1 2453/2178/1 2444/2179/1
f 2446/2181/1 2453/2178/1 2445/2180/1
f 2446/2181/1 2452/2182/1 2453/2178/1
f 2447/2183/1 2452/2182/1 2446/2181/1
f 2448/2184/1 2452/2182/1 2447/2183/1
f 2448/2184/1 2451/2185/1 2452/2182/1
f 2449/2186/1 2451/2185/1 2448/2184/1
f 2449/2186/1 2450/2187/1 2451/2185/1
f 2793/2188/1 2791/2189/1 2792/2190/1
f 2793/2188/1 2790/2191/1 2791/2189/1
f 2553/2192/1 2567/2193/1 2552/2194/1
f 2553/2192/1 2566/2195/1 2567/2193/1
f 2555/2196/1 2553/2192/1 2554/2197/1
f 2555/2196/1 2566/2195/1 2553/2192/1
f 2555/2196/1 2565/2198/1 2566/2195/1
f 2555/2196/1 2564/2199/1 2565/2198/1
f 2556/2200/1 2564/2199/1 2555/2196/1
f 2557/2201/1 2563/2202/1 2556/2200/1
f 2563/2202/1 2564/2199/1 2556/2200/1
f 2557/2201/1 2562/2203/1 2563/2202/1
f 2559/2204/1 2548/2205/1 2558/2206/1
f 2548/2205/1 2557/2201/1 2558/2206/1
f 2548/2205/1 2562/2203/1 2557/2201/1
f 2548/2205/1 2561/2207/1 2562/2203/1
f 2548/2205/1 2549/2208/1 2561/2207/1
f 2549/2208/1 2544/2209/1 2561/2207/1
f 2544/2209/1 2545/2210/1 2561/2207/1
f 2545/2210/1 2540/65/1 2561/2207/1
f 2540/65/1 2541/2211/1 2561/2207/1
f 2541/2211/1 2560/2212/1 2561/2207/1
f 2795/2213/1 2793/2188/1 2794/2214/1
f 2795/2213/1 2790/2191/1 2793/2188/1
f 2795/2213/1 2789/2215/1 2790/2191/1
f 2795/2213/1 2788/2216/1 2789/2215/1
f 2559/2204/1 2551/2217/1 2548/2205/1
f 2550/2218/1 2544/2209/1 2549/2208/1
f 2550/2218/1 2547/2219/1 2544/2209/1
f 2546/2220/1 2540/65/1 2545/2210/1
f 2546/2220/1 2543/2221/1 2540/65/1
f 2542/2222/1 2560/2212/1 2541/2211/1
f 2796/2223/1 2788/2216/1 2795/2213/1
f 2797/2224/1 2787/2225/1 2796/2223/1
f 2787/2225/1 2788/2216/1 2796/2223/1
f 2797/2224/1 2786/2226/1 2787/2225/1
f 2559/2204/1 2550/2218/1 2551/2217/1
f 2559/2204/1 2547/2219/1 2550/2218/1
f 2559/2204/1 2546/2220/1 2547/2219/1
f 2559/2204/1 2543/2221/1 2546/2220/1
f 2559/2204/1 2542/2222/1 2543/2221/1
f 2559/2204/1 2560/2212/1 2542/2222/1
f 2771/2227/1 2769/2228/1 2770/2229/1
f 2771/2227/1 2768/2230/1 2769/2228/1
f 2771/2227/1 2767/2231/1 2768/2230/1
f 2771/2227/1 2766/2232/1 2767/2231/1
f 2772/2233/1 2766/2232/1 2771/2227/1
f 2772/2233/1 2765/2234/1 2766/2232/1
f 2773/2235/1 2765/2234/1 2772/2233/1
f 2774/2236/1 2765/2234/1 2773/2235/1
f 2774/2236/1 2764/2237/1 2765/2234/1
f 2775/2238/1 2764/2237/1 2774/2236/1
f 2775/2238/1 2763/2239/1 2764/2237/1
f 2776/2240/1 2763/2239/1 2775/2238/1
f 2777/2241/1 2763/2239/1 2776/2240/1
f 2777/2241/1 2762/2242/1 2763/2239/1
f 2778/2243/1 2762/2242/1 2777/2241/1
f 2778/2243/1 2761/2244/1 2762/2242/1
f 2779/2245/1 2761/2244/1 2778/2243/1
f 2780/2246/1 2761/2244/1 2779/2245/1
f 2780/2246/1 2760/2247/1 2761/2244/1
f 2781/2248/1 2760/2247/1 2780/2246/1
f 2781/2248/1 2759/2249/1 2760/2247/1
f 2782/2250/1 2759/2249/1 2781/2248/1
f 2782/2250/1 2758/2251/1 2759/2249/1
f 2783/2252/1 2758/2251/1 2782/2250/1
f 2785/2253/1 2783/2252/1 2784/2254/1
f 2785/2253/1 2758/2251/1 2783/2252/1
f 2785/2253/1 2757/2255/1 2758/2251/1
f 2785/2253/1 2756/2256/1 2757/2255/1
f 2786/2226/1 2582/2257/1 2785/2253/1
f 2582/2257/1 2756/2256/1 2785/2253/1
f 2786/2226/1 2581/2258/1 2582/2257/1
f 2583/2259/1 2756/2256/1 2582/2257/1
f 2584/2260/1 2755/2261/1 2583/2259/1
f 2755/2261/1 2756/2256/1 2583/2259/1
f 2584/2260/1 2754/2262/1 2755/2261/1
f 2584/2260/1 2753/2263/1 2754/2262/1
f 2732/2264/1 2730/2265/1 2731/2266/1
f 2585/2267/1 2753/2263/1 2584/2260/1
f 2733/2268/1 2730/2265/1 2732/2264/1
f 2585/2267/1 2682/2269/1 2753/2263/1
f 2682/2269/1 2752/2270/1 2753/2263/1
f 2797/2224/1 2581/2258/1 2786/2226/1
f 2585/2267/1 2681/2271/1 2682/2269/1
f 2683/2272/1 2752/2270/1 2682/2269/1
f 2734/2273/1 2730/2265/1 2733/2268/1
f 2586/2274/1 2681/2271/1 2585/2267/1
f 2683/2272/1 2751/2275/1 2752/2270/1
f 2586/2274/1 2680/2276/1 2681/2271/1
f 2735/2277/1 2730/2265/1 2734/2273/1
f 2586/2274/1 2679/2278/1 2680/2276/1
f 2683/2272/1 2750/2279/1 2751/2275/1
f 2586/2274/1 2678/2280/1 2679/2278/1
f 2736/2281/1 2730/2265/1 2735/2277/1
f 2587/2282/1 2678/2280/1 2586/2274/1
f 2683/2272/1 2749/2283/1 2750/2279/1
f 2587/2282/1 2677/2284/1 2678/2280/1
f 2797/2224/1 2580/2285/1 2581/2258/1
f 2798/2286/1 2580/2285/1 2797/2224/1
f 2737/2287/1 2730/2265/1 2736/2281/1
f 2737/2287/1 2729/2288/1 2730/2265/1
f 2587/2282/1 2676/2289/1 2677/2284/1
f 2799/2290/1 2580/2285/1 2798/2286/1
f 2683/2272/1 2748/2291/1 2749/2283/1
f 2684/2292/1 2748/2291/1 2683/2272/1
f 2588/2293/1 2676/2289/1 2587/2282/1
f 2800/2294/1 2580/2285/1 2799/2290/1
f 2588/2293/1 2675/2295/1 2676/2289/1
f 2738/2296/1 2729/2288/1 2737/2287/1
f 2738/2296/1 2728/2297/1 2729/2288/1
f 2800/2294/1 2579/2298/1 2580/2285/1
f 2801/2299/1 2579/2298/1 2800/2294/1
f 2588/2293/1 2674/41/1 2675/2295/1
f 2684/2292/1 2747/2300/1 2748/2291/1
f 2739/2301/1 2728/2297/1 2738/2296/1
f 2802/2302/1 2579/2298/1 2801/2299/1
f 2739/2301/1 2727/2303/1 2728/2297/1
f 2802/2302/1 2578/2304/1 2579/2298/1
f 2588/2293/1 2673/2305/1 2674/41/1
f 2589/2306/1 2673/2305/1 2588/2293/1
f 2803/2307/1 2578/2304/1 2802/2302/1
f 2684/2292/1 2746/2308/1 2747/2300/1
f 2589/2306/1 2672/2309/1 2673/2305/1
f 2804/2310/1 2578/2304/1 2803/2307/1
f 2740/2311/1 2727/2303/1 2739/2301/1
f 2740/2311/1 2726/2312/1 2727/2303/1
f 2805/2313/1 2578/2304/1 2804/2310/1
f 2805/2313/1 2577/2314/1 2578/2304/1
f 2589/2306/1 2671/2315/1 2672/2309/1
f 2684/2292/1 2745/2316/1 2746/2308/1
f 2806/2317/1 2577/2314/1 2805/2313/1
f 2590/2318/1 2671/2315/1 2589/2306/1
f 2741/1/1 2726/2312/1 2740/2311/1
f 2741/1/1 2725/2319/1 2726/2312/1
f 2590/2318/1 2670/2320/1 2671/2315/1
f 2685/2321/1 2745/2316/1 2684/2292/1
f 2807/2322/1 2577/2314/1 2806/2317/1
f 2808/64/1 2577/2314/1 2807/2322/1
f 2685/2321/1 2744/2323/1 2745/2316/1
f 2808/64/1 2576/2324/1 2577/2314/1
f 2742/2325/1 2725/2319/1 2741/1/1
f 2590/2318/1 2619/2326/1 2670/2320/1
f 2619/2326/1 2669/2327/1 2670/2320/1
f 2742/2325/1 2724/2328/1 2725/2319/1
f 2568/2329/1 2576/2324/1 2808/64/1
f 2569/2330/1 2576/2324/1 2568/2329/1
f 2591/2331/1 2619/2326/1 2590/2318/1
f 2685/2321/1 2743/2332/1 2744/2323/1
f 2743/2332/1 2724/2328/1 2742/2325/1
f 2743/2332/1 2723/2333/1 2724/2328/1
f 2569/2330/1 2575/2334/1 2576/2324/1
f 2685/2321/1 2723/2333/1 2743/2332/1
f 2685/2321/1 2722/2335/1 2723/2333/1
f 2592/2336/1 2619/2326/1 2591/2331/1
f 2569/2330/1 2574/2337/1 2575/2334/1
f 2686/2338/1 2722/2335/1 2685/2321/1
f 2686/2338/1 2721/2339/1 2722/2335/1
f 2569/2330/1 2573/2340/1 2574/2337/1
f 2593/2341/1 2619/2326/1 2592/2336/1
f 2686/2338/1 2720/2342/1 2721/2339/1
f 2569/2330/1 2572/2343/1 2573/2340/1
f 2686/2338/1 2719/2344/1 2720/2342/1
f 2593/2341/1 2618/2345/1 2619/2326/1
f 2620/2346/1 2669/2327/1 2619/2326/1
f 2594/2347/1 2618/2345/1 2593/2341/1
f 2594/2347/1 2617/2348/1 2618/2345/1
f 2686/2338/1 2718/2349/1 2719/2344/1
f 2569/2330/1 2571/2350/1 2572/2343/1
f 2687/2351/1 2718/2349/1 2686/2338/1
f 2594/2347/1 2616/2352/1 2617/2348/1
f 2595/2353/1 2616/2352/1 2594/2347/1
f 2687/2351/1 2717/2354/1 2718/2349/1
f 2569/2330/1 2570/2355/1 2571/2350/1
f 2595/2353/1 2615/2356/1 2616/2352/1
f 2596/2357/1 2615/2356/1 2595/2353/1
f 2687/2351/1 2716/2358/1 2717/2354/1
f 2596/2357/1 2614/2359/1 2615/2356/1
f 2597/2360/1 2614/2359/1 2596/2357/1
f 2598/2361/1 2614/2359/1 2597/2360/1
f 2598/2361/1 2613/2362/1 2614/2359/1
f 2599/2363/1 2613/2362/1 2598/2361/1
f 2687/2351/1 2715/2364/1 2716/2358/1
f 2688/2365/1 2715/2364/1 2687/2351/1
f 2599/2363/1 2612/2366/1 2613/2362/1
f 2600/2367/1 2612/2366/1 2599/2363/1
f 2601/2368/1 2612/2366/1 2600/2367/1
f 2601/2368/1 2611/2369/1 2612/2366/1
f 2688/2365/1 2714/2370/1 2715/2364/1
f 2602/2371/1 2611/2369/1 2601/2368/1
f 2602/2371/1 2610/2372/1 2611/2369/1
f 2603/2373/1 2610/2372/1 2602/2371/1
f 2603/2373/1 2609/2374/1 2610/2372/1
f 2604/2375/1 2609/2374/1 2603/2373/1
f 2688/2365/1 2713/2376/1 2714/2370/1
f 2669/2327/1 2667/2377/1 2668/2378/1
f 2605/2379/1 2609/2374/1 2604/2375/1
f 2605/2379/1 2608/2380/1 2609/2374/1
f 2689/2381/1 2713/2376/1 2688/2365/1
f 2669/2327/1 2666/2382/1 2667/2377/1
f 2606/2383/1 2608/2380/1 2605/2379/1
f 2689/2381/1 2712/2384/1 2713/2376/1
f 2606/2383/1 2607/70/1 2608/2380/1
f 2669/2327/1 2665/2385/1 2666/2382/1
f 2669/2327/1 2664/2386/1 2665/2385/1
f 2689/2381/1 2711/2387/1 2712/2384/1
f 2621/2388/1 2669/2327/1 2620/2346/1
f 2669/2327/1 2663/2389/1 2664/2386/1
f 2669/2327/1 2662/2390/1 2663/2389/1
f 2689/2381/1 2710/2391/1 2711/2387/1
f 2690/2392/1 2710/2391/1 2689/2381/1
f 2622/2393/1 2669/2327/1 2621/2388/1
f 2669/2327/1 2661/2394/1 2662/2390/1
f 2669/2327/1 2660/2395/1 2661/2394/1
f 2690/2392/1 2709/2396/1 2710/2391/1
f 2623/2397/1 2669/2327/1 2622/2393/1
f 2669/2327/1 2659/2398/1 2660/2395/1
f 2690/2392/1 2708/2399/1 2709/2396/1
f 2669/2327/1 2658/2400/1 2659/2398/1
f 2624/2401/1 2669/2327/1 2623/2397/1
f 2669/2327/1 2657/2402/1 2658/2400/1
f 2624/2401/1 2657/2402/1 2669/2327/1
f 2690/2392/1 2707/2403/1 2708/2399/1
f 2691/2404/1 2707/2403/1 2690/2392/1
f 2624/2401/1 2656/2405/1 2657/2402/1
f 2625/2406/1 2656/2405/1 2624/2401/1
f 2691/2404/1 2706/2407/1 2707/2403/1
f 2625/2406/1 2655/2408/1 2656/2405/1
f 2626/2409/1 2655/2408/1 2625/2406/1
f 2691/2404/1 2705/2410/1 2706/2407/1
f 2691/2404/1 2704/2411/1 2705/2410/1
f 2627/2412/1 2655/2408/1 2626/2409/1
f 2691/2404/1 2703/2413/1 2704/2411/1
f 2627/2412/1 2654/2414/1 2655/2408/1
f 2692/2415/1 2703/2413/1 2691/2404/1
f 2628/2416/1 2654/2414/1 2627/2412/1
f 2692/2415/1 2702/2417/1 2703/2413/1
f 2629/2418/1 2654/2414/1 2628/2416/1
f 2692/2415/1 2701/2419/1 2702/2417/1
f 2630/2420/1 2654/2414/1 2629/2418/1
f 2692/2415/1 2700/2421/1 2701/2419/1
f 2631/2422/1 2654/2414/1 2630/2420/1
f 2631/2422/1 2653/2423/1 2654/2414/1
f 2632/2424/1 2653/2423/1 2631/2422/1
f 2692/2415/1 2699/2425/1 2700/2421/1
f 2633/2426/1 2653/2423/1 2632/2424/1
f 2693/2427/1 2699/2425/1 2692/2415/1
f 2634/2428/1 2653/2423/1 2633/2426/1
f 2693/2427/1 2698/2429/1 2699/2425/1
f 2634/2428/1 2652/2430/1 2653/2423/1
f 2635/2431/1 2652/2430/1 2634/2428/1
f 2693/2427/1 2697/2432/1 2698/2429/1
f 2636/2433/1 2652/2430/1 2635/2431/1
f 2636/2433/1 2651/2434/1 2652/2430/1
f 2637/2435/1 2651/2434/1 2636/2433/1
f 2693/2427/1 2696/2436/1 2697/2432/1
f 2694/2437/1 2695/2438/1 2693/2427/1
f 2695/2438/1 2696/2436/1 2693/2427/1
f 2638/2439/1 2651/2434/1 2637/2435/1
f 2638/2439/1 2650/2440/1 2651/2434/1
f 2639/2441/1 2650/2440/1 2638/2439/1
f 2639/2441/1 2649/2442/1 2650/2440/1
f 2640/2443/1 2649/2442/1 2639/2441/1
f 2641/2444/1 2649/2442/1 2640/2443/1
f 2641/2444/1 2648/2445/1 2649/2442/1
f 2642/2446/1 2648/2445/1 2641/2444/1
f 2642/2446/1 2647/2447/1 2648/2445/1
f 2642/2446/1 2646/2448/1 2647/2447/1
f 2643/2449/1 2646/2448/1 2642/2446/1
f 2643/2449/1 2645/2450/1 2646/2448/1
f 2644/2451/1 2645/2450/1 2643/2449/1
f 3041/1138/1 3039/2452/1 3040/2453/1
f 3041/1138/1 3038/2454/1 3039/2452/1
f 2810/2455/1 2867/1250/1 2809/65/1
f 2810/2455/1 2866/2456/1 2867/1250/1
f 2811/2457/1 2866/2456/1 2810/2455/1
f 2812/2458/1 2865/2459/1 2811/2457/1
f 2865/2459/1 2866/2456/1 2811/2457/1
f 2812/2458/1 2864/2460/1 2865/2459/1
f 2812/2458/1 2863/2461/1 2864/2460/1
f 3037/2462/1 3035/2463/1 3036/2464/1
f 2873/2465/1 3045/2466/1 2872/2467/1
f 3045/2466/1 3041/1138/1 2872/2467/1
f 3045/2466/1 3038/2454/1 3041/1138/1
f 3045/2466/1 3037/2462/1 3038/2454/1
f 3045/2466/1 3035/2463/1 3037/2462/1
f 2813/2468/1 2863/2461/1 2812/2458/1
f 2813/2468/1 2862/2469/1 2863/2461/1
f 3045/2466/1 3034/2470/1 3035/2463/1
f 3045/2466/1 3033/2471/1 3034/2470/1
f 2813/2468/1 2861/2472/1 2862/2469/1
f 2814/2473/1 2861/2472/1 2813/2468/1
f 3045/2466/1 3032/2474/1 3033/2471/1
f 2814/2473/1 2860/2475/1 2861/2472/1
f 3045/2466/1 3042/2476/1 3032/2474/1
f 3042/2476/1 3009/2477/1 3032/2474/1
f 3009/2477/1 3010/2478/1 3032/2474/1
f 3010/2478/1 3031/2479/1 3032/2474/1
f 2873/2465/1 3044/2480/1 3045/2466/1
f 3043/2481/1 3009/2477/1 3042/2476/1
f 3043/2481/1 3008/2482/1 3009/2477/1
f 3011/2483/1 3031/2479/1 3010/2478/1
f 2814/2473/1 2859/2484/1 2860/2475/1
f 3012/1174/1 3031/2479/1 3011/2483/1
f 2815/2485/1 2859/2484/1 2814/2473/1
f 3012/1174/1 3030/2486/1 3031/2479/1
f 2815/2485/1 2858/2487/1 2859/2484/1
f 3013/2488/1 3030/2486/1 3012/1174/1
f 3013/2488/1 3029/2489/1 3030/2486/1
f 3014/2490/1 3029/2489/1 3013/2488/1
f 2815/2485/1 2857/2491/1 2858/2487/1
f 3015/2492/1 3029/2489/1 3014/2490/1
f 2816/2493/1 2857/2491/1 2815/2485/1
f 3015/2492/1 3028/2494/1 3029/2489/1
f 3016/2495/1 3028/2494/1 3015/2492/1
f 2816/2493/1 2856/2496/1 2857/2491/1
f 3016/2495/1 3027/2497/1 3028/2494/1
f 3017/2498/1 3027/2497/1 3016/2495/1
f 3018/2499/1 3027/2497/1 3017/2498/1
f 2816/2493/1 2855/2500/1 2856/2496/1
f 3018/2499/1 3026/2501/1 3027/2497/1
f 2817/2502/1 2855/2500/1 2816/2493/1
f 3019/2503/1 3026/2501/1 3018/2499/1
f 3019/2503/1 3025/2504/1 3026/2501/1
f 3020/2505/1 3025/2504/1 3019/2503/1
f 2817/2502/1 2854/2506/1 2855/2500/1
f 3021/2507/1 3025/2504/1 3020/2505/1
f 3021/2507/1 3024/2508/1 3025/2504/1
f 3022/2509/1 3024/2508/1 3021/2507/1
f 2818/2510/1 2854/2506/1 2817/2502/1
f 2818/2510/1 2853/2511/1 2854/2506/1
f 3023/2512/1 3024/2508/1 3022/2509/1
f 2818/2510/1 2852/2513/1 2853/2511/1
f 2818/2510/1 2869/2514/1 2852/2513/1
f 2869/2514/1 2851/2515/1 2852/2513/1
f 2819/2516/1 2869/2514/1 2818/2510/1
f 3007/2517/1 3005/2518/1 3006/2519/1
f 2873/2465/1 3043/2481/1 3044/2480/1
f 2873/2465/1 3008/2482/1 3043/2481/1
f 2873/2465/1 3007/2517/1 3008/2482/1
f 2873/2465/1 3005/2518/1 3007/2517/1
f 2820/2520/1 2868/2521/1 2819/2516/1
f 2868/2521/1 2869/2514/1 2819/2516/1
f 2873/2465/1 3004/2522/1 3005/2518/1
f 2874/2523/1 3004/2522/1 2873/2465/1
f 2820/2520/1 2847/2524/1 2868/2521/1
f 2847/2524/1 2871/2525/1 2868/2521/1
f 2870/2526/1 2851/2515/1 2869/2514/1
f 2821/2527/1 2847/2524/1 2820/2520/1
f 2874/2523/1 3046/2528/1 3004/2522/1
f 3046/2528/1 3003/2529/1 3004/2522/1
f 2875/2530/1 2909/2531/1 2874/2523/1
f 2909/2531/1 3070/64/1 2874/2523/1
f 3070/64/1 3046/2528/1 2874/2523/1
f 2909/2531/1 3069/2532/1 3070/64/1
f 3047/2533/1 3003/2529/1 3046/2528/1
f 2822/2534/1 2847/2524/1 2821/2527/1
f 3047/2533/1 3002/2535/1 3003/2529/1
f 2875/2530/1 2908/2536/1 2909/2531/1
f 2910/2537/1 3069/2532/1 2909/2531/1
f 2910/2537/1 3068/2538/1 3069/2532/1
f 3048/2539/1 3002/2535/1 3047/2533/1
f 2876/2540/1 2908/2536/1 2875/2530/1
f 2823/2541/1 2847/2524/1 2822/2534/1
f 2911/2542/1 3068/2538/1 2910/2537/1
f 2911/2542/1 3067/2543/1 3068/2538/1
f 3049/2544/1 3002/2535/1 3048/2539/1
f 3049/2544/1 3001/2545/1 3002/2535/1
f 2876/2540/1 2907/2546/1 2908/2536/1
f 2823/2541/1 2846/2547/1 2847/2524/1
f 2848/2548/1 2871/2525/1 2847/2524/1
f 2824/2549/1 2846/2547/1 2823/2541/1
f 2825/2550/1 2846/2547/1 2824/2549/1
f 2825/2550/1 2845/2551/1 2846/2547/1
f 2911/2542/1 3066/2552/1 3067/2543/1
f 3050/2553/1 3001/2545/1 3049/2544/1
f 2912/2554/1 3066/2552/1 2911/2542/1
f 2826/2555/1 2845/2551/1 2825/2550/1
f 2877/2556/1 2907/2546/1 2876/2540/1
f 2826/2555/1 2844/2557/1 2845/2551/1
f 3050/2553/1 3000/2558/1 3001/2545/1
f 2827/2559/1 2844/2557/1 2826/2555/1
f 2827/2559/1 2843/2560/1 2844/2557/1
f 2828/2561/1 2843/2560/1 2827/2559/1
f 2912/2554/1 3065/2562/1 3066/2552/1
f 3051/2563/1 3000/2558/1 3050/2553/1
f 2828/2561/1 2842/2564/1 2843/2560/1
f 2913/2565/1 3065/2562/1 2912/2554/1
f 2877/2556/1 2906/2566/1 2907/2546/1
f 2829/2567/1 2842/2564/1 2828/2561/1
f 2829/2567/1 2841/2568/1 2842/2564/1
f 2830/2569/1 2841/2568/1 2829/2567/1
f 2830/2569/1 2840/2570/1 2841/2568/1
f 3051/2563/1 2999/2571/1 3000/2558/1
f 2913/2565/1 3064/2572/1 3065/2562/1
f 3052/2573/1 2999/2571/1 3051/2563/1
f 2831/2574/1 2840/2570/1 2830/2569/1
f 2831/2574/1 2839/2575/1 2840/2570/1
f 2878/2576/1 2906/2566/1 2877/2556/1
f 2914/2577/1 3064/2572/1 2913/2565/1
f 2831/2574/1 2838/1218/1 2839/2575/1
f 2832/2578/1 2838/1218/1 2831/2574/1
f 2832/2578/1 2837/2579/1 2838/1218/1
f 2833/2580/1 2837/2579/1 2832/2578/1
f 2914/2577/1 3063/2581/1 3064/2572/1
f 3053/2582/1 2999/2571/1 3052/2573/1
f 2833/2580/1 2836/2583/1 2837/2579/1
f 2834/2584/1 2836/2583/1 2833/2580/1
f 2878/2576/1 2905/2585/1 2906/2566/1
f 3053/2582/1 2998/2586/1 2999/2571/1
f 2834/2584/1 2835/2587/1 2836/2583/1
f 2915/2588/1 3063/2581/1 2914/2577/1
f 2915/2588/1 3062/2589/1 3063/2581/1
f 3054/2590/1 2998/2586/1 3053/2582/1
f 2879/2591/1 2905/2585/1 2878/2576/1
f 2916/2592/1 3062/2589/1 2915/2588/1
f 3054/2590/1 2997/2593/1 2998/2586/1
f 2916/2592/1 3061/2594/1 3062/2589/1
f 3055/2595/1 2997/2593/1 3054/2590/1
f 2879/2591/1 2904/2596/1 2905/2585/1
f 2916/2592/1 3060/2597/1 3061/2594/1
f 3056/2598/1 2997/2593/1 3055/2595/1
f 2917/2599/1 3060/2597/1 2916/2592/1
f 3056/2598/1 2996/2600/1 2997/2593/1
f 2880/2601/1 2904/2596/1 2879/2591/1
f 2917/2599/1 3059/2602/1 3060/2597/1
f 3057/2603/1 2996/2600/1 3056/2598/1
f 2918/2604/1 3059/2602/1 2917/2599/1
f 2880/2601/1 2903/2605/1 2904/2596/1
f 3057/2603/1 2995/2606/1 2996/2600/1
f 2918/2604/1 3058/2607/1 3059/2602/1
f 3058/2607/1 2995/2606/1 3057/2603/1
f 2919/2608/1 3058/2607/1 2918/2604/1
f 2919/2608/1 2995/2606/1 3058/2607/1
f 2919/2608/1 2994/2609/1 2995/2606/1
f 2881/2610/1 2903/2605/1 2880/2601/1
f 2920/2611/1 2994/2609/1 2919/2608/1
f 2881/2610/1 2902/2612/1 2903/2605/1
f 2920/2611/1 2993/2613/1 2994/2609/1
f 2921/2614/1 2993/2613/1 2920/2611/1
f 2848/2548/1 2850/2615/1 2871/2525/1
f 2850/2615/1 2870/2526/1 2871/2525/1
f 2850/2615/1 2851/2515/1 2870/2526/1
f 2882/2616/1 2902/2612/1 2881/2610/1
f 2921/2614/1 2992/2617/1 2993/2613/1
f 2922/2618/1 2992/2617/1 2921/2614/1
f 2882/2616/1 2901/2619/1 2902/2612/1
f 2922/2618/1 2991/2620/1 2992/2617/1
f 2923/2621/1 2991/2620/1 2922/2618/1
f 2923/2621/1 2990/2622/1 2991/2620/1
f 2924/2623/1 2990/2622/1 2923/2621/1
f 2924/2623/1 2989/2624/1 2990/2622/1
f 2883/2625/1 2901/2619/1 2882/2616/1
f 2925/1102/1 2957/2626/1 2924/2623/1
f 2957/2626/1 2989/2624/1 2924/2623/1
f 2883/2625/1 2900/2627/1 2901/2619/1
f 2925/1102/1 2956/2628/1 2957/2626/1
f 2958/2629/1 2989/2624/1 2957/2626/1
f 2958/2629/1 2988/2630/1 2989/2624/1
f 2926/2631/1 2956/2628/1 2925/1102/1
f 2958/2629/1 2987/2632/1 2988/2630/1
f 2848/2548/1 2849/2633/1 2850/2615/1
f 2927/2634/1 2956/2628/1 2926/2631/1
f 2959/2635/1 2987/2632/1 2958/2629/1
f 2927/2634/1 2955/2636/1 2956/2628/1
f 2959/2635/1 2986/2637/1 2987/2632/1
f 2928/2638/1 2955/2636/1 2927/2634/1
f 2884/2639/1 2900/2627/1 2883/2625/1
f 2960/2640/1 2986/2637/1 2959/2635/1
f 2928/2638/1 2954/1137/1 2955/2636/1
f 2960/2640/1 2985/2641/1 2986/2637/1
f 2884/2639/1 2899/2642/1 2900/2627/1
f 2929/2643/1 2954/1137/1 2928/2638/1
f 2961/2644/1 2985/2641/1 2960/2640/1
f 2929/2643/1 2953/2645/1 2954/1137/1
f 2961/2644/1 2984/2646/1 2985/2641/1
f 2930/2647/1 2953/2645/1 2929/2643/1
f 2961/2644/1 2983/354/1 2984/2646/1
f 2962/2648/1 2983/354/1 2961/2644/1
f 2930/2647/1 2952/2649/1 2953/2645/1
f 2931/2650/1 2952/2649/1 2930/2647/1
f 2962/2648/1 2982/2651/1 2983/354/1
f 2932/2652/1 2952/2649/1 2931/2650/1
f 2885/2653/1 2899/2642/1 2884/2639/1
f 2963/2654/1 2982/2651/1 2962/2648/1
f 2932/2652/1 2951/2655/1 2952/2649/1
f 2963/2654/1 2981/2656/1 2982/2651/1
f 2885/2653/1 2898/2657/1 2899/2642/1
f 2933/2658/1 2951/2655/1 2932/2652/1
f 2963/2654/1 2980/2659/1 2981/2656/1
f 2934/2660/1 2951/2655/1 2933/2658/1
f 2934/2660/1 2950/2661/1 2951/2655/1
f 2964/2662/1 2980/2659/1 2963/2654/1
f 2964/2662/1 2979/2663/1 2980/2659/1
f 2935/2664/1 2950/2661/1 2934/2660/1
f 2964/2662/1 2978/2665/1 2979/2663/1
f 2936/2666/1 2950/2661/1 2935/2664/1
f 2964/2662/1 2977/2667/1 2978/2665/1
f 2936/2666/1 2949/2668/1 2950/2661/1
f 2965/2669/1 2977/2667/1 2964/2662/1
f 2937/2670/1 2949/2668/1 2936/2666/1
f 2965/2669/1 2976/2671/1 2977/2667/1
f 2938/2672/1 2949/2668/1 2937/2670/1
f 2965/2669/1 2975/2673/1 2976/2671/1
f 2938/2672/1 2948/2674/1 2949/2668/1
f 2886/2675/1 2898/2657/1 2885/2653/1
f 2966/2676/1 2975/2673/1 2965/2669/1
f 2939/2677/1 2948/2674/1 2938/2672/1
f 2887/2678/1 2898/2657/1 2886/2675/1
f 2887/2678/1 2888/2679/1 2898/2657/1
f 2888/2679/1 2889/2680/1 2898/2657/1
f 2889/2680/1 2890/2681/1 2898/2657/1
f 2890/2681/1 2891/2682/1 2898/2657/1
f 2891/2682/1 2892/2683/1 2898/2657/1
f 2892/2683/1 2893/2684/1 2898/2657/1
f 2893/2684/1 2894/2685/1 2898/2657/1
f 2894/2685/1 2895/2686/1 2898/2657/1
f 2895/2686/1 2896/307/1 2898/2657/1
f 2896/307/1 2897/2687/1 2898/2657/1
f 2966/2676/1 2974/2688/1 2975/2673/1
f 2940/2689/1 2948/2674/1 2939/2677/1
f 2940/2689/1 2947/2690/1 2948/2674/1
f 2966/2676/1 2973/2691/1 2974/2688/1
f 2967/2692/1 2973/2691/1 2966/2676/1
f 2941/2693/1 2947/2690/1 2940/2689/1
f 2967/2692/1 2972/2694/1 2973/2691/1
f 2942/2695/1 2947/2690/1 2941/2693/1
f 2942/2695/1 2946/2696/1 2947/2690/1
f 2968/2697/1 2972/2694/1 2967/2692/1
f 2968/2697/1 2971/2698/1 2972/2694/1
f 2943/2699/1 2946/2696/1 2942/2695/1
f 2944/2700/1 2946/2696/1 2943/2699/1
f 2968/2697/1 2970/2701/1 2971/2698/1
f 2944/2700/1 2945/2702/1 2946/2696/1
f 2969/2703/1 2970/2701/1 2968/2697/1
f 3171/2704/1 3169/2705/1 3170/307/1
f 3171/2704/1 3168/2706/1 3169/2705/1
f 3172/2707/1 3168/2706/1 3171/2704/1
f 3172/2707/1 3167/2708/1 3168/2706/1
f 3173/2709/1 3167/2708/1 3172/2707/1
f 3173/2709/1 3166/2710/1 3167/2708/1
f 3174/2711/1 3166/2710/1 3173/2709/1
f 3174/2711/1 3165/2712/1 3166/2710/1
f 3175/2713/1 3165/2712/1 3174/2711/1
f 3175/2713/1 3164/2714/1 3165/2712/1
f 3175/2713/1 3163/2715/1 3164/2714/1
f 3176/2716/1 3163/2715/1 3175/2713/1
f 3176/2716/1 3162/2717/1 3163/2715/1
f 3177/2718/1 3162/2717/1 3176/2716/1
f 3177/2718/1 3161/2719/1 3162/2717/1
f 3178/2720/1 3161/2719/1 3177/2718/1
f 3178/2720/1 3160/2721/1 3161/2719/1
f 3179/53/1 3160/2721/1 3178/2720/1
f 3179/53/1 3159/2722/1 3160/2721/1
f 3146/2723/1 3144/2724/1 3145/2725/1
f 3180/2726/1 3159/2722/1 3179/53/1
f 3147/2727/1 3144/2724/1 3146/2723/1
f 3148/2728/1 3144/2724/1 3147/2727/1
f 3180/2726/1 3158/2729/1 3159/2722/1
f 3149/2730/1 3144/2724/1 3148/2728/1
f 3181/2731/1 3158/2729/1 3180/2726/1
f 3150/2732/1 3144/2724/1 3149/2730/1
f 3151/2733/1 3144/2724/1 3150/2732/1
f 3181/2731/1 3157/2734/1 3158/2729/1
f 3152/67/1 3144/2724/1 3151/2733/1
f 3182/2735/1 3157/2734/1 3181/2731/1
f 3153/2736/1 3144/2724/1 3152/67/1
f 3196/2737/1 3194/2738/1 3195/2739/1
f 3154/2740/1 3144/2724/1 3153/2736/1
f 3196/2737/1 3193/2741/1 3194/2738/1
f 3196/2737/1 3192/2742/1 3193/2741/1
f 3155/2743/1 3144/2724/1 3154/2740/1
f 3196/2737/1 3191/2744/1 3192/2742/1
f 3156/2745/1 3144/2724/1 3155/2743/1
f 3196/2737/1 3190/2746/1 3191/2744/1
f 3157/2734/1 3144/2724/1 3156/2745/1
f 3196/2737/1 3189/2747/1 3190/2746/1
f 3182/2735/1 3144/2724/1 3157/2734/1
f 3196/2737/1 3188/2748/1 3189/2747/1
f 3196/2737/1 3187/2749/1 3188/2748/1
f 3196/2737/1 3186/2750/1 3187/2749/1
f 3183/2751/1 3144/2724/1 3182/2735/1
f 3196/2737/1 3185/2752/1 3186/2750/1
f 3196/2737/1 3184/2753/1 3185/2752/1
f 3196/2737/1 3183/2751/1 3184/2753/1
f 3196/2737/1 3144/2724/1 3183/2751/1
f 3196/2737/1 3143/2754/1 3144/2724/1
f 3196/2737/1 3142/2755/1 3143/2754/1
f 3196/2737/1 3141/2756/1 3142/2755/1
f 3196/2737/1 3140/2757/1 3141/2756/1
f 3196/2737/1 3139/2758/1 3140/2757/1
f 3196/2737/1 3138/2759/1 3139/2758/1
f 3196/2737/1 3137/1250/1 3138/2759/1
f 3196/2737/1 3136/2760/1 3137/1250/1
f 3196/2737/1 3135/2761/1 3136/2760/1
f 3197/2762/1 3135/2761/1 3196/2737/1
f 3197/2762/1 3134/2763/1 3135/2761/1
f 3198/2764/1 3134/2763/1 3197/2762/1
f 3198/2764/1 3133/2765/1 3134/2763/1
f 3199/2766/1 3133/2765/1 3198/2764/1
f 3200/2767/1 3133/2765/1 3199/2766/1
f 3200/2767/1 3132/2768/1 3133/2765/1
f 3201/2769/1 3132/2768/1 3200/2767/1
f 3202/2770/1 3132/2768/1 3201/2769/1
f 3202/2770/1 3209/2771/1 3132/2768/1
f 3209/2771/1 3131/2772/1 3132/2768/1
f 3203/1102/1 3209/2771/1 3202/2770/1
f 3204/2773/1 3209/2771/1 3203/1102/1
f 3205/2774/1 3209/2771/1 3204/2773/1
f 3206/51/1 3209/2771/1 3205/2774/1
f 3207/2775/1 3209/2771/1 3206/51/1
f 3208/2776/1 3209/2771/1 3207/2775/1
f 3210/2777/1 3131/2772/1 3209/2771/1
f 3210/2777/1 3130/2778/1 3131/2772/1
f 3211/2779/1 3130/2778/1 3210/2777/1
f 3211/2779/1 3129/2780/1 3130/2778/1
f 3211/2779/1 3128/2781/1 3129/2780/1
f 3212/2782/1 3128/2781/1 3211/2779/1
f 3212/2782/1 3127/2783/1 3128/2781/1
f 3213/2784/1 3127/2783/1 3212/2782/1
f 3213/2784/1 3126/2785/1 3127/2783/1
f 3213/2784/1 3125/82/1 3126/2785/1
f 3073/2786/1 3071/65/1 3072/2787/1
f 3214/2788/1 3125/82/1 3213/2784/1
f 3074/2789/1 3071/65/1 3073/2786/1
f 3214/2788/1 3124/2790/1 3125/82/1
f 3075/2791/1 3071/65/1 3074/2789/1
f 3076/2792/1 3071/65/1 3075/2791/1
f 3077/2793/1 3071/65/1 3076/2792/1
f 3078/2794/1 3071/65/1 3077/2793/1
f 3214/2788/1 3123/2795/1 3124/2790/1
f 3079/2796/1 3071/65/1 3078/2794/1
f 3080/2797/1 3071/65/1 3079/2796/1
f 3081/2798/1 3071/65/1 3080/2797/1
f 3215/2799/1 3123/2795/1 3214/2788/1
f 3082/2800/1 3071/65/1 3081/2798/1
f 3109/2801/1 3107/2802/1 3108/2803/1
f 3110/2804/1 3107/2802/1 3109/2801/1
f 3110/2804/1 3106/2805/1 3107/2802/1
f 3111/2806/1 3106/2805/1 3110/2804/1
f 3215/2799/1 3122/2807/1 3123/2795/1
f 3112/2808/1 3106/2805/1 3111/2806/1
f 3112/2808/1 3105/2809/1 3106/2805/1
f 3083/2810/1 3071/65/1 3082/2800/1
f 3113/2811/1 3105/2809/1 3112/2808/1
f 3084/2812/1 3071/65/1 3083/2810/1
f 3113/2811/1 3104/1218/1 3105/2809/1
f 3114/2813/1 3104/1218/1 3113/2811/1
f 3085/2814/1 3071/65/1 3084/2812/1
f 3115/2815/1 3104/1218/1 3114/2813/1
f 3115/2815/1 3103/2816/1 3104/1218/1
f 3116/2817/1 3103/2816/1 3115/2815/1
f 3215/2799/1 3121/2818/1 3122/2807/1
f 3086/2819/1 3071/65/1 3085/2814/1
f 3116/2817/1 3102/2820/1 3103/2816/1
f 3117/2821/1 3102/2820/1 3116/2817/1
f 3087/2822/1 3071/65/1 3086/2819/1
f 3118/2823/1 3102/2820/1 3117/2821/1
f 3216/2824/1 3121/2818/1 3215/2799/1
f 3118/2823/1 3101/2825/1 3102/2820/1
f 3216/2824/1 3120/2826/1 3121/2818/1
f 3119/2827/1 3101/2825/1 3118/2823/1
f 3088/2828/1 3071/65/1 3087/2822/1
f 3120/2826/1 3101/2825/1 3119/2827/1
f 3120/2826/1 3100/2829/1 3101/2825/1
f 3089/2830/1 3071/65/1 3088/2828/1
f 3216/2824/1 3100/2829/1 3120/2826/1
f 3090/2831/1 3071/65/1 3089/2830/1
f 3216/2824/1 3099/2832/1 3100/2829/1
f 3090/2831/1 3368/64/1 3071/65/1
f 3091/2833/1 3368/64/1 3090/2831/1
f 3091/2833/1 3367/2834/1 3368/64/1
f 3217/2835/1 3099/2832/1 3216/2824/1
f 3091/2833/1 3366/2836/1 3367/2834/1
f 3091/2833/1 3365/2837/1 3366/2836/1
f 3217/2835/1 3245/2838/1 3099/2832/1
f 3245/2838/1 3246/2839/1 3099/2832/1
f 3246/2839/1 3098/81/1 3099/2832/1
f 3092/2840/1 3365/2837/1 3091/2833/1
f 3092/2840/1 3364/2841/1 3365/2837/1
f 3092/2840/1 3363/2842/1 3364/2841/1
f 3092/2840/1 3362/2843/1 3363/2842/1
f 3093/2844/1 3362/2843/1 3092/2840/1
f 3093/2844/1 3361/2845/1 3362/2843/1
f 3247/2846/1 3098/81/1 3246/2839/1
f 3247/2846/1 3097/2847/1 3098/81/1
f 3248/2848/1 3097/2847/1 3247/2846/1
f 3217/2835/1 3244/2849/1 3245/2838/1
f 3249/2850/1 3097/2847/1 3248/2848/1
f 3093/2844/1 3360/2851/1 3361/2845/1
f 3217/2835/1 3243/2852/1 3244/2849/1
f 3250/2853/1 3097/2847/1 3249/2850/1
f 3094/2854/1 3360/2851/1 3093/2844/1
f 3094/2854/1 3359/2855/1 3360/2851/1
f 3217/2835/1 3242/2856/1 3243/2852/1
f 3251/2857/1 3097/2847/1 3250/2853/1
f 3094/2854/1 3358/2858/1 3359/2855/1
f 3217/2835/1 3241/2859/1 3242/2856/1
f 3252/2860/1 3097/2847/1 3251/2857/1
f 3094/2854/1 3357/2861/1 3358/2858/1
f 3095/2862/1 3357/2861/1 3094/2854/1
f 3218/2863/1 3241/2859/1 3217/2835/1
f 3252/2860/1 3096/2864/1 3097/2847/1
f 3095/2862/1 3356/2865/1 3357/2861/1
f 3218/2863/1 3240/2866/1 3241/2859/1
f 3253/2867/1 3096/2864/1 3252/2860/1
f 3096/2864/1 3356/2865/1 3095/2862/1
f 3096/2864/1 3355/2868/1 3356/2865/1
f 3254/2869/1 3096/2864/1 3253/2867/1
f 3218/2863/1 3239/2870/1 3240/2866/1
f 3096/2864/1 3354/2871/1 3355/2868/1
f 3255/2872/1 3096/2864/1 3254/2869/1
f 3255/2872/1 3354/2871/1 3096/2864/1
f 3218/2863/1 3238/2873/1 3239/2870/1
f 3255/2872/1 3353/2874/1 3354/2871/1
f 3256/2875/1 3353/2874/1 3255/2872/1
f 3218/2863/1 3237/2876/1 3238/2873/1
f 3256/2875/1 3352/2877/1 3353/2874/1
f 3219/2878/1 3237/2876/1 3218/2863/1
f 3257/2879/1 3352/2877/1 3256/2875/1
f 3219/2878/1 3236/1137/1 3237/2876/1
f 3257/2879/1 3351/2880/1 3352/2877/1
f 3257/2879/1 3350/2881/1 3351/2880/1
f 3258/2882/1 3350/2881/1 3257/2879/1
f 3219/2878/1 3235/2883/1 3236/1137/1
f 3258/2882/1 3349/2884/1 3350/2881/1
f 3259/2885/1 3349/2884/1 3258/2882/1
f 3219/2878/1 3234/2886/1 3235/2883/1
f 3259/2885/1 3348/2887/1 3349/2884/1
f 3220/2888/1 3234/2886/1 3219/2878/1
f 3220/2888/1 3233/35/1 3234/2886/1
f 3259/2885/1 3347/2889/1 3348/2887/1
f 3260/17/1 3347/2889/1 3259/2885/1
f 3220/2888/1 3232/2890/1 3233/35/1
f 3260/17/1 3346/2891/1 3347/2889/1
f 3220/2888/1 3231/2892/1 3232/2890/1
f 3260/17/1 3345/2893/1 3346/2891/1
f 3261/2894/1 3345/2893/1 3260/17/1
f 3220/2888/1 3230/2895/1 3231/2892/1
f 3221/2896/1 3230/2895/1 3220/2888/1
f 3261/2894/1 3331/2897/1 3345/2893/1
f 3331/2897/1 3344/2898/1 3345/2893/1
f 3221/2896/1 3229/2899/1 3230/2895/1
f 3262/2900/1 3331/2897/1 3261/2894/1
f 3221/2896/1 3228/2901/1 3229/2899/1
f 3221/2896/1 3227/2902/1 3228/2901/1
f 3222/2903/1 3227/2902/1 3221/2896/1
f 3263/2904/1 3331/2897/1 3262/2900/1
f 3222/2903/1 3226/2905/1 3227/2902/1
f 3263/2904/1 3330/2906/1 3331/2897/1
f 3332/2907/1 3344/2898/1 3331/2897/1
f 3222/2903/1 3225/2908/1 3226/2905/1
f 3264/2909/1 3330/2906/1 3263/2904/1
f 3222/2903/1 3224/2910/1 3225/2908/1
f 3264/2909/1 3329/2911/1 3330/2906/1
f 3333/2912/1 3344/2898/1 3332/2907/1
f 3222/2903/1 3223/2913/1 3224/2910/1
f 3264/2909/1 3328/2914/1 3329/2911/1
f 3334/2915/1 3344/2898/1 3333/2912/1
f 3265/2916/1 3328/2914/1 3264/2909/1
f 3265/2916/1 3327/2917/1 3328/2914/1
f 3335/1138/1 3344/2898/1 3334/2915/1
f 3265/2916/1 3326/2918/1 3327/2917/1
f 3266/2919/1 3326/2918/1 3265/2916/1
f 3336/2920/1 3344/2898/1 3335/1138/1
f 3266/2919/1 3325/2921/1 3326/2918/1
f 3337/2922/1 3344/2898/1 3336/2920/1
f 3267/2923/1 3325/2921/1 3266/2919/1
f 3267/2923/1 3324/2924/1 3325/2921/1
f 3338/2925/1 3344/2898/1 3337/2922/1
f 3267/2923/1 3323/2926/1 3324/2924/1
f 3339/2927/1 3344/2898/1 3338/2925/1
f 3268/2928/1 3323/2926/1 3267/2923/1
f 3268/2928/1 3322/2929/1 3323/2926/1
f 3340/2930/1 3344/2898/1 3339/2927/1
f 3268/2928/1 3321/2931/1 3322/2929/1
f 3341/30/1 3344/2898/1 3340/2930/1
f 3269/354/1 3321/2931/1 3268/2928/1
f 3342/2932/1 3344/2898/1 3341/30/1
f 3269/354/1 3320/2933/1 3321/2931/1
f 3343/2934/1 3344/2898/1 3342/2932/1
f 3270/2935/1 3320/2933/1 3269/354/1
f 3270/2935/1 3319/2936/1 3320/2933/1
f 3270/2935/1 3318/2937/1 3319/2936/1
f 3271/2938/1 3318/2937/1 3270/2935/1
f 3271/2938/1 3317/2939/1 3318/2937/1
f 3271/2938/1 3316/2940/1 3317/2939/1
f 3272/2941/1 3316/2940/1 3271/2938/1
f 3272/2941/1 3315/2942/1 3316/2940/1
f 3272/2941/1 3314/16/1 3315/2942/1
f 3273/2943/1 3314/16/1 3272/2941/1
f 3296/2944/1 3294/2945/1 3295/2946/1
f 3273/2943/1 3313/2947/1 3314/16/1
f 3297/2948/1 3294/2945/1 3296/2944/1
f 3298/2949/1 3294/2945/1 3297/2948/1
f 3273/2943/1 3312/2950/1 3313/2947/1
f 3299/2951/1 3294/2945/1 3298/2949/1
f 3300/2952/1 3294/2945/1 3299/2951/1
f 3273/2943/1 3311/2953/1 3312/2950/1
f 3301/2954/1 3294/2945/1 3300/2952/1
f 3302/1174/1 3294/2945/1 3301/2954/1
f 3273/2943/1 3310/2955/1 3311/2953/1
f 3303/2956/1 3294/2945/1 3302/1174/1
f 3274/2957/1 3310/2955/1 3273/2943/1
f 3274/2957/1 3309/2958/1 3310/2955/1
f 3304/2959/1 3294/2945/1 3303/2956/1
f 3305/2960/1 3294/2945/1 3304/2959/1
f 3274/2957/1 3308/2961/1 3309/2958/1
f 3306/2962/1 3294/2945/1 3305/2960/1
f 3274/2957/1 3307/2963/1 3308/2961/1
f 3307/2963/1 3294/2945/1 3306/2962/1
f 3274/2957/1 3294/2945/1 3307/2963/1
f 3275/2964/1 3294/2945/1 3274/2957/1
f 3276/2965/1 3294/2945/1 3275/2964/1
f 3277/2966/1 3294/2945/1 3276/2965/1
f 3278/2967/1 3294/2945/1 3277/2966/1
f 3278/2967/1 3293/2968/1 3294/2945/1
f 3278/2967/1 3292/2969/1 3293/2968/1
f 3278/2967/1 3291/2970/1 3292/2969/1
f 3279/2971/1 3291/2970/1 3278/2967/1
f 3279/2971/1 3290/2972/1 3291/2970/1
f 3279/2971/1 3289/2973/1 3290/2972/1
f 3279/2971/1 3288/2974/1 3289/2973/1
f 3280/2975/1 3288/2974/1 3279/2971/1
f 3280/2975/1 3287/2/1 3288/2974/1
f 3280/2975/1 3286/2976/1 3287/2/1
f 3281/2977/1 3286/2976/1 3280/2975/1
f 3281/2977/1 3285/2978/1 3286/2976/1
f 3281/2977/1 3284/2979/1 3285/2978/1
f 3282/2980/1 3284/2979/1 3281/2977/1
f 3282/2980/1 3283/2981/1 3284/2979/1
f 3435/1/1 3433/2/1 3434/3/1
f 3435/1/1 3432/4/1 3433/2/1
f 3435/1/1 3431/5/1 3432/4/1
f 3436/6/1 3431/5/1 3435/1/1
f 3436/6/1 3430/7/1 3431/5/1
f 3437/8/1 3430/7/1 3436/6/1
f 3437/8/1 3429/9/1 3430/7/1
f 3438/10/1 3429/9/1 3437/8/1
f 3438/10/1 3428/11/1 3429/9/1
f 3439/12/1 3428/11/1 3438/10/1
f 3439/12/1 3427/13/1 3428/11/1
f 3440/14/1 3427/13/1 3439/12/1
f 3440/14/1 3426/15/1 3427/13/1
f 3441/16/1 3426/15/1 3440/14/1
f 3441/16/1 3425/17/1 3426/15/1
f 3442/18/1 3425/17/1 3441/16/1
f 3442/18/1 3424/19/1 3425/17/1
f 3443/20/1 3424/19/1 3442/18/1
f 3443/20/1 3423/21/1 3424/19/1
f 3444/22/1 3423/21/1 3443/20/1
f 3444/22/1 3422/23/1 3423/21/1
f 3445/24/1 3422/23/1 3444/22/1
f 3445/24/1 3421/25/1 3422/23/1
f 3446/26/1 3421/25/1 3445/24/1
f 3447/27/1 3421/25/1 3446/26/1
f 3447/27/1 3420/28/1 3421/25/1
f 3448/29/1 3420/28/1 3447/27/1
f 3449/30/1 3420/28/1 3448/29/1
f 3450/31/1 3420/28/1 3449/30/1
f 3450/31/1 3419/32/1 3420/28/1
f 3450/31/1 3418/33/1 3419/32/1
f 3451/34/1 3418/33/1 3450/31/1
f 3451/34/1 3417/35/1 3418/33/1
f 3451/34/1 3416/36/1 3417/35/1
f 3451/34/1 3415/37/1 3416/36/1
f 3451/34/1 3414/38/1 3415/37/1
f 3452/39/1 3395/40/1 3451/34/1
f 3395/40/1 3414/38/1 3451/34/1
f 3395/40/1 3413/41/1 3414/38/1
f 3452/39/1 3394/42/1 3395/40/1
f 3396/43/1 3413/41/1 3395/40/1
f 3396/43/1 3412/44/1 3413/41/1
f 3397/45/1 3412/44/1 3396/43/1
f 3397/45/1 3411/46/1 3412/44/1
f 3398/47/1 3411/46/1 3397/45/1
f 3399/48/1 3411/46/1 3398/47/1
f 3399/48/1 3410/49/1 3411/46/1
f 3400/50/1 3410/49/1 3399/48/1
f 3400/50/1 3409/51/1 3410/49/1
f 3453/52/1 3394/42/1 3452/39/1
f 3401/53/1 3409/51/1 3400/50/1
f 3401/53/1 3408/54/1 3409/51/1
f 3402/55/1 3408/54/1 3401/53/1
f 3402/55/1 3403/56/1 3408/54/1
f 3403/56/1 3404/57/1 3408/54/1
f 3404/57/1 3405/58/1 3408/54/1
f 3405/58/1 3406/59/1 3408/54/1
f 3406/59/1 3407/60/1 3408/54/1
f 3454/61/1 3394/42/1 3453/52/1
f 3455/62/1 3394/42/1 3454/61/1
f 3456/63/1 3394/42/1 3455/62/1
f 3457/64/1 3394/42/1 3456/63/1
f 3369/65/1 3394/42/1 3457/64/1
f 3370/66/1 3394/42/1 3369/65/1
f 3370/66/1 3393/67/1 3394/42/1
f 3370/66/1 3392/68/1 3393/67/1
f 3371/69/1 3392/68/1 3370/66/1
f 3371/69/1 3391/70/1 3392/68/1
f 3372/71/1 3391/70/1 3371/69/1
f 3372/71/1 3390/72/1 3391/70/1
f 3373/73/1 3390/72/1 3372/71/1
f 3373/73/1 3389/74/1 3390/72/1
f 3374/75/1 3389/74/1 3373/73/1
f 3374/75/1 3388/76/1 3389/74/1
f 3375/77/1 3388/76/1 3374/75/1
f 3375/77/1 3387/78/1 3388/76/1
f 3376/79/1 3387/78/1 3375/77/1
f 3376/79/1 3386/80/1 3387/78/1
f 3377/81/1 3386/80/1 3376/79/1
f 3377/81/1 3385/82/1 3386/80/1
f 3378/83/1 3385/82/1 3377/81/1
f 3378/83/1 3384/84/1 3385/82/1
f 3379/85/1 3384/84/1 3378/83/1
f 3379/85/1 3383/86/1 3384/84/1
f 3380/87/1 3383/86/1 3379/85/1
f 3380/87/1 3382/88/1 3383/86/1
f 3381/89/1 3382/88/1 3380/87/1
f 3459/2982/1 3483/2983/1 3458/65/1
f 3459/2982/1 3482/2984/1 3483/2983/1
f 3460/2985/1 3482/2984/1 3459/2982/1
f 3460/2985/1 3481/2986/1 3482/2984/1
f 3486/2987/1 3484/2988/1 3485/2989/1
f 3461/2990/1 3481/2986/1 3460/2985/1
f 3461/2990/1 3480/2991/1 3481/2986/1
f 3547/2992/1 3571/64/1 3546/2993/1
f 3462/2994/1 3480/2991/1 3461/2990/1
f 3486/2987/1 3545/2995/1 3484/2988/1
f 3487/2996/1 3545/2995/1 3486/2987/1
f 3487/2996/1 3544/2997/1 3545/2995/1
f 3547/2992/1 3570/2998/1 3571/64/1
f 3462/2994/1 3479/2999/1 3480/2991/1
f 3487/2996/1 3543/3000/1 3544/2997/1
f 3487/2996/1 3542/3001/1 3543/3000/1
f 3463/3002/1 3479/2999/1 3462/2994/1
f 3487/2996/1 3541/3003/1 3542/3001/1
f 3547/2992/1 3569/3004/1 3570/2998/1
f 3548/3005/1 3569/3004/1 3547/2992/1
f 3487/2996/1 3540/3006/1 3541/3003/1
f 3487/2996/1 3539/3007/1 3540/3006/1
f 3463/3002/1 3478/3008/1 3479/2999/1
f 3487/2996/1 3538/3009/1 3539/3007/1
f 3549/3010/1 3569/3004/1 3548/3005/1
f 3464/3011/1 3478/3008/1 3463/3002/1
f 3487/2996/1 3537/3012/1 3538/3009/1
f 3488/3013/1 3537/3012/1 3487/2996/1
f 3488/3013/1 3536/3014/1 3537/3012/1
f 3549/3010/1 3568/3015/1 3569/3004/1
f 3488/3013/1 3535/3016/1 3536/3014/1
f 3488/3013/1 3534/3017/1 3535/3016/1
f 3550/3018/1 3568/3015/1 3549/3010/1
f 3488/3013/1 3533/3019/1 3534/3017/1
f 3464/3011/1 3477/3020/1 3478/3008/1
f 3465/3021/1 3477/3020/1 3464/3011/1
f 3550/3018/1 3567/3022/1 3568/3015/1
f 3551/3023/1 3567/3022/1 3550/3018/1
f 3489/3024/1 3533/3019/1 3488/3013/1
f 3465/3021/1 3476/3025/1 3477/3020/1
f 3489/3024/1 3532/3026/1 3533/3019/1
f 3466/3027/1 3476/3025/1 3465/3021/1
f 3551/3023/1 3566/3028/1 3567/3022/1
f 3552/3029/1 3566/3028/1 3551/3023/1
f 3466/3027/1 3475/3030/1 3476/3025/1
f 3467/3031/1 3475/3030/1 3466/3027/1
f 3490/3032/1 3532/3026/1 3489/3024/1
f 3552/3029/1 3565/3033/1 3566/3028/1
f 3490/3032/1 3531/3034/1 3532/3026/1
f 3553/3035/1 3565/3033/1 3552/3029/1
f 3467/3031/1 3474/3036/1 3475/3030/1
f 3468/3037/1 3474/3036/1 3467/3031/1
f 3553/3035/1 3564/3038/1 3565/3033/1
f 3554/3039/1 3564/3038/1 3553/3035/1
f 3491/3040/1 3531/3034/1 3490/3032/1
f 3468/3037/1 3473/3041/1 3474/3036/1
f 3491/3040/1 3530/3042/1 3531/3034/1
f 3469/3043/1 3473/3041/1 3468/3037/1
f 3469/3043/1 3472/3044/1 3473/3041/1
f 3554/3039/1 3563/3045/1 3564/3038/1
f 3555/3046/1 3563/3045/1 3554/3039/1
f 3470/3047/1 3472/3044/1 3469/3043/1
f 3491/3040/1 3529/3048/1 3530/3042/1
f 3492/3049/1 3529/3048/1 3491/3040/1
f 3470/3047/1 3471/3050/1 3472/3044/1
f 3555/3046/1 3562/3051/1 3563/3045/1
f 3556/3052/1 3562/3051/1 3555/3046/1
f 3492/3049/1 3528/3053/1 3529/3048/1
f 3556/3052/1 3561/3054/1 3562/3051/1
f 3493/3055/1 3528/3053/1 3492/3049/1
f 3557/3056/1 3561/3054/1 3556/3052/1
f 3557/3056/1 3560/3057/1 3561/3054/1
f 3493/3055/1 3527/3058/1 3528/3053/1
f 3558/3059/1 3560/3057/1 3557/3056/1
f 3494/3060/1 3527/3058/1 3493/3055/1
f 3558/3059/1 3559/3061/1 3560/3057/1
f 3494/3060/1 3526/3062/1 3527/3058/1
f 3495/3063/1 3526/3062/1 3494/3060/1
f 3495/3063/1 3525/3064/1 3526/3062/1
f 3496/3065/1 3525/3064/1 3495/3063/1
f 3496/3065/1 3524/3066/1 3525/3064/1
f 3497/3067/1 3524/3066/1 3496/3065/1
f 3497/3067/1 3523/3068/1 3524/3066/1
f 3498/3069/1 3523/3068/1 3497/3067/1
f 3498/3069/1 3522/3070/1 3523/3068/1
f 3499/3071/1 3522/3070/1 3498/3069/1
f 3499/3071/1 3521/3072/1 3522/3070/1
f 3500/3073/1 3521/3072/1 3499/3071/1
f 3500/3073/1 3520/3074/1 3521/3072/1
f 3501/3075/1 3520/3074/1 3500/3073/1
f 3502/3076/1 3520/3074/1 3501/3075/1
f 3502/3076/1 3519/3077/1 3520/3074/1
f 3503/3078/1 3519/3077/1 3502/3076/1
f 3503/3078/1 3518/3079/1 3519/3077/1
f 3504/3080/1 3518/3079/1 3503/3078/1
f 3504/3080/1 3517/3081/1 3518/3079/1
f 3505/3082/1 3517/3081/1 3504/3080/1
f 3506/3083/1 3517/3081/1 3505/3082/1
f 3506/3083/1 3516/3084/1 3517/3081/1
f 3507/3085/1 3516/3084/1 3506/3083/1
f 3507/3085/1 3515/3086/1 3516/3084/1
f 3508/3087/1 3515/3086/1 3507/3085/1
f 3509/3088/1 3515/3086/1 3508/3087/1
f 3509/3088/1 3514/3089/1 3515/3086/1
f 3510/3090/1 3514/3089/1 3509/3088/1
f 3510/3090/1 3513/3091/1 3514/3089/1
f 3510/3090/1 3512/3092/1 3513/3091/1
f 3510/3090/1 3511/3093/1 3512/3092/1
f 3599/524/1 3623/525/1 3598/526/1
f 3599/524/1 3622/527/1 3623/525/1
f 3599/524/1 3621/528/1 3622/527/1
f 3600/529/1 3621/528/1 3599/524/1
f 3600/529/1 3620/530/1 3621/528/1
f 3601/531/1 3620/530/1 3600/529/1
f 3573/532/1 3597/533/1 3572/65/1
f 3602/534/1 3620/530/1 3601/531/1
f 3602/534/1 3619/535/1 3620/530/1
f 3573/532/1 3596/536/1 3597/533/1
f 3603/537/1 3619/535/1 3602/534/1
f 3603/537/1 3618/538/1 3619/535/1
f 3626/539/1 3624/540/1 3625/541/1
f 3573/532/1 3595/542/1 3596/536/1
f 3574/543/1 3595/542/1 3573/532/1
f 3627/544/1 3624/540/1 3626/539/1
f 3604/545/1 3618/538/1 3603/537/1
f 3604/545/1 3617/546/1 3618/538/1
f 3574/543/1 3594/547/1 3595/542/1
f 3628/548/1 3624/540/1 3627/544/1
f 3575/549/1 3594/547/1 3574/543/1
f 3628/548/1 3762/64/1 3624/540/1
f 3605/550/1 3617/546/1 3604/545/1
f 3629/551/1 3762/64/1 3628/548/1
f 3605/550/1 3616/552/1 3617/546/1
f 3575/549/1 3593/553/1 3594/547/1
f 3629/551/1 3761/554/1 3762/64/1
f 3576/555/1 3593/553/1 3575/549/1
f 3630/556/1 3761/554/1 3629/551/1
f 3630/556/1 3760/557/1 3761/554/1
f 3606/558/1 3616/552/1 3605/550/1
f 3631/559/1 3760/557/1 3630/556/1
f 3606/558/1 3615/560/1 3616/552/1
f 3576/555/1 3592/561/1 3593/553/1
f 3631/559/1 3759/562/1 3760/557/1
f 3577/563/1 3592/561/1 3576/555/1
f 3632/564/1 3759/562/1 3631/559/1
f 3632/564/1 3758/565/1 3759/562/1
f 3607/566/1 3615/560/1 3606/558/1
f 3607/566/1 3614/567/1 3615/560/1
f 3633/568/1 3758/565/1 3632/564/1
f 3578/569/1 3592/561/1 3577/563/1
f 3578/569/1 3591/570/1 3592/561/1
f 3633/568/1 3757/571/1 3758/565/1
f 3634/572/1 3757/571/1 3633/568/1
f 3634/572/1 3756/573/1 3757/571/1
f 3608/574/1 3614/567/1 3607/566/1
f 3608/574/1 3613/575/1 3614/567/1
f 3635/576/1 3756/573/1 3634/572/1
f 3579/577/1 3591/570/1 3578/569/1
f 3635/576/1 3755/578/1 3756/573/1
f 3579/577/1 3590/579/1 3591/570/1
f 3636/580/1 3755/578/1 3635/576/1
f 3636/580/1 3754/581/1 3755/578/1
f 3609/582/1 3613/575/1 3608/574/1
f 3609/582/1 3612/583/1 3613/575/1
f 3636/580/1 3753/584/1 3754/581/1
f 3580/585/1 3590/579/1 3579/577/1
f 3637/586/1 3753/584/1 3636/580/1
f 3580/585/1 3589/587/1 3590/579/1
f 3609/582/1 3610/588/1 3612/583/1
f 3610/588/1 3611/589/1 3612/583/1
f 3637/586/1 3752/590/1 3753/584/1
f 3638/591/1 3752/590/1 3637/586/1
f 3638/591/1 3751/592/1 3752/590/1
f 3581/593/1 3589/587/1 3580/585/1
f 3581/593/1 3588/594/1 3589/587/1
f 3638/591/1 3750/595/1 3751/592/1
f 3639/596/1 3750/595/1 3638/591/1
f 3639/596/1 3749/597/1 3750/595/1
f 3581/593/1 3587/598/1 3588/594/1
f 3582/599/1 3587/598/1 3581/593/1
f 3640/600/1 3749/597/1 3639/596/1
f 3640/600/1 3748/601/1 3749/597/1
f 3582/599/1 3586/602/1 3587/598/1
f 3583/603/1 3586/602/1 3582/599/1
f 3641/604/1 3748/601/1 3640/600/1
f 3641/604/1 3747/605/1 3748/601/1
f 3583/603/1 3584/606/1 3586/602/1
f 3584/606/1 3585/607/1 3586/602/1
f 3641/604/1 3746/608/1 3747/605/1
f 3642/609/1 3746/608/1 3641/604/1
f 3642/609/1 3745/610/1 3746/608/1
f 3643/611/1 3745/610/1 3642/609/1
f 3643/611/1 3744/612/1 3745/610/1
f 3643/611/1 3743/613/1 3744/612/1
f 3644/614/1 3743/613/1 3643/611/1
f 3644/614/1 3742/615/1 3743/613/1
f 3645/616/1 3742/615/1 3644/614/1
f 3645/616/1 3741/617/1 3742/615/1
f 3646/618/1 3741/617/1 3645/616/1
f 3646/618/1 3740/619/1 3741/617/1
f 3646/618/1 3739/620/1 3740/619/1
f 3647/621/1 3739/620/1 3646/618/1
f 3727/622/1 3725/623/1 3726/624/1
f 3728/625/1 3725/623/1 3727/622/1
f 3729/626/1 3725/623/1 3728/625/1
f 3730/627/1 3725/623/1 3729/626/1
f 3731/628/1 3725/623/1 3730/627/1
f 3732/629/1 3725/623/1 3731/628/1
f 3733/630/1 3725/623/1 3732/629/1
f 3734/631/1 3725/623/1 3733/630/1
f 3735/632/1 3725/623/1 3734/631/1
f 3736/633/1 3725/623/1 3735/632/1
f 3737/634/1 3725/623/1 3736/633/1
f 3738/635/1 3725/623/1 3737/634/1
f 3647/621/1 3738/635/1 3739/620/1
f 3647/621/1 3725/623/1 3738/635/1
f 3648/636/1 3725/623/1 3647/621/1
f 3649/637/1 3725/623/1 3648/636/1
f 3650/638/1 3723/639/1 3649/637/1
f 3723/639/1 3724/640/1 3649/637/1
f 3724/640/1 3725/623/1 3649/637/1
f 3651/641/1 3718/642/1 3650/638/1
f 3718/642/1 3719/643/1 3650/638/1
f 3719/643/1 3720/644/1 3650/638/1
f 3720/644/1 3721/645/1 3650/638/1
f 3721/645/1 3722/646/1 3650/638/1
f 3722/646/1 3723/639/1 3650/638/1
f 3652/647/1 3674/648/1 3651/641/1
f 3674/648/1 3675/649/1 3651/641/1
f 3675/649/1 3712/650/1 3651/641/1
f 3712/650/1 3713/651/1 3651/641/1
f 3713/651/1 3714/652/1 3651/641/1
f 3714/652/1 3715/653/1 3651/641/1
f 3715/653/1 3716/654/1 3651/641/1
f 3716/654/1 3717/655/1 3651/641/1
f 3717/655/1 3718/642/1 3651/641/1
f 3652/647/1 3673/656/1 3674/648/1
f 3676/657/1 3712/650/1 3675/649/1
f 3676/657/1 3711/658/1 3712/650/1
f 3653/659/1 3673/656/1 3652/647/1
f 3653/659/1 3672/660/1 3673/656/1
f 3654/661/1 3672/660/1 3653/659/1
f 3654/661/1 3671/662/1 3672/660/1
f 3655/663/1 3671/662/1 3654/661/1
f 3655/663/1 3670/664/1 3671/662/1
f 3677/665/1 3711/658/1 3676/657/1
f 3656/666/1 3670/664/1 3655/663/1
f 3677/665/1 3710/667/1 3711/658/1
f 3656/666/1 3669/668/1 3670/664/1
f 3657/669/1 3669/668/1 3656/666/1
f 3657/669/1 3668/670/1 3669/668/1
f 3658/671/1 3668/670/1 3657/669/1
f 3678/672/1 3710/667/1 3677/665/1
f 3658/671/1 3667/41/1 3668/670/1
f 3659/673/1 3667/41/1 3658/671/1
f 3678/672/1 3709/674/1 3710/667/1
f 3659/673/1 3666/675/1 3667/41/1
f 3660/676/1 3666/675/1 3659/673/1
f 3661/677/1 3666/675/1 3660/676/1
f 3661/677/1 3665/678/1 3666/675/1
f 3662/679/1 3665/678/1 3661/677/1
f 3679/680/1 3709/674/1 3678/672/1
f 3662/679/1 3664/681/1 3665/678/1
f 3662/679/1 3663/682/1 3664/681/1
f 3679/680/1 3708/683/1 3709/674/1
f 3680/684/1 3708/683/1 3679/680/1
f 3680/684/1 3707/685/1 3708/683/1
f 3681/686/1 3707/685/1 3680/684/1
f 3682/687/1 3707/685/1 3681/686/1
f 3682/687/1 3706/688/1 3707/685/1
f 3683/689/1 3706/688/1 3682/687/1
f 3683/689/1 3705/690/1 3706/688/1
f 3684/691/1 3705/690/1 3683/689/1
f 3684/691/1 3704/692/1 3705/690/1
f 3685/693/1 3704/692/1 3684/691/1
f 3686/694/1 3704/692/1 3685/693/1
f 3686/694/1 3703/695/1 3704/692/1
f 3687/696/1 3703/695/1 3686/694/1
f 3688/697/1 3703/695/1 3687/696/1
f 3689/698/1 3703/695/1 3688/697/1
f 3690/699/1 3703/695/1 3689/698/1
f 3690/699/1 3702/700/1 3703/695/1
f 3691/701/1 3702/700/1 3690/699/1
f 3692/702/1 3702/700/1 3691/701/1
f 3693/703/1 3702/700/1 3692/702/1
f 3694/704/1 3702/700/1 3693/703/1
f 3695/705/1 3702/700/1 3694/704/1
f 3696/706/1 3702/700/1 3695/705/1
f 3697/707/1 3702/700/1 3696/706/1
f 3698/708/1 3702/700/1 3697/707/1
f 3699/709/1 3702/700/1 3698/708/1
f 3699/709/1 3701/710/1 3702/700/1
f 3700/711/1 3701/710/1 3699/709/1
f 3764/90/1 3836/64/1 3763/65/1
f 3802/91/1 3800/92/1 3801/93/1
f 3803/95/1 3800/92/1 3802/91/1
f 3764/90/1 3835/94/1 3836/64/1
f 3804/97/1 3800/92/1 3803/95/1
f 3764/90/1 3834/96/1 3835/94/1
f 3805/99/1 3800/92/1 3804/97/1
f 3764/90/1 3833/98/1 3834/96/1
f 3806/101/1 3800/92/1 3805/99/1
f 3764/90/1 3832/100/1 3833/98/1
f 3807/103/1 3800/92/1 3806/101/1
f 3764/90/1 3831/102/1 3832/100/1
f 3808/105/1 3800/92/1 3807/103/1
f 3764/90/1 3830/104/1 3831/102/1
f 3809/107/1 3800/92/1 3808/105/1
f 3764/90/1 3829/106/1 3830/104/1
f 3810/109/1 3800/92/1 3809/107/1
f 3764/90/1 3828/108/1 3829/106/1
f 3811/111/1 3800/92/1 3810/109/1
f 3764/90/1 3827/110/1 3828/108/1
f 3812/113/1 3800/92/1 3811/111/1
f 3764/90/1 3826/112/1 3827/110/1
f 3813/115/1 3800/92/1 3812/113/1
f 3764/90/1 3825/114/1 3826/112/1
f 3764/90/1 3824/116/1 3825/114/1
f 3764/90/1 3823/117/1 3824/116/1
f 3764/90/1 3822/118/1 3823/117/1
f 3764/90/1 3821/119/1 3822/118/1
f 3764/90/1 3820/120/1 3821/119/1
f 3764/90/1 3819/121/1 3820/120/1
f 3764/90/1 3818/122/1 3819/121/1
f 3764/90/1 3817/123/1 3818/122/1
f 3764/90/1 3816/124/1 3817/123/1
f 3764/90/1 3815/125/1 3816/124/1
f 3764/90/1 3814/126/1 3815/125/1
f 3764/90/1 3813/115/1 3814/126/1
f 3764/90/1 3765/127/1 3813/115/1
f 3765/127/1 3766/128/1 3813/115/1
f 3766/128/1 3767/129/1 3813/115/1
f 3767/129/1 3768/130/1 3813/115/1
f 3768/130/1 3769/131/1 3813/115/1
f 3769/131/1 3770/132/1 3813/115/1
f 3770/132/1 3771/133/1 3813/115/1
f 3771/133/1 3772/134/1 3813/115/1
f 3772/134/1 3773/135/1 3813/115/1
f 3773/135/1 3774/136/1 3813/115/1
f 3774/136/1 3775/137/1 3813/115/1
f 3775/137/1 3776/138/1 3813/115/1
f 3776/138/1 3777/139/1 3813/115/1
f 3777/139/1 3778/140/1 3813/115/1
f 3778/140/1 3779/141/1 3813/115/1
f 3779/141/1 3781/142/1 3813/115/1
f 3781/142/1 3784/143/1 3813/115/1
f 3784/143/1 3787/144/1 3813/115/1
f 3787/144/1 3788/145/1 3813/115/1
f 3788/145/1 3789/146/1 3813/115/1
f 3789/146/1 3790/147/1 3813/115/1
f 3790/147/1 3791/148/1 3813/115/1
f 3791/148/1 3792/149/1 3813/115/1
f 3792/149/1 3793/150/1 3813/115/1
f 3793/150/1 3794/151/1 3813/115/1
f 3794/151/1 3795/152/1 3813/115/1
f 3795/152/1 3800/92/1 3813/115/1
f 3780/153/1 3781/142/1 3779/141/1
f 3782/154/1 3784/143/1 3781/142/1
f 3783/155/1 3784/143/1 3782/154/1
f 3785/156/1 3787/144/1 3784/143/1
f 3786/157/1 3787/144/1 3785/156/1
f 3796/158/1 3800/92/1 3795/152/1
f 3797/159/1 3800/92/1 3796/158/1
f 3798/160/1 3800/92/1 3797/159/1
f 3799/161/1 3800/92/1 3798/160/1
f 3839/66/1 3837/65/1 3838/162/1
f 3840/163/1 3837/65/1 3839/66/1
f 3841/69/1 3837/65/1 3840/163/1
f 3842/164/1 3837/65/1 3841/69/1
f 3843/71/1 3837/65/1 3842/164/1
f 3843/71/1 4013/64/1 3837/65/1
f 3844/165/1 4013/64/1 3843/71/1
f 3844/165/1 4012/166/1 4013/64/1
f 3845/73/1 4012/166/1 3844/165/1
f 3845/73/1 4011/63/1 4012/166/1
f 3846/167/1 4011/63/1 3845/73/1
f 3846/167/1 4010/168/1 4011/63/1
f 3847/75/1 4010/168/1 3846/167/1
f 3847/75/1 4009/62/1 4010/168/1
f 3848/169/1 4009/62/1 3847/75/1
f 3848/169/1 4008/170/1 4009/62/1
f 3849/77/1 4008/170/1 3848/169/1
f 3849/77/1 4007/61/1 4008/170/1
f 3850/171/1 4007/61/1 3849/77/1
f 3850/171/1 4006/172/1 4007/61/1
f 3851/79/1 4006/172/1 3850/171/1
f 3851/79/1 4005/52/1 4006/172/1
f 3851/79/1 4004/173/1 4005/52/1
f 3851/79/1 4003/39/1 4004/173/1
f 3851/79/1 4002/174/1 4003/39/1
f 3852/175/1 4002/174/1 3851/79/1
f 3852/175/1 4001/34/1 4002/174/1
f 3853/81/1 4001/34/1 3852/175/1
f 3989/24/1 3987/22/1 3988/176/1
f 3990/177/1 3987/22/1 3989/24/1
f 3991/26/1 3987/22/1 3990/177/1
f 3992/178/1 3987/22/1 3991/26/1
f 3993/27/1 3987/22/1 3992/178/1
f 3994/179/1 3987/22/1 3993/27/1
f 3995/29/1 3987/22/1 3994/179/1
f 3996/180/1 3987/22/1 3995/29/1
f 3997/30/1 3987/22/1 3996/180/1
f 3998/181/1 3987/22/1 3997/30/1
f 3999/31/1 3987/22/1 3998/181/1
f 4000/182/1 3987/22/1 3999/31/1
f 3853/81/1 4000/182/1 4001/34/1
f 3853/81/1 3987/22/1 4000/182/1
f 3854/183/1 3987/22/1 3853/81/1
f 3854/183/1 3986/184/1 3987/22/1
f 3854/183/1 3985/20/1 3986/184/1
f 3854/183/1 3984/185/1 3985/20/1
f 3854/183/1 3983/18/1 3984/185/1
f 3855/83/1 3983/18/1 3854/183/1
f 3855/83/1 3982/186/1 3983/18/1
f 3855/83/1 3981/16/1 3982/186/1
f 3855/83/1 3980/187/1 3981/16/1
f 3855/83/1 3875/76/1 3980/187/1
f 3875/76/1 3979/14/1 3980/187/1
f 3875/76/1 3978/188/1 3979/14/1
f 3875/76/1 3876/189/1 3978/188/1
f 3876/189/1 3977/12/1 3978/188/1
f 3855/83/1 3874/190/1 3875/76/1
f 3877/74/1 3977/12/1 3876/189/1
f 3856/191/1 3874/190/1 3855/83/1
f 3877/74/1 3976/192/1 3977/12/1
f 3877/74/1 3975/10/1 3976/192/1
f 3877/74/1 3974/193/1 3975/10/1
f 3878/194/1 3974/193/1 3877/74/1
f 3856/191/1 3873/78/1 3874/190/1
f 3857/85/1 3873/78/1 3856/191/1
f 3878/194/1 3973/8/1 3974/193/1
f 3879/72/1 3973/8/1 3878/194/1
f 3857/85/1 3872/195/1 3873/78/1
f 3879/72/1 3972/196/1 3973/8/1
f 3858/197/1 3872/195/1 3857/85/1
f 3880/198/1 3972/196/1 3879/72/1
f 3858/197/1 3871/80/1 3872/195/1
f 3880/198/1 3971/6/1 3972/196/1
f 3881/70/1 3971/6/1 3880/198/1
f 3858/197/1 3870/199/1 3871/80/1
f 3859/87/1 3870/199/1 3858/197/1
f 3881/70/1 3970/200/1 3971/6/1
f 3882/201/1 3970/200/1 3881/70/1
f 3859/87/1 3869/82/1 3870/199/1
f 3860/202/1 3869/82/1 3859/87/1
f 3883/68/1 3970/200/1 3882/201/1
f 3860/202/1 3868/203/1 3869/82/1
f 3883/68/1 3969/1/1 3970/200/1
f 3901/53/1 3899/50/1 3900/204/1
f 3901/53/1 3898/205/1 3899/50/1
f 3861/89/1 3868/203/1 3860/202/1
f 3861/89/1 3867/84/1 3868/203/1
f 3884/206/1 3969/1/1 3883/68/1
f 3901/53/1 3897/48/1 3898/205/1
f 3884/206/1 3968/207/1 3969/1/1
f 3901/53/1 3896/208/1 3897/48/1
f 3861/89/1 3866/209/1 3867/84/1
f 3901/53/1 3895/47/1 3896/208/1
f 3885/67/1 3968/207/1 3884/206/1
f 3862/210/1 3866/209/1 3861/89/1
f 3885/67/1 3967/3/1 3968/207/1
f 3901/53/1 3894/211/1 3895/47/1
f 3902/212/1 3894/211/1 3901/53/1
f 3862/210/1 3865/86/1 3866/209/1
f 3902/212/1 3893/45/1 3894/211/1
f 3903/55/1 3893/45/1 3902/212/1
f 3886/213/1 3967/3/1 3885/67/1
f 3863/88/1 3865/86/1 3862/210/1
f 3903/55/1 3892/214/1 3893/45/1
f 3904/215/1 3892/214/1 3903/55/1
f 3886/213/1 3966/216/1 3967/3/1
f 3863/88/1 3864/217/1 3865/86/1
f 3904/215/1 3891/43/1 3892/214/1
f 3905/56/1 3891/43/1 3904/215/1
f 3887/42/1 3966/216/1 3886/213/1
f 3906/218/1 3891/43/1 3905/56/1
f 3906/218/1 3890/219/1 3891/43/1
f 3887/42/1 3965/2/1 3966/216/1
f 3907/57/1 3890/219/1 3906/218/1
f 3907/57/1 3889/40/1 3890/219/1
f 3888/220/1 3965/2/1 3887/42/1
f 3908/221/1 3889/40/1 3907/57/1
f 3908/221/1 3888/220/1 3889/40/1
f 3888/220/1 3964/222/1 3965/2/1
f 3909/58/1 3888/220/1 3908/221/1
f 3909/58/1 3964/222/1 3888/220/1
f 3910/223/1 3964/222/1 3909/58/1
f 3910/223/1 3963/4/1 3964/222/1
f 3911/59/1 3963/4/1 3910/223/1
f 3912/224/1 3963/4/1 3911/59/1
f 3912/224/1 3962/225/1 3963/4/1
f 3913/60/1 3962/225/1 3912/224/1
f 3913/60/1 3961/5/1 3962/225/1
f 3913/60/1 3960/226/1 3961/5/1
f 3914/227/1 3960/226/1 3913/60/1
f 3914/227/1 3959/7/1 3960/226/1
f 3914/227/1 3958/228/1 3959/7/1
f 3914/227/1 3957/9/1 3958/228/1
f 3915/54/1 3957/9/1 3914/227/1
f 3915/54/1 3956/229/1 3957/9/1
f 3915/54/1 3955/11/1 3956/229/1
f 3915/54/1 3938/230/1 3955/11/1
f 3938/230/1 3954/231/1 3955/11/1
f 3916/232/1 3938/230/1 3915/54/1
f 3916/232/1 3937/32/1 3938/230/1
f 3939/28/1 3954/231/1 3938/230/1
f 3939/28/1 3953/13/1 3954/231/1
f 3940/233/1 3953/13/1 3939/28/1
f 3940/233/1 3952/234/1 3953/13/1
f 3940/233/1 3951/15/1 3952/234/1
f 3941/25/1 3951/15/1 3940/233/1
f 3941/25/1 3942/235/1 3951/15/1
f 3942/235/1 3943/23/1 3951/15/1
f 3943/23/1 3944/236/1 3951/15/1
f 3944/236/1 3945/21/1 3951/15/1
f 3945/21/1 3946/237/1 3951/15/1
f 3946/237/1 3947/19/1 3951/15/1
f 3947/19/1 3948/238/1 3951/15/1
f 3948/238/1 3949/17/1 3951/15/1
f 3949/17/1 3950/239/1 3951/15/1
f 3917/51/1 3937/32/1 3916/232/1
f 3917/51/1 3936/240/1 3937/32/1
f 3918/241/1 3936/240/1 3917/51/1
f 3918/241/1 3935/33/1 3936/240/1
f 3919/49/1 3935/33/1 3918/241/1
f 3919/49/1 3934/242/1 3935/33/1
f 3920/243/1 3934/242/1 3919/49/1
f 3920/243/1 3933/35/1 3934/242/1
f 3921/46/1 3933/35/1 3920/243/1
f 3921/46/1 3932/244/1 3933/35/1
f 3922/245/1 3932/244/1 3921/46/1
f 3922/245/1 3931/36/1 3932/244/1
f 3923/44/1 3931/36/1 3922/245/1
f 3923/44/1 3930/246/1 3931/36/1
f 3924/247/1 3930/246/1 3923/44/1
f 3925/41/1 3930/246/1 3924/247/1
f 3925/41/1 3929/37/1 3930/246/1
f 3926/248/1 3929/37/1 3925/41/1
f 3926/248/1 3928/249/1 3929/37/1
f 3926/248/1 3927/38/1 3928/249/1
f 4124/3094/1 4122/3095/1 4123/3096/1
f 4124/3094/1 4121/3097/1 4122/3095/1
f 4125/3098/1 4121/3097/1 4124/3094/1
f 4125/3098/1 4120/3099/1 4121/3097/1
f 4126/3100/1 4120/3099/1 4125/3098/1
f 4126/3100/1 4119/3101/1 4120/3099/1
f 4127/3102/1 4119/3101/1 4126/3100/1
f 4127/3102/1 4118/354/1 4119/3101/1
f 4128/3103/1 4014/65/1 4127/3102/1
f 4014/65/1 4062/3104/1 4127/3102/1
f 4062/3104/1 4118/354/1 4127/3102/1
f 4014/65/1 4170/64/1 4062/3104/1
f 4063/3105/1 4118/354/1 4062/3104/1
f 4128/3103/1 4061/3106/1 4014/65/1
f 4015/3107/1 4170/64/1 4014/65/1
f 4063/3105/1 4117/3108/1 4118/354/1
f 4064/3109/1 4117/3108/1 4063/3105/1
f 4128/3103/1 4060/3110/1 4061/3106/1
f 4129/3111/1 4060/3110/1 4128/3103/1
f 4065/3112/1 4117/3108/1 4064/3109/1
f 4015/3107/1 4169/3113/1 4170/64/1
f 4129/3111/1 4059/3114/1 4060/3110/1
f 4016/3115/1 4169/3113/1 4015/3107/1
f 4066/307/1 4117/3108/1 4065/3112/1
f 4066/307/1 4116/3116/1 4117/3108/1
f 4129/3111/1 4058/3117/1 4059/3114/1
f 4016/3115/1 4168/3118/1 4169/3113/1
f 4130/3119/1 4058/3117/1 4129/3111/1
f 4017/3120/1 4168/3118/1 4016/3115/1
f 4067/3121/1 4116/3116/1 4066/307/1
f 4130/3119/1 4057/3122/1 4058/3117/1
f 4067/3121/1 4115/3123/1 4116/3116/1
f 4068/3124/1 4115/3123/1 4067/3121/1
f 4018/3125/1 4168/3118/1 4017/3120/1
f 4018/3125/1 4167/3126/1 4168/3118/1
f 4131/1/1 4057/3122/1 4130/3119/1
f 4131/1/1 4056/3127/1 4057/3122/1
f 4019/3128/1 4167/3126/1 4018/3125/1
f 4069/3129/1 4115/3123/1 4068/3124/1
f 4019/3128/1 4166/3130/1 4167/3126/1
f 4069/3129/1 4114/3131/1 4115/3123/1
f 4020/3132/1 4166/3130/1 4019/3128/1
f 4020/3132/1 4165/3133/1 4166/3130/1
f 4070/3134/1 4114/3131/1 4069/3129/1
f 4131/1/1 4055/3135/1 4056/3127/1
f 4132/3136/1 4055/3135/1 4131/1/1
f 4021/3137/1 4165/3133/1 4020/3132/1
f 4021/3137/1 4164/3138/1 4165/3133/1
f 4070/3134/1 4113/3139/1 4114/3131/1
f 4071/3140/1 4113/3139/1 4070/3134/1
f 4132/3136/1 4054/3141/1 4055/3135/1
f 4022/3142/1 4164/3138/1 4021/3137/1
f 4022/3142/1 4163/3143/1 4164/3138/1
f 4133/3144/1 4054/3141/1 4132/3136/1
f 4072/3145/1 4113/3139/1 4071/3140/1
f 4023/3146/1 4163/3143/1 4022/3142/1
f 4133/3144/1 4053/70/1 4054/3141/1
f 4023/3146/1 4162/3147/1 4163/3143/1
f 4072/3145/1 4112/3148/1 4113/3139/1
f 4024/3149/1 4162/3147/1 4023/3146/1
f 4024/3149/1 4161/3150/1 4162/3147/1
f 4073/3151/1 4112/3148/1 4072/3145/1
f 4133/3144/1 4052/3152/1 4053/70/1
f 4134/3153/1 4052/3152/1 4133/3144/1
f 4025/3154/1 4161/3150/1 4024/3149/1
f 4025/3154/1 4160/3155/1 4161/3150/1
f 4073/3151/1 4111/3156/1 4112/3148/1
f 4026/3157/1 4160/3155/1 4025/3154/1
f 4074/3158/1 4111/3156/1 4073/3151/1
f 4134/3153/1 4051/3159/1 4052/3152/1
f 4026/3157/1 4159/3160/1 4160/3155/1
f 4027/3161/1 4159/3160/1 4026/3157/1
f 4135/3162/1 4051/3159/1 4134/3153/1
f 4027/3161/1 4158/3163/1 4159/3160/1
f 4075/3164/1 4111/3156/1 4074/3158/1
f 4135/3162/1 4050/3165/1 4051/3159/1
f 4075/3164/1 4110/3166/1 4111/3156/1
f 4028/3167/1 4158/3163/1 4027/3161/1
f 4135/3162/1 4049/3168/1 4050/3165/1
f 4076/3169/1 4110/3166/1 4075/3164/1
f 4136/3170/1 4049/3168/1 4135/3162/1
f 4028/3167/1 4157/3171/1 4158/3163/1
f 4076/3169/1 4109/3172/1 4110/3166/1
f 4029/3173/1 4157/3171/1 4028/3167/1
f 4136/3170/1 4048/3174/1 4049/3168/1
f 4077/3175/1 4109/3172/1 4076/3169/1
f 4137/3176/1 4048/3174/1 4136/3170/1
f 4030/3177/1 4157/3171/1 4029/3173/1
f 4137/3176/1 4047/3178/1 4048/3174/1
f 4030/3177/1 4156/3179/1 4157/3171/1
f 4077/3175/1 4108/3180/1 4109/3172/1
f 4078/3181/1 4108/3180/1 4077/3175/1
f 4137/3176/1 4046/3182/1 4047/3178/1
f 4031/3183/1 4156/3179/1 4030/3177/1
f 4138/3184/1 4046/3182/1 4137/3176/1
f 4031/3183/1 4155/3185/1 4156/3179/1
f 4138/3184/1 4045/3186/1 4046/3182/1
f 4032/3187/1 4155/3185/1 4031/3183/1
f 4078/3181/1 4107/3188/1 4108/3180/1
f 4079/3189/1 4107/3188/1 4078/3181/1
f 4139/3190/1 4045/3186/1 4138/3184/1
f 4139/3190/1 4044/3191/1 4045/3186/1
f 4033/3192/1 4155/3185/1 4032/3187/1
f 4033/3192/1 4154/3193/1 4155/3185/1
f 4139/3190/1 4043/3194/1 4044/3191/1
f 4080/3195/1 4107/3188/1 4079/3189/1
f 4034/3196/1 4154/3193/1 4033/3192/1
f 4140/3197/1 4043/3194/1 4139/3190/1
f 4140/3197/1 4042/3198/1 4043/3194/1
f 4080/3195/1 4106/3199/1 4107/3188/1
f 4035/3200/1 4154/3193/1 4034/3196/1
f 4140/3197/1 4041/3201/1 4042/3198/1
f 4081/3202/1 4106/3199/1 4080/3195/1
f 4035/3200/1 4153/3203/1 4154/3193/1
f 4036/3204/1 4153/3203/1 4035/3200/1
f 4140/3197/1 4040/1306/1 4041/3201/1
f 4037/3205/1 4153/3203/1 4036/3204/1
f 4140/3197/1 4039/3206/1 4040/1306/1
f 4141/3207/1 4039/3206/1 4140/3197/1
f 4038/3208/1 4153/3203/1 4037/3205/1
f 4141/3207/1 4038/3208/1 4039/3206/1
f 4141/3207/1 4153/3203/1 4038/3208/1
f 4082/3209/1 4106/3199/1 4081/3202/1
f 4082/3209/1 4105/3210/1 4106/3199/1
f 4141/3207/1 4152/3211/1 4153/3203/1
f 4142/3212/1 4152/3211/1 4141/3207/1
f 4083/3213/1 4105/3210/1 4082/3209/1
f 4142/3212/1 4151/3214/1 4152/3211/1
f 4143/3215/1 4151/3214/1 4142/3212/1
f 4083/3213/1 4104/3216/1 4105/3210/1
f 4084/3217/1 4104/3216/1 4083/3213/1
f 4143/3215/1 4150/3218/1 4151/3214/1
f 4144/1279/1 4150/3218/1 4143/3215/1
f 4085/3219/1 4104/3216/1 4084/3217/1
f 4086/3220/1 4104/3216/1 4085/3219/1
f 4144/1279/1 4149/3221/1 4150/3218/1
f 4145/3222/1 4149/3221/1 4144/1279/1
f 4086/3220/1 4103/3223/1 4104/3216/1
f 4087/3224/1 4103/3223/1 4086/3220/1
f 4088/3225/1 4103/3223/1 4087/3224/1
f 4089/3226/1 4103/3223/1 4088/3225/1
f 4145/3222/1 4148/3227/1 4149/3221/1
f 4146/3228/1 4148/3227/1 4145/3222/1
f 4090/3229/1 4103/3223/1 4089/3226/1
f 4091/3230/1 4103/3223/1 4090/3229/1
f 4092/41/1 4103/3223/1 4091/3230/1
f 4093/3231/1 4103/3223/1 4092/41/1
f 4094/3232/1 4103/3223/1 4093/3231/1
f 4095/3233/1 4103/3223/1 4094/3232/1
f 4146/3228/1 4147/3234/1 4148/3227/1
f 4096/3235/1 4103/3223/1 4095/3233/1
f 4097/3236/1 4103/3223/1 4096/3235/1
f 4098/3237/1 4103/3223/1 4097/3236/1
f 4099/3238/1 4103/3223/1 4098/3237/1
f 4099/3238/1 4102/3239/1 4103/3223/1
f 4099/3238/1 4101/3240/1 4102/3239/1
f 4099/3238/1 4100/3241/1 4101/3240/1
f 4234/3242/1 4232/3243/1 4233/3244/1
f 4235/3245/1 4232/3243/1 4234/3242/1
f 4235/3245/1 4231/425/1 4232/3243/1
f 4236/412/1 4231/425/1 4235/3245/1
f 4236/412/1 4230/3246/1 4231/425/1
f 4237/3247/1 4230/3246/1 4236/412/1
f 4237/3247/1 4229/3248/1 4230/3246/1
f 4238/3249/1 4229/3248/1 4237/3247/1
f 4239/640/1 4229/3248/1 4238/3249/1
f 4239/640/1 4228/3250/1 4229/3248/1
f 4240/3251/1 4228/3250/1 4239/640/1
f 4240/3251/1 4227/3252/1 4228/3250/1
f 4241/398/1 4227/3252/1 4240/3251/1
f 4242/3253/1 4227/3252/1 4241/398/1
f 4242/3253/1 4184/3254/1 4227/3252/1
f 4184/3254/1 4185/3255/1 4227/3252/1
f 4185/3255/1 4226/459/1 4227/3252/1
f 4243/3256/1 4184/3254/1 4242/3253/1
f 4243/3256/1 4183/3257/1 4184/3254/1
f 4186/503/1 4226/459/1 4185/3255/1
f 4243/3256/1 4182/3258/1 4183/3257/1
f 4187/3259/1 4226/459/1 4186/503/1
f 4244/3260/1 4182/3258/1 4243/3256/1
f 4244/3260/1 4181/516/1 4182/3258/1
f 4188/588/1 4226/459/1 4187/3259/1
f 4245/3261/1 4181/516/1 4244/3260/1
f 4245/3261/1 4180/3262/1 4181/516/1
f 4188/588/1 4225/3263/1 4226/459/1
f 4246/409/1 4180/3262/1 4245/3261/1
f 4189/3264/1 4225/3263/1 4188/588/1
f 4247/3265/1 4180/3262/1 4246/409/1
f 4247/3265/1 4179/3266/1 4180/3262/1
f 4248/3267/1 4179/3266/1 4247/3265/1
f 4249/3268/1 4179/3266/1 4248/3267/1
f 4250/3269/1 4179/3266/1 4249/3268/1
f 4251/426/1 4179/3266/1 4250/3269/1
f 4190/3270/1 4225/3263/1 4189/3264/1
f 4252/3271/1 4179/3266/1 4251/426/1
f 4253/3272/1 4179/3266/1 4252/3271/1
f 4253/3272/1 4178/3273/1 4179/3266/1
f 4254/3274/1 4178/3273/1 4253/3272/1
f 4190/3270/1 4224/3275/1 4225/3263/1
f 4255/3276/1 4178/3273/1 4254/3274/1
f 4256/64/1 4178/3273/1 4255/3276/1
f 4171/65/1 4178/3273/1 4256/64/1
f 4172/3277/1 4173/3278/1 4171/65/1
f 4173/3278/1 4174/3279/1 4171/65/1
f 4174/3279/1 4175/3280/1 4171/65/1
f 4175/3280/1 4176/487/1 4171/65/1
f 4176/487/1 4177/3281/1 4171/65/1
f 4177/3281/1 4178/3273/1 4171/65/1
f 4191/501/1 4224/3275/1 4190/3270/1
f 4192/3282/1 4224/3275/1 4191/501/1
f 4192/3282/1 4223/3283/1 4224/3275/1
f 4193/3284/1 4223/3283/1 4192/3282/1
f 4193/3284/1 4222/694/1 4223/3283/1
f 4194/3285/1 4222/694/1 4193/3284/1
f 4195/3286/1 4222/694/1 4194/3285/1
f 4195/3286/1 4221/468/1 4222/694/1
f 4196/502/1 4221/468/1 4195/3286/1
f 4197/3287/1 4221/468/1 4196/502/1
f 4197/3287/1 4220/3288/1 4221/468/1
f 4198/3289/1 4220/3288/1 4197/3287/1
f 4198/3289/1 4219/3290/1 4220/3288/1
f 4199/3291/1 4219/3290/1 4198/3289/1
f 4199/3291/1 4218/3292/1 4219/3290/1
f 4200/3293/1 4218/3292/1 4199/3291/1
f 4200/3293/1 4217/3294/1 4218/3292/1
f 4201/522/1 4217/3294/1 4200/3293/1
f 4202/3295/1 4217/3294/1 4201/522/1
f 4202/3295/1 4216/452/1 4217/3294/1
f 4203/3296/1 4216/452/1 4202/3295/1
f 4203/3296/1 4215/3297/1 4216/452/1
f 4204/3298/1 4215/3297/1 4203/3296/1
f 4205/636/1 4215/3297/1 4204/3298/1
f 4205/636/1 4214/3299/1 4215/3297/1
f 4206/454/1 4214/3299/1 4205/636/1
f 4207/3300/1 4214/3299/1 4206/454/1
f 4208/3301/1 4214/3299/1 4207/3300/1
f 4209/3302/1 4214/3299/1 4208/3301/1
f 4209/3302/1 4213/3303/1 4214/3299/1
f 4209/3302/1 4212/3304/1 4213/3303/1
f 4209/3302/1 4211/438/1 4212/3304/1
f 4209/3302/1 4210/3305/1 4211/438/1
f 4265/583/1 4282/707/1 4264/566/1
f 4282/707/1 4263/534/1 4264/566/1
f 4282/707/1 4283/700/1 4263/534/1
f 4283/700/1 4262/533/1 4263/534/1
f 4265/583/1 4281/702/1 4282/707/1
f 4284/685/1 4262/533/1 4283/700/1
f 4265/583/1 4280/696/1 4281/702/1
f 4285/650/1 4262/533/1 4284/685/1
f 4265/583/1 4279/687/1 4280/696/1
f 4286/655/1 4262/533/1 4285/650/1
f 4265/583/1 4278/665/1 4279/687/1
f 4287/646/1 4262/533/1 4286/655/1
f 4265/583/1 4277/660/1 4278/665/1
f 4288/622/1 4262/533/1 4287/646/1
f 4265/583/1 4276/41/1 4277/660/1
f 4289/629/1 4262/533/1 4288/622/1
f 4265/583/1 4275/679/1 4276/41/1
f 4290/634/1 4262/533/1 4289/629/1
f 4265/583/1 4274/669/1 4275/679/1
f 4291/615/1 4262/533/1 4290/634/1
f 4265/583/1 4273/647/1 4274/669/1
f 4292/605/1 4262/533/1 4291/615/1
f 4265/583/1 4272/621/1 4273/647/1
f 4293/590/1 4262/533/1 4292/605/1
f 4265/583/1 4271/609/1 4272/621/1
f 4294/571/1 4262/533/1 4293/590/1
f 4265/583/1 4270/586/1 4271/609/1
f 4295/64/1 4262/533/1 4294/571/1
f 4265/583/1 4269/564/1 4270/586/1
f 4268/544/1 4262/533/1 4295/64/1
f 4265/583/1 4268/544/1 4269/564/1
f 4265/583/1 4262/533/1 4268/544/1
f 4265/583/1 4261/561/1 4262/533/1
f 4265/583/1 4260/598/1 4261/561/1
f 4266/546/1 4260/598/1 4265/583/1
f 4267/527/1 4260/598/1 4266/546/1
f 4257/65/1 4259/599/1 4267/527/1
f 4259/599/1 4260/598/1 4267/527/1
f 4257/65/1 4258/563/1 4259/599/1
f 4528/3306/1 4526/3307/1 4527/634/1
f 4529/3308/1 4526/3307/1 4528/3306/1
f 4530/3309/1 4526/3307/1 4529/3308/1
f 4531/3310/1 4526/3307/1 4530/3309/1
f 4532/3311/1 4526/3307/1 4531/3310/1
f 4533/3312/1 4526/3307/1 4532/3311/1
f 4534/615/1 4526/3307/1 4533/3312/1
f 4535/3313/1 4526/3307/1 4534/615/1
f 4536/3314/1 4526/3307/1 4535/3313/1
f 4537/3315/1 4526/3307/1 4536/3314/1
f 4538/3316/1 4526/3307/1 4537/3315/1
f 4539/3317/1 4526/3307/1 4538/3316/1
f 4540/3318/1 4526/3307/1 4539/3317/1
f 4541/605/1 4526/3307/1 4540/3318/1
f 4542/3319/1 4526/3307/1 4541/605/1
f 4543/1270/1 4526/3307/1 4542/3319/1
f 4544/3320/1 4526/3307/1 4543/1270/1
f 4545/3321/1 4526/3307/1 4544/3320/1
f 4546/3322/1 4526/3307/1 4545/3321/1
f 4345/566/1 4562/64/1 4344/3323/1
f 4547/3324/1 4526/3307/1 4546/3322/1
f 4345/566/1 4561/3325/1 4562/64/1
f 4345/566/1 4560/3326/1 4561/3325/1
f 4548/590/1 4526/3307/1 4547/3324/1
f 4345/566/1 4559/3327/1 4560/3326/1
f 4345/566/1 4558/3328/1 4559/3327/1
f 4549/3329/1 4526/3307/1 4548/590/1
f 4345/566/1 4557/3330/1 4558/3328/1
f 4345/566/1 4556/3331/1 4557/3330/1
f 4550/3332/1 4526/3307/1 4549/3329/1
f 4345/566/1 4555/571/1 4556/3331/1
f 4345/566/1 4554/3333/1 4555/571/1
f 4345/566/1 4553/3334/1 4554/3333/1
f 4551/3335/1 4526/3307/1 4550/3332/1
f 4345/566/1 4552/3336/1 4553/3334/1
f 4345/566/1 4551/3335/1 4552/3336/1
f 4345/566/1 4346/3337/1 4551/3335/1
f 4346/3337/1 4347/3338/1 4551/3335/1
f 4347/3338/1 4348/3339/1 4551/3335/1
f 4348/3339/1 4349/3340/1 4551/3335/1
f 4349/3340/1 4350/3341/1 4551/3335/1
f 4350/3341/1 4351/3342/1 4551/3335/1
f 4351/3342/1 4352/583/1 4551/3335/1
f 4352/583/1 4526/3307/1 4551/3335/1
f 4352/583/1 4353/1325/1 4526/3307/1
f 4353/1325/1 4525/3343/1 4526/3307/1
f 4353/1325/1 4354/3344/1 4525/3343/1
f 4354/3344/1 4524/342/1 4525/3343/1
f 4354/3344/1 4355/3345/1 4524/342/1
f 4355/3345/1 4523/3346/1 4524/342/1
f 4355/3345/1 4356/3347/1 4523/3346/1
f 4356/3347/1 4522/3348/1 4523/3346/1
f 4356/3347/1 4358/3349/1 4522/3348/1
f 4358/3349/1 4359/546/1 4522/3348/1
f 4359/546/1 4360/3350/1 4522/3348/1
f 4360/3350/1 4361/3351/1 4522/3348/1
f 4361/3351/1 4362/3352/1 4522/3348/1
f 4362/3352/1 4363/3353/1 4522/3348/1
f 4363/3353/1 4521/3354/1 4522/3348/1
f 4363/3353/1 4364/3355/1 4521/3354/1
f 4364/3355/1 4365/3356/1 4521/3354/1
f 4365/3356/1 4366/527/1 4521/3354/1
f 4366/527/1 4367/3357/1 4521/3354/1
f 4367/3357/1 4368/3358/1 4521/3354/1
f 4368/3358/1 4369/3359/1 4521/3354/1
f 4369/3359/1 4520/629/1 4521/3354/1
f 4369/3359/1 4519/3360/1 4520/629/1
f 4370/3361/1 4519/3360/1 4369/3359/1
f 4370/3361/1 4518/3362/1 4519/3360/1
f 4370/3361/1 4517/3363/1 4518/3362/1
f 4370/3361/1 4516/3364/1 4517/3363/1
f 4370/3361/1 4515/3365/1 4516/3364/1
f 4371/3366/1 4515/3365/1 4370/3361/1
f 4356/3347/1 4357/3367/1 4358/3349/1
f 4371/3366/1 4514/3368/1 4515/3365/1
f 4371/3366/1 4513/622/1 4514/3368/1
f 4372/294/1 4513/622/1 4371/3366/1
f 4372/294/1 4512/3369/1 4513/622/1
f 4373/544/1 4512/3369/1 4372/294/1
f 4373/544/1 4511/3370/1 4512/3369/1
f 4373/544/1 4510/3371/1 4511/3370/1
f 4374/3372/1 4510/3371/1 4373/544/1
f 4374/3372/1 4509/3373/1 4510/3371/1
f 4375/3374/1 4509/3373/1 4374/3372/1
f 4376/3375/1 4509/3373/1 4375/3374/1
f 4376/3375/1 4508/3376/1 4509/3373/1
f 4377/3377/1 4508/3376/1 4376/3375/1
f 4377/3377/1 4507/3378/1 4508/3376/1
f 4378/3379/1 4507/3378/1 4377/3377/1
f 4378/3379/1 4506/646/1 4507/3378/1
f 4379/3380/1 4506/646/1 4378/3379/1
f 4379/3380/1 4505/1287/1 4506/646/1
f 4380/564/1 4505/1287/1 4379/3380/1
f 4380/564/1 4504/3381/1 4505/1287/1
f 4381/3382/1 4504/3381/1 4380/564/1
f 4382/3383/1 4504/3381/1 4381/3382/1
f 4382/3383/1 4503/3384/1 4504/3381/1
f 4383/3385/1 4503/3384/1 4382/3383/1
f 4491/3386/1 4489/3387/1 4490/3388/1
f 4492/650/1 4489/3387/1 4491/3386/1
f 4493/3389/1 4489/3387/1 4492/650/1
f 4494/3390/1 4489/3387/1 4493/3389/1
f 4495/3391/1 4489/3387/1 4494/3390/1
f 4495/3391/1 4488/3392/1 4489/3387/1
f 4496/3393/1 4488/3392/1 4495/3391/1
f 4383/3385/1 4502/3394/1 4503/3384/1
f 4497/3395/1 4488/3392/1 4496/3393/1
f 4498/3396/1 4488/3392/1 4497/3395/1
f 4384/3397/1 4502/3394/1 4383/3385/1
f 4498/3396/1 4487/3398/1 4488/3392/1
f 4499/655/1 4487/3398/1 4498/3396/1
f 4500/3399/1 4487/3398/1 4499/655/1
f 4501/3400/1 4487/3398/1 4500/3399/1
f 4502/3394/1 4487/3398/1 4501/3400/1
f 4502/3394/1 4486/374/1 4487/3398/1
f 4384/3397/1 4486/374/1 4502/3394/1
f 4385/3401/1 4486/374/1 4384/3397/1
f 4385/3401/1 4485/685/1 4486/374/1
f 4386/3402/1 4485/685/1 4385/3401/1
f 4386/3402/1 4406/3403/1 4485/685/1
f 4406/3403/1 4484/3404/1 4485/685/1
f 4386/3402/1 4405/3405/1 4406/3403/1
f 4407/3406/1 4484/3404/1 4406/3403/1
f 4387/586/1 4405/3405/1 4386/3402/1
f 4387/586/1 4404/3407/1 4405/3405/1
f 4408/647/1 4484/3404/1 4407/3406/1
f 4408/647/1 4483/3408/1 4484/3404/1
f 4387/586/1 4403/3409/1 4404/3407/1
f 4409/3410/1 4483/3408/1 4408/647/1
f 4410/324/1 4483/3408/1 4409/3410/1
f 4387/586/1 4402/3411/1 4403/3409/1
f 4388/3412/1 4402/3411/1 4387/586/1
f 4411/3413/1 4483/3408/1 4410/324/1
f 4388/3412/1 4401/621/1 4402/3411/1
f 4411/3413/1 4482/3414/1 4483/3408/1
f 4412/3415/1 4482/3414/1 4411/3413/1
f 4388/3412/1 4400/3416/1 4401/621/1
f 4389/3417/1 4400/3416/1 4388/3412/1
f 4413/3418/1 4482/3414/1 4412/3415/1
f 4389/3417/1 4399/3419/1 4400/3416/1
f 4413/3418/1 4481/3420/1 4482/3414/1
f 4390/3421/1 4399/3419/1 4389/3417/1
f 4414/3422/1 4481/3420/1 4413/3418/1
f 4390/3421/1 4398/3423/1 4399/3419/1
f 4414/3422/1 4480/3424/1 4481/3420/1
f 4415/669/1 4480/3424/1 4414/3422/1
f 4391/1317/1 4398/3423/1 4390/3421/1
f 4391/1317/1 4397/3425/1 4398/3423/1
f 4416/3426/1 4480/3424/1 4415/669/1
f 4392/3427/1 4397/3425/1 4391/1317/1
f 4416/3426/1 4479/3428/1 4480/3424/1
f 4392/3427/1 4396/3429/1 4397/3425/1
f 4393/3430/1 4396/3429/1 4392/3427/1
f 4417/3431/1 4479/3428/1 4416/3426/1
f 4417/3431/1 4478/700/1 4479/3428/1
f 4393/3430/1 4395/3432/1 4396/3429/1
f 4394/609/1 4395/3432/1 4393/3430/1
f 4418/3433/1 4478/700/1 4417/3431/1
f 4443/665/1 4441/3434/1 4442/3435/1
f 4444/3436/1 4441/3434/1 4443/665/1
f 4444/3436/1 4440/3437/1 4441/3434/1
f 4445/3438/1 4440/3437/1 4444/3436/1
f 4419/3439/1 4478/700/1 4418/3433/1
f 4445/3438/1 4439/3440/1 4440/3437/1
f 4419/3439/1 4477/3441/1 4478/700/1
f 4446/3442/1 4439/3440/1 4445/3438/1
f 4446/3442/1 4438/3443/1 4439/3440/1
f 4447/3444/1 4438/3443/1 4446/3442/1
f 4447/3444/1 4437/3445/1 4438/3443/1
f 4420/3446/1 4477/3441/1 4419/3439/1
f 4448/380/1 4437/3445/1 4447/3444/1
f 4448/380/1 4436/660/1 4437/3445/1
f 4449/3447/1 4436/660/1 4448/380/1
f 4421/3448/1 4477/3441/1 4420/3446/1
f 4421/3448/1 4476/3449/1 4477/3441/1
f 4450/687/1 4436/660/1 4449/3447/1
f 4450/687/1 4332/3450/1 4436/660/1
f 4332/3450/1 4435/3451/1 4436/660/1
f 4450/687/1 4331/533/1 4332/3450/1
f 4333/3452/1 4435/3451/1 4332/3450/1
f 4450/687/1 4330/3453/1 4331/533/1
f 4334/280/1 4435/3451/1 4333/3452/1
f 4450/687/1 4329/3454/1 4330/3453/1
f 4422/679/1 4476/3449/1 4421/3448/1
f 4335/3455/1 4435/3451/1 4334/280/1
f 4450/687/1 4328/3456/1 4329/3454/1
f 4451/3457/1 4328/3456/1 4450/687/1
f 4451/3457/1 4327/3458/1 4328/3456/1
f 4335/3455/1 4434/3459/1 4435/3451/1
f 4336/3460/1 4434/3459/1 4335/3455/1
f 4451/3457/1 4326/3461/1 4327/3458/1
f 4337/3462/1 4434/3459/1 4336/3460/1
f 4451/3457/1 4325/3463/1 4326/3461/1
f 4423/3464/1 4476/3449/1 4422/679/1
f 4452/3465/1 4325/3463/1 4451/3457/1
f 4423/3464/1 4475/3466/1 4476/3449/1
f 4452/3465/1 4324/561/1 4325/3463/1
f 4338/534/1 4434/3459/1 4337/3462/1
f 4338/534/1 4433/3467/1 4434/3459/1
f 4452/3465/1 4323/3468/1 4324/561/1
f 4424/3469/1 4475/3466/1 4423/3464/1
f 4453/3470/1 4323/3468/1 4452/3465/1
f 4339/3471/1 4433/3467/1 4338/534/1
f 4453/3470/1 4322/3472/1 4323/3468/1
f 4453/3470/1 4321/3473/1 4322/3472/1
f 4339/3471/1 4432/3474/1 4433/3467/1
f 4425/3475/1 4475/3466/1 4424/3469/1
f 4340/3476/1 4432/3474/1 4339/3471/1
f 4454/3477/1 4321/3473/1 4453/3470/1
f 4454/3477/1 4320/3478/1 4321/3473/1
f 4425/3475/1 4474/3479/1 4475/3466/1
f 4454/3477/1 4319/3480/1 4320/3478/1
f 4426/3481/1 4474/3479/1 4425/3475/1
f 4341/3482/1 4432/3474/1 4340/3476/1
f 4455/3483/1 4319/3480/1 4454/3477/1
f 4341/3482/1 4431/3484/1 4432/3474/1
f 4455/3483/1 4318/3485/1 4319/3480/1
f 4427/3486/1 4474/3479/1 4426/3481/1
f 4342/3487/1 4431/3484/1 4341/3482/1
f 4455/3483/1 4317/598/1 4318/3485/1
f 4427/3486/1 4473/3488/1 4474/3479/1
f 4428/3489/1 4473/3488/1 4427/3486/1
f 4456/3490/1 4317/598/1 4455/3483/1
f 4342/3487/1 4430/3491/1 4431/3484/1
f 4456/3490/1 4316/3492/1 4317/598/1
f 4343/3493/1 4430/3491/1 4342/3487/1
f 4429/41/1 4473/3488/1 4428/3489/1
f 4456/3490/1 4315/1261/1 4316/3492/1
f 4430/3491/1 4473/3488/1 4429/41/1
f 4457/696/1 4315/1261/1 4456/3490/1
f 4457/696/1 4314/3494/1 4315/1261/1
f 4430/3491/1 4472/3495/1 4473/3488/1
f 4296/65/1 4430/3491/1 4343/3493/1
f 4296/65/1 4472/3495/1 4430/3491/1
f 4457/696/1 4313/3496/1 4314/3494/1
f 4458/3497/1 4313/3496/1 4457/696/1
f 4458/3497/1 4312/3498/1 4313/3496/1
f 4458/3497/1 4311/3499/1 4312/3498/1
f 4297/3500/1 4472/3495/1 4296/65/1
f 4458/3497/1 4310/599/1 4311/3499/1
f 4298/3501/1 4472/3495/1 4297/3500/1
f 4299/3502/1 4472/3495/1 4298/3501/1
f 4300/3503/1 4472/3495/1 4299/3502/1
f 4301/3504/1 4472/3495/1 4300/3503/1
f 4458/3497/1 4309/3505/1 4310/599/1
f 4301/3504/1 4471/707/1 4472/3495/1
f 4302/3506/1 4471/707/1 4301/3504/1
f 4303/563/1 4471/707/1 4302/3506/1
f 4304/3507/1 4471/707/1 4303/563/1
f 4305/3508/1 4471/707/1 4304/3507/1
f 4458/3497/1 4308/3509/1 4309/3505/1
f 4306/3510/1 4471/707/1 4305/3508/1
f 4307/3511/1 4471/707/1 4306/3510/1
f 4308/3509/1 4471/707/1 4307/3511/1
f 4458/3497/1 4471/707/1 4308/3509/1
f 4459/3512/1 4471/707/1 4458/3497/1
f 4460/3513/1 4471/707/1 4459/3512/1
f 4460/3513/1 4470/3514/1 4471/707/1
f 4461/3515/1 4470/3514/1 4460/3513/1
f 4461/3515/1 4469/3516/1 4470/3514/1
f 4462/3517/1 4469/3516/1 4461/3515/1
f 4462/3517/1 4468/3518/1 4469/3516/1
f 4463/3519/1 4468/3518/1 4462/3517/1
f 4464/702/1 4468/3518/1 4463/3519/1
f 4464/702/1 4467/1322/1 4468/3518/1
f 4465/3520/1 4467/1322/1 4464/702/1
f 4465/3520/1 4466/3521/1 4467/1322/1
f 4680/3522/1 4678/520/1 4679/3293/1
f 4680/3522/1 4677/3523/1 4678/520/1
f 4681/3524/1 4677/3523/1 4680/3522/1
f 4681/3524/1 4676/3525/1 4677/3523/1
f 4682/3526/1 4676/3525/1 4681/3524/1
f 4682/3526/1 4675/3291/1 4676/3525/1
f 4683/522/1 4675/3291/1 4682/3526/1
f 4683/522/1 4674/3527/1 4675/3291/1
f 4684/3528/1 4674/3527/1 4683/522/1
f 4684/3528/1 4673/515/1 4674/3527/1
f 4685/3529/1 4673/515/1 4684/3528/1
f 4685/3529/1 4672/3530/1 4673/515/1
f 4686/3531/1 4672/3530/1 4685/3529/1
f 4686/3531/1 4671/3289/1 4672/3530/1
f 4687/3295/1 4671/3289/1 4686/3531/1
f 4687/3295/1 4670/3532/1 4671/3289/1
f 4688/513/1 4670/3532/1 4687/3295/1
f 4688/513/1 4669/3533/1 4670/3532/1
f 4689/3534/1 4669/3533/1 4688/513/1
f 4689/3534/1 4668/508/1 4669/3533/1
f 4690/3535/1 4668/508/1 4689/3534/1
f 4690/3535/1 4667/3287/1 4668/508/1
f 4690/3535/1 4666/3536/1 4667/3287/1
f 4691/3296/1 4666/3536/1 4690/3535/1
f 4691/3296/1 4665/551/1 4666/3536/1
f 4692/3537/1 4665/551/1 4691/3296/1
f 4654/3538/1 4652/3539/1 4653/495/1
f 4655/3285/1 4652/3539/1 4654/3538/1
f 4656/3540/1 4652/3539/1 4655/3285/1
f 4657/3541/1 4652/3539/1 4656/3540/1
f 4658/496/1 4652/3539/1 4657/3541/1
f 4659/3286/1 4652/3539/1 4658/496/1
f 4660/3542/1 4652/3539/1 4659/3286/1
f 4661/3543/1 4652/3539/1 4660/3542/1
f 4706/3544/1 4704/3545/1 4705/3546/1
f 4706/3544/1 4703/454/1 4704/3545/1
f 4662/3547/1 4652/3539/1 4661/3543/1
f 4706/3544/1 4702/3548/1 4703/454/1
f 4663/502/1 4652/3539/1 4662/3547/1
f 4706/3544/1 4701/3549/1 4702/3548/1
f 4706/3544/1 4700/3550/1 4701/3549/1
f 4664/3551/1 4652/3539/1 4663/502/1
f 4706/3544/1 4699/636/1 4700/3550/1
f 4665/551/1 4652/3539/1 4664/3551/1
f 4706/3544/1 4698/463/1 4699/636/1
f 4706/3544/1 4697/3552/1 4698/463/1
f 4692/3537/1 4652/3539/1 4665/551/1
f 4706/3544/1 4696/3553/1 4697/3552/1
f 4706/3544/1 4695/3298/1 4696/3553/1
f 4693/497/1 4652/3539/1 4692/3537/1
f 4706/3544/1 4694/3554/1 4695/3298/1
f 4706/3544/1 4693/497/1 4694/3554/1
f 4706/3544/1 4652/3539/1 4693/497/1
f 4706/3544/1 4651/3284/1 4652/3539/1
f 4706/3544/1 4650/3555/1 4651/3284/1
f 4706/3544/1 4649/3556/1 4650/3555/1
f 4706/3544/1 4648/70/1 4649/3556/1
f 4706/3544/1 4647/3282/1 4648/70/1
f 4706/3544/1 4646/3557/1 4647/3282/1
f 4706/3544/1 4645/3558/1 4646/3557/1
f 4706/3544/1 4644/3559/1 4645/3558/1
f 4706/3544/1 4643/501/1 4644/3559/1
f 4706/3544/1 4642/3560/1 4643/501/1
f 4707/3300/1 4642/3560/1 4706/3544/1
f 4707/3300/1 4641/3561/1 4642/3560/1
f 4708/445/1 4641/3561/1 4707/3300/1
f 4709/3562/1 4641/3561/1 4708/445/1
f 4709/3562/1 4640/3563/1 4641/3561/1
f 4710/3564/1 4640/3563/1 4709/3562/1
f 4711/3301/1 4640/3563/1 4710/3564/1
f 4712/3565/1 4640/3563/1 4711/3301/1
f 4712/3565/1 4719/3305/1 4640/3563/1
f 4719/3305/1 4639/3270/1 4640/3563/1
f 4713/437/1 4719/3305/1 4712/3565/1
f 4714/3566/1 4719/3305/1 4713/437/1
f 4715/3302/1 4719/3305/1 4714/3566/1
f 4715/3302/1 4718/434/1 4719/3305/1
f 4720/3567/1 4639/3270/1 4719/3305/1
f 4716/3568/1 4718/434/1 4715/3302/1
f 4717/3569/1 4718/434/1 4716/3568/1
f 4720/3567/1 4638/506/1 4639/3270/1
f 4721/3570/1 4638/506/1 4720/3567/1
f 4721/3570/1 4637/3571/1 4638/506/1
f 4722/3572/1 4637/3571/1 4721/3570/1
f 4722/3572/1 4636/3573/1 4637/3571/1
f 4603/516/1 4601/3574/1 4602/3575/1
f 4604/3576/1 4601/3574/1 4603/516/1
f 4723/438/1 4636/3573/1 4722/3572/1
f 4723/438/1 4635/3264/1 4636/3573/1
f 4605/3577/1 4601/3574/1 4604/3576/1
f 4606/3578/1 4601/3574/1 4605/3577/1
f 4724/3579/1 4635/3264/1 4723/438/1
f 4724/3579/1 4634/3580/1 4635/3264/1
f 4607/3258/1 4601/3574/1 4606/3578/1
f 4607/3258/1 4854/3581/1 4601/3574/1
f 4607/3258/1 4853/401/1 4854/3581/1
f 4608/488/1 4853/401/1 4607/3258/1
f 4608/488/1 4852/3582/1 4853/401/1
f 4724/3579/1 4633/509/1 4634/3580/1
f 4609/3583/1 4852/3582/1 4608/488/1
f 4725/3584/1 4633/509/1 4724/3579/1
f 4609/3583/1 4851/3256/1 4852/3582/1
f 4610/3585/1 4851/3256/1 4609/3583/1
f 4610/3585/1 4850/3586/1 4851/3256/1
f 4725/3584/1 4632/3587/1 4633/509/1
f 4611/3257/1 4850/3586/1 4610/3585/1
f 4611/3257/1 4849/3588/1 4850/3586/1
f 4726/3589/1 4632/3587/1 4725/3584/1
f 4612/3590/1 4849/3588/1 4611/3257/1
f 4612/3590/1 4848/399/1 4849/3588/1
f 4613/490/1 4848/399/1 4612/3590/1
f 4726/3589/1 4631/588/1 4632/3587/1
f 4613/490/1 4847/3253/1 4848/399/1
f 4614/3591/1 4847/3253/1 4613/490/1
f 4727/3304/1 4631/588/1 4726/3589/1
f 4615/3254/1 4847/3253/1 4614/3591/1
f 4615/3254/1 4846/3592/1 4847/3253/1
f 4727/3304/1 4630/3593/1 4631/588/1
f 4615/3254/1 4845/3594/1 4846/3592/1
f 4617/3595/1 4615/3254/1 4616/3596/1
f 4618/492/1 4615/3254/1 4617/3595/1
f 4619/3255/1 4615/3254/1 4618/492/1
f 4619/3255/1 4845/3594/1 4615/3254/1
f 4728/442/1 4630/3593/1 4727/3304/1
f 4619/3255/1 4844/3597/1 4845/3594/1
f 4620/3598/1 4844/3597/1 4619/3255/1
f 4621/3599/1 4844/3597/1 4620/3598/1
f 4728/442/1 4629/3600/1 4630/3593/1
f 4622/3601/1 4844/3597/1 4621/3599/1
f 4622/3601/1 4843/398/1 4844/3597/1
f 4623/503/1 4843/398/1 4622/3601/1
f 4624/3602/1 4843/398/1 4623/503/1
f 4624/3602/1 4842/3603/1 4843/398/1
f 4625/3604/1 4842/3603/1 4624/3602/1
f 4729/3605/1 4629/3600/1 4728/442/1
f 4625/3604/1 4841/3606/1 4842/3603/1
f 4626/3607/1 4841/3606/1 4625/3604/1
f 4729/3605/1 4628/512/1 4629/3600/1
f 4627/3259/1 4841/3606/1 4626/3607/1
f 4628/512/1 4841/3606/1 4627/3259/1
f 4628/512/1 4840/3608/1 4841/3606/1
f 4729/3605/1 4840/3608/1 4628/512/1
f 4730/3609/1 4840/3608/1 4729/3605/1
f 4730/3609/1 4839/3251/1 4840/3608/1
f 4731/3303/1 4839/3251/1 4730/3609/1
f 4731/3303/1 4838/402/1 4839/3251/1
f 4732/3610/1 4599/3262/1 4731/3303/1
f 4599/3262/1 4600/3611/1 4731/3303/1
f 4600/3611/1 4563/65/1 4731/3303/1
f 4563/65/1 4838/402/1 4731/3303/1
f 4564/3612/1 4793/436/1 4563/65/1
f 4793/436/1 4838/402/1 4563/65/1
f 4732/3610/1 4598/518/1 4599/3262/1
f 4732/3610/1 4597/570/1 4598/518/1
f 4793/436/1 4837/3613/1 4838/402/1
f 4732/3610/1 4596/3614/1 4597/570/1
f 4732/3610/1 4595/3266/1 4596/3614/1
f 4733/41/1 4595/3266/1 4732/3610/1
f 4733/41/1 4594/3615/1 4595/3266/1
f 4733/41/1 4593/482/1 4594/3615/1
f 4564/3612/1 4792/3616/1 4793/436/1
f 4794/3617/1 4837/3613/1 4793/436/1
f 4733/41/1 4592/3618/1 4593/482/1
f 4733/41/1 4591/3273/1 4592/3618/1
f 4795/3248/1 4837/3613/1 4794/3617/1
f 4733/41/1 4590/3619/1 4591/3273/1
f 4795/3248/1 4836/3620/1 4837/3613/1
f 4733/41/1 4589/3621/1 4590/3619/1
f 4734/3622/1 4589/3621/1 4733/41/1
f 4565/3623/1 4792/3616/1 4564/3612/1
f 4796/3624/1 4836/3620/1 4795/3248/1
f 4734/3622/1 4588/484/1 4589/3621/1
f 4734/3622/1 4587/3281/1 4588/484/1
f 4797/3625/1 4836/3620/1 4796/3624/1
f 4797/3625/1 4835/640/1 4836/3620/1
f 4565/3623/1 4791/3250/1 4792/3616/1
f 4735/3299/1 4855/3260/1 4734/3622/1
f 4855/3260/1 4587/3281/1 4734/3622/1
f 4798/429/1 4835/640/1 4797/3625/1
f 4566/3626/1 4791/3250/1 4565/3623/1
f 4798/429/1 4834/3627/1 4835/640/1
f 4735/3299/1 4903/64/1 4855/3260/1
f 4856/3628/1 4587/3281/1 4855/3260/1
f 4799/3246/1 4834/3627/1 4798/429/1
f 4736/3629/1 4903/64/1 4735/3299/1
f 4856/3628/1 4586/3630/1 4587/3281/1
f 4736/3629/1 4902/3631/1 4903/64/1
f 4800/3632/1 4834/3627/1 4799/3246/1
f 4567/3277/1 4791/3250/1 4566/3626/1
f 4567/3277/1 4790/3633/1 4791/3250/1
f 4857/3634/1 4586/3630/1 4856/3628/1
f 4800/3632/1 4833/405/1 4834/3627/1
f 4857/3634/1 4585/3635/1 4586/3630/1
f 4801/690/1 4833/405/1 4800/3632/1
f 4736/3629/1 4901/3636/1 4902/3631/1
f 4737/3637/1 4901/3636/1 4736/3629/1
f 4858/406/1 4585/3635/1 4857/3634/1
f 4568/476/1 4790/3633/1 4567/3277/1
f 4858/406/1 4584/3638/1 4585/3635/1
f 4801/690/1 4832/3639/1 4833/405/1
f 4802/3640/1 4832/3639/1 4801/690/1
f 4737/3637/1 4900/3641/1 4901/3636/1
f 4568/476/1 4789/3642/1 4790/3633/1
f 4859/3261/1 4584/3638/1 4858/406/1
f 4859/3261/1 4583/487/1 4584/3638/1
f 4569/3643/1 4789/3642/1 4568/476/1
f 4738/449/1 4900/3641/1 4737/3637/1
f 4803/425/1 4832/3639/1 4802/3640/1
f 4738/449/1 4899/3276/1 4900/3641/1
f 4803/425/1 4831/3249/1 4832/3639/1
f 4859/3261/1 4582/3644/1 4583/487/1
f 4860/3645/1 4582/3644/1 4859/3261/1
f 4569/3643/1 4788/448/1 4789/3642/1
f 4804/3646/1 4831/3249/1 4803/425/1
f 4570/3647/1 4788/448/1 4569/3643/1
f 4738/449/1 4898/455/1 4899/3276/1
f 4860/3645/1 4581/3648/1 4582/3644/1
f 4739/3297/1 4898/455/1 4738/449/1
f 4861/3649/1 4581/3648/1 4860/3645/1
f 4804/3646/1 4830/3650/1 4831/3249/1
f 4805/3651/1 4830/3650/1 4804/3646/1
f 4861/3649/1 4580/3652/1 4581/3648/1
f 4571/3278/1 4788/448/1 4570/3647/1
f 4739/3297/1 4897/3653/1 4898/455/1
f 4571/3278/1 4787/3252/1 4788/448/1
f 4862/3654/1 4580/3652/1 4861/3649/1
f 4862/3654/1 4579/3280/1 4580/3652/1
f 4806/3655/1 4830/3650/1 4805/3651/1
f 4740/3656/1 4897/3653/1 4739/3297/1
f 4806/3655/1 4829/3657/1 4830/3650/1
f 4572/3658/1 4787/3252/1 4571/3278/1
f 4740/3656/1 4896/3659/1 4897/3653/1
f 4863/409/1 4579/3280/1 4862/3654/1
f 4863/409/1 4578/483/1 4579/3280/1
f 4572/3658/1 4786/3660/1 4787/3252/1
f 4573/478/1 4786/3660/1 4572/3658/1
f 4863/409/1 4577/3661/1 4578/483/1
f 4740/3656/1 4895/3274/1 4896/3659/1
f 4807/3243/1 4829/3657/1 4806/3655/1
f 4864/3662/1 4577/3661/1 4863/409/1
f 4741/3663/1 4895/3274/1 4740/3656/1
f 4807/3243/1 4828/408/1 4829/3657/1
f 4574/3664/1 4786/3660/1 4573/478/1
f 4574/3664/1 4785/3665/1 4786/3660/1
f 4864/3662/1 4576/3666/1 4577/3661/1
f 4865/3667/1 4576/3666/1 4864/3662/1
f 4741/3663/1 4894/3668/1 4895/3274/1
f 4575/3279/1 4785/3665/1 4574/3664/1
f 4865/3667/1 4575/3279/1 4576/3666/1
f 4808/421/1 4828/408/1 4807/3243/1
f 4742/3669/1 4894/3668/1 4741/3663/1
f 4575/3279/1 4784/3670/1 4785/3665/1
f 4866/3671/1 4575/3279/1 4865/3667/1
f 4866/3671/1 4784/3670/1 4575/3279/1
f 4808/421/1 4827/3247/1 4828/408/1
f 4742/3669/1 4893/441/1 4894/3668/1
f 4867/3265/1 4784/3670/1 4866/3671/1
f 4809/3672/1 4827/3247/1 4808/421/1
f 4867/3265/1 4783/459/1 4784/3670/1
f 4742/3669/1 4892/3673/1 4893/441/1
f 4743/452/1 4892/3673/1 4742/3669/1
f 4809/3672/1 4826/3674/1 4827/3247/1
f 4868/413/1 4783/459/1 4867/3265/1
f 4868/413/1 4782/3675/1 4783/459/1
f 4810/3676/1 4826/3674/1 4809/3672/1
f 4743/452/1 4891/3272/1 4892/3673/1
f 4869/613/1 4782/3675/1 4868/413/1
f 4743/452/1 4890/3677/1 4891/3272/1
f 4744/3678/1 4890/3677/1 4743/452/1
f 4870/3679/1 4782/3675/1 4869/613/1
f 4870/3679/1 4781/3680/1 4782/3675/1
f 4744/3678/1 4889/3681/1 4890/3677/1
f 4810/3676/1 4825/3682/1 4826/3674/1
f 4811/3244/1 4825/3682/1 4810/3676/1
f 4871/3267/1 4781/3680/1 4870/3679/1
f 4744/3678/1 4888/430/1 4889/3681/1
f 4872/3683/1 4781/3680/1 4871/3267/1
f 4745/3684/1 4888/430/1 4744/3678/1
f 4745/3684/1 4887/3271/1 4888/430/1
f 4872/3683/1 4780/3685/1 4781/3680/1
f 4873/417/1 4780/3685/1 4872/3683/1
f 4745/3684/1 4886/3686/1 4887/3271/1
f 4873/417/1 4779/3263/1 4780/3685/1
f 4874/3687/1 4779/3263/1 4873/417/1
f 4812/3688/1 4825/3682/1 4811/3244/1
f 4745/3684/1 4885/3689/1 4886/3686/1
f 4875/3268/1 4779/3263/1 4874/3687/1
f 4745/3684/1 4884/3690/1 4885/3689/1
f 4875/3268/1 4778/474/1 4779/3263/1
f 4812/3688/1 4824/3691/1 4825/3682/1
f 4746/3692/1 4884/3690/1 4745/3684/1
f 4876/3693/1 4778/474/1 4875/3268/1
f 4746/3692/1 4883/426/1 4884/3690/1
f 4877/3694/1 4778/474/1 4876/3693/1
f 4746/3692/1 4882/3695/1 4883/426/1
f 4877/3694/1 4777/3696/1 4778/474/1
f 4878/422/1 4777/3696/1 4877/3694/1
f 4746/3692/1 4881/3697/1 4882/3695/1
f 4879/3269/1 4777/3696/1 4878/422/1
f 4746/3692/1 4880/3698/1 4881/3697/1
f 4880/3698/1 4777/3696/1 4879/3269/1
f 4746/3692/1 4777/3696/1 4880/3698/1
f 4746/3692/1 4776/3699/1 4777/3696/1
f 4813/418/1 4824/3691/1 4812/3688/1
f 4747/3294/1 4776/3699/1 4746/3692/1
f 4747/3294/1 4775/3275/1 4776/3699/1
f 4747/3294/1 4767/694/1 4775/3275/1
f 4767/694/1 4774/3700/1 4775/3275/1
f 4813/418/1 4823/412/1 4824/3691/1
f 4814/3701/1 4823/412/1 4813/418/1
f 4748/457/1 4767/694/1 4747/3294/1
f 4748/457/1 4766/3702/1 4767/694/1
f 4768/470/1 4774/3700/1 4767/694/1
f 4768/470/1 4773/472/1 4774/3700/1
f 4748/457/1 4765/3703/1 4766/3702/1
f 4768/470/1 4772/3704/1 4773/472/1
f 4749/3705/1 4765/3703/1 4748/457/1
f 4815/3242/1 4823/412/1 4814/3701/1
f 4768/470/1 4771/3283/1 4772/3704/1
f 4749/3705/1 4764/3706/1 4765/3703/1
f 4815/3242/1 4822/3707/1 4823/412/1
f 4768/470/1 4770/3708/1 4771/3283/1
f 4749/3705/1 4763/468/1 4764/3706/1
f 4750/3709/1 4763/468/1 4749/3705/1
f 4816/3710/1 4822/3707/1 4815/3242/1
f 4768/470/1 4769/3711/1 4770/3708/1
f 4750/3709/1 4762/3712/1 4763/468/1
f 4751/3292/1 4762/3712/1 4750/3709/1
f 4751/3292/1 4761/3713/1 4762/3712/1
f 4817/3714/1 4822/3707/1 4816/3710/1
f 4751/3292/1 4760/3715/1 4761/3713/1
f 4818/1/1 4822/3707/1 4817/3714/1
f 4752/3716/1 4760/3715/1 4751/3292/1
f 4752/3716/1 4759/3288/1 4760/3715/1
f 4818/1/1 4821/3717/1 4822/3707/1
f 4753/462/1 4759/3288/1 4752/3716/1
f 4753/462/1 4758/465/1 4759/3288/1
f 4753/462/1 4757/3718/1 4758/465/1
f 4754/3719/1 4757/3718/1 4753/462/1
f 4754/3719/1 4756/3720/1 4757/3718/1
f 4755/3290/1 4756/3720/1 4754/3719/1
f 4818/1/1 4820/3721/1 4821/3717/1
f 4818/1/1 4819/3245/1 4820/3721/1
f 5042/1011/1 5040/3722/1 5041/3723/1
f 5028/3724/1 5052/354/1 5027/1040/1
f 5043/3725/1 5040/3722/1 5042/1011/1
f 5028/3724/1 5051/1002/1 5052/354/1
f 5044/3726/1 5040/3722/1 5043/3725/1
f 5028/3724/1 5050/3727/1 5051/1002/1
f 5045/1008/1 5040/3722/1 5044/3726/1
f 5028/3724/1 5049/3728/1 5050/3727/1
f 5046/3729/1 5040/3722/1 5045/1008/1
f 5028/3724/1 5048/1005/1 5049/3728/1
f 5047/3730/1 5040/3722/1 5046/3729/1
f 5028/3724/1 5047/3730/1 5048/1005/1
f 5028/3724/1 5040/3722/1 5047/3730/1
f 5029/3731/1 5040/3722/1 5028/3724/1
f 5029/3731/1 5039/1014/1 5040/3722/1
f 5029/3731/1 5038/3732/1 5039/1014/1
f 5030/1036/1 5038/3732/1 5029/3731/1
f 5030/1036/1 5037/3733/1 5038/3732/1
f 5031/3734/1 5037/3733/1 5030/1036/1
f 5031/3734/1 5036/1017/1 5037/3733/1
f 5032/3735/1 5036/1017/1 5031/3734/1
f 5032/3735/1 5035/3736/1 5036/1017/1
f 5033/1032/1 5035/3736/1 5032/3735/1
f 5034/3737/1 5035/3736/1 5033/1032/1
f 5055/3738/1 5053/3739/1 5054/1044/1
f 5055/3738/1 5126/64/1 5053/3739/1
f 5056/3740/1 5126/64/1 5055/3738/1
f 5056/3740/1 5125/3741/1 5126/64/1
f 5057/1045/1 5125/3741/1 5056/3740/1
f 5057/1045/1 5124/3742/1 5125/3741/1
f 5057/1045/1 5123/1069/1 5124/3742/1
f 5058/3743/1 5123/1069/1 5057/1045/1
f 5058/3743/1 5122/3744/1 5123/1069/1
f 5059/3745/1 5122/3744/1 5058/3743/1
f 5059/3745/1 5121/3746/1 5122/3744/1
f 5060/1049/1 5121/3746/1 5059/3745/1
f 5060/1049/1 5120/1075/1 5121/3746/1
f 5060/1049/1 5119/3747/1 5120/1075/1
f 5061/3748/1 5119/3747/1 5060/1049/1
f 5061/3748/1 5118/3749/1 5119/3747/1
f 5062/3750/1 5118/3749/1 5061/3748/1
f 5062/3750/1 5117/1080/1 5118/3749/1
f 5063/1051/1 5117/1080/1 5062/3750/1
f 5063/1051/1 5116/3751/1 5117/1080/1
f 5064/3752/1 5116/3751/1 5063/1051/1
f 5064/3752/1 5115/3753/1 5116/3751/1
f 5064/3752/1 5114/1085/1 5115/3753/1
f 5065/3754/1 5114/1085/1 5064/3752/1
f 5066/1055/1 5114/1085/1 5065/3754/1
f 5066/1055/1 5113/3755/1 5114/1085/1
f 5067/3756/1 5113/3755/1 5066/1055/1
f 5067/3756/1 5112/3757/1 5113/3755/1
f 5067/3756/1 5111/1097/1 5112/3757/1
f 5068/3758/1 5111/1097/1 5067/3756/1
f 5068/3758/1 5110/3759/1 5111/1097/1
f 5068/3758/1 5109/3760/1 5110/3759/1
f 5068/3758/1 5108/1100/1 5109/3760/1
f 5069/1057/1 5108/1100/1 5068/3758/1
f 5092/3761/1 5090/1086/1 5091/3762/1
f 5093/1089/1 5090/1086/1 5092/3761/1
f 5069/1057/1 5107/3763/1 5108/1100/1
f 5094/3764/1 5090/1086/1 5093/1089/1
f 5095/3765/1 5090/1086/1 5094/3764/1
f 5069/1057/1 5106/3766/1 5107/3763/1
f 5096/1091/1 5090/1086/1 5095/3765/1
f 5097/3767/1 5090/1086/1 5096/1091/1
f 5070/3768/1 5106/3766/1 5069/1057/1
f 5070/3768/1 5105/1098/1 5106/3766/1
f 5098/3769/1 5090/1086/1 5097/3767/1
f 5099/1093/1 5090/1086/1 5098/3769/1
f 5070/3768/1 5104/3770/1 5105/1098/1
f 5100/3771/1 5090/1086/1 5099/1093/1
f 5101/3772/1 5090/1086/1 5100/3771/1
f 5070/3768/1 5103/3773/1 5104/3770/1
f 5102/1095/1 5090/1086/1 5101/3772/1
f 5103/3773/1 5090/1086/1 5102/1095/1
f 5070/3768/1 5090/1086/1 5103/3773/1
f 5071/3774/1 5090/1086/1 5070/3768/1
f 5072/1061/1 5090/1086/1 5071/3774/1
f 5073/3775/1 5090/1086/1 5072/1061/1
f 5074/3776/1 5090/1086/1 5073/3775/1
f 5074/3776/1 5089/1279/1 5090/1086/1
f 5074/3776/1 5088/3777/1 5089/1279/1
f 5075/1067/1 5088/3777/1 5074/3776/1
f 5075/1067/1 5087/1083/1 5088/3777/1
f 5075/1067/1 5086/3778/1 5087/1083/1
f 5075/1067/1 5085/3779/1 5086/3778/1
f 5076/3780/1 5085/3779/1 5075/1067/1
f 5076/3780/1 5084/1079/1 5085/3779/1
f 5076/3780/1 5083/3781/1 5084/1079/1
f 5077/3782/1 5083/3781/1 5076/3780/1
f 5077/3782/1 5082/3783/1 5083/3781/1
f 5077/3782/1 5081/1076/1 5082/3783/1
f 5077/3782/1 5080/3784/1 5081/1076/1
f 5078/1073/1 5080/3784/1 5077/3782/1
f 5078/1073/1 5079/3785/1 5080/3784/1
f 4906/3786/1 4904/65/1 4905/3787/1
f 4907/962/1 4904/65/1 4906/3786/1
f 4907/962/1 5026/3788/1 4904/65/1
f 4908/3789/1 5026/3788/1 4907/962/1
f 4908/3789/1 5025/3790/1 5026/3788/1
f 4909/3791/1 5025/3790/1 4908/3789/1
f 4909/3791/1 5024/1053/1 5025/3790/1
f 4910/966/1 5024/1053/1 4909/3791/1
f 4910/966/1 5023/3792/1 5024/1053/1
f 4910/966/1 5022/3793/1 5023/3792/1
f 4911/3794/1 5022/3793/1 4910/966/1
f 4911/3794/1 5021/1064/1 5022/3793/1
f 4912/3795/1 5021/1064/1 4911/3794/1
f 4912/3795/1 5020/3796/1 5021/1064/1
f 4913/970/1 5020/3796/1 4912/3795/1
f 4914/3797/1 5020/3796/1 4913/970/1
f 4914/3797/1 5019/3798/1 5020/3796/1
f 4915/3799/1 5019/3798/1 4914/3797/1
f 4915/3799/1 5018/1070/1 5019/3798/1
f 4916/973/1 5018/1070/1 4915/3799/1
f 4916/973/1 5017/3800/1 5018/1070/1
f 4916/973/1 5016/3801/1 5017/3800/1
f 4917/3802/1 5016/3801/1 4916/973/1
f 4917/3802/1 5015/41/1 5016/3801/1
f 4918/3803/1 5015/41/1 4917/3802/1
f 4918/3803/1 5014/3804/1 5015/41/1
f 4919/977/1 5014/3804/1 4918/3803/1
f 4919/977/1 5013/3805/1 5014/3804/1
f 4920/3806/1 5013/3805/1 4919/977/1
f 4920/3806/1 5012/1063/1 5013/3805/1
f 4921/3807/1 5012/1063/1 4920/3806/1
f 4921/3807/1 5011/3808/1 5012/1063/1
f 4922/981/1 5011/3808/1 4921/3807/1
f 4922/981/1 5010/3809/1 5011/3808/1
f 4923/3810/1 5010/3809/1 4922/981/1
f 4923/3810/1 5009/1054/1 5010/3809/1
f 4924/3811/1 5009/1054/1 4923/3810/1
f 4924/3811/1 5008/3812/1 5009/1054/1
f 4925/994/1 5008/3812/1 4924/3811/1
f 4925/994/1 5007/3813/1 5008/3812/1
f 4926/3814/1 5007/3813/1 4925/994/1
f 4926/3814/1 5006/1041/1 5007/3813/1
f 4927/3815/1 5006/1041/1 4926/3814/1
f 4927/3815/1 5005/3816/1 5006/1041/1
f 4928/992/1 5005/3816/1 4927/3815/1
f 4928/992/1 5004/3817/1 5005/3816/1
f 4928/992/1 5003/1037/1 5004/3817/1
f 4929/3818/1 5003/1037/1 4928/992/1
f 4980/3819/1 4978/307/1 4979/1016/1
f 4929/3818/1 5002/3820/1 5003/1037/1
f 4981/3821/1 4978/307/1 4980/3819/1
f 4929/3818/1 5001/3822/1 5002/3820/1
f 4930/3823/1 5001/3822/1 4929/3818/1
f 4982/1019/1 4978/307/1 4981/3821/1
f 4930/3823/1 5000/1033/1 5001/3822/1
f 4982/1019/1 4977/3824/1 4978/307/1
f 4983/3825/1 4977/3824/1 4982/1019/1
f 4930/3823/1 4999/3826/1 5000/1033/1
f 4984/3827/1 4977/3824/1 4983/3825/1
f 4984/3827/1 4976/1010/1 4977/3824/1
f 4930/3823/1 4998/3828/1 4999/3826/1
f 4931/990/1 4998/3828/1 4930/3823/1
f 4985/1021/1 4976/1010/1 4984/3827/1
f 4931/990/1 4997/1028/1 4998/3828/1
f 4985/1021/1 4975/3829/1 4976/1010/1
f 4986/3830/1 4975/3829/1 4985/1021/1
f 4931/990/1 4996/3831/1 4997/1028/1
f 4987/3832/1 4975/3829/1 4986/3830/1
f 4932/3833/1 4996/3831/1 4931/990/1
f 4932/3833/1 4995/3834/1 4996/3831/1
f 4987/3832/1 4974/3835/1 4975/3829/1
f 4988/1023/1 4974/3835/1 4987/3832/1
f 4932/3833/1 4994/1030/1 4995/3834/1
f 4989/3836/1 4974/3835/1 4988/1023/1
f 4932/3833/1 4993/3837/1 4994/1030/1
f 4989/3836/1 4973/1004/1 4974/3835/1
f 4933/3838/1 4993/3837/1 4932/3833/1
f 4933/3838/1 4992/3839/1 4993/3837/1
f 4990/3840/1 4973/1004/1 4989/3836/1
f 4990/3840/1 4972/3841/1 4973/1004/1
f 4933/3838/1 4991/1025/1 4992/3839/1
f 4991/1025/1 4972/3841/1 4990/3840/1
f 4933/3838/1 4972/3841/1 4991/1025/1
f 4934/988/1 4972/3841/1 4933/3838/1
f 4934/988/1 4971/3842/1 4972/3841/1
f 4934/988/1 4970/1000/1 4971/3842/1
f 4935/3843/1 4970/1000/1 4934/988/1
f 4935/3843/1 4969/3844/1 4970/1000/1
f 4936/3845/1 4969/3844/1 4935/3843/1
f 4936/3845/1 4968/3846/1 4969/3844/1
f 4936/3845/1 4967/998/1 4968/3846/1
f 4937/986/1 4967/998/1 4936/3845/1
f 4937/986/1 4966/3847/1 4967/998/1
f 4937/986/1 4965/3848/1 4966/3847/1
f 4938/3849/1 4965/3848/1 4937/986/1
f 4938/3849/1 4964/996/1 4965/3848/1
f 4938/3849/1 4963/3850/1 4964/996/1
f 4938/3849/1 4962/3851/1 4963/3850/1
f 4938/3849/1 4961/958/1 4962/3851/1
f 4938/3849/1 4960/3852/1 4961/958/1
f 4939/3853/1 4960/3852/1 4938/3849/1
f 4939/3853/1 4959/3854/1 4960/3852/1
f 4939/3853/1 4958/959/1 4959/3854/1
f 4939/3853/1 4957/3855/1 4958/959/1
f 4939/3853/1 4956/3856/1 4957/3855/1
f 4939/3853/1 4955/961/1 4956/3856/1
f 4939/3853/1 4954/3857/1 4955/961/1
f 4939/3853/1 4953/3858/1 4954/3857/1
f 4940/984/1 4953/3858/1 4939/3853/1
f 4940/984/1 4952/967/1 4953/3858/1
f 4940/984/1 4951/3859/1 4952/967/1
f 4940/984/1 4950/3860/1 4951/3859/1
f 4940/984/1 4949/971/1 4950/3860/1
f 4940/984/1 4948/3861/1 4949/971/1
f 4940/984/1 4947/3862/1 4948/3861/1
f 4940/984/1 4946/976/1 4947/3862/1
f 4941/1306/1 4946/976/1 4940/984/1
f 4941/1306/1 4945/3863/1 4946/976/1
f 4941/1306/1 4944/3864/1 4945/3863/1
f 4941/1306/1 4943/980/1 4944/3864/1
f 4941/1306/1 4942/3865/1 4943/980/1
f 5129/3866/1 5127/65/1 5128/3867/1
f 5130/3868/1 5127/65/1 5129/3866/1
f 5131/3869/1 5127/65/1 5130/3868/1
f 5132/3870/1 5127/65/1 5131/3869/1
f 5133/3871/1 5127/65/1 5132/3870/1
f 5134/3132/1 5127/65/1 5133/3871/1
f 5134/3132/1 5309/64/1 5127/65/1
f 5134/3132/1 5308/3872/1 5309/64/1
f 5135/3873/1 5308/3872/1 5134/3132/1
f 5135/3873/1 5307/3874/1 5308/3872/1
f 5135/3873/1 5306/3875/1 5307/3874/1
f 5136/3876/1 5306/3875/1 5135/3873/1
f 5136/3876/1 5305/3877/1 5306/3875/1
f 5137/3878/1 5305/3877/1 5136/3876/1
f 5137/3878/1 5304/3879/1 5305/3877/1
f 5137/3878/1 5303/3880/1 5304/3879/1
f 5138/3881/1 5303/3880/1 5137/3878/1
f 5138/3881/1 5302/3138/1 5303/3880/1
f 5139/3882/1 5302/3138/1 5138/3881/1
f 5139/3882/1 5301/3883/1 5302/3138/1
f 5139/3882/1 5300/3884/1 5301/3883/1
f 5140/1261/1 5300/3884/1 5139/3882/1
f 5140/1261/1 5299/3885/1 5300/3884/1
f 5141/3157/1 5299/3885/1 5140/1261/1
f 5141/3157/1 5298/3886/1 5299/3885/1
f 5141/3157/1 5297/3887/1 5298/3886/1
f 5141/3157/1 5296/1270/1 5297/3887/1
f 5142/3888/1 5296/1270/1 5141/3157/1
f 5142/3888/1 5295/3163/1 5296/1270/1
f 5143/3889/1 5295/3163/1 5142/3888/1
f 5143/3889/1 5294/3890/1 5295/3163/1
f 5143/3889/1 5293/3891/1 5294/3890/1
f 5144/3892/1 5293/3891/1 5143/3889/1
f 5144/3892/1 5292/3893/1 5293/3891/1
f 5144/3892/1 5291/3894/1 5292/3893/1
f 5145/3895/1 5291/3894/1 5144/3892/1
f 5145/3895/1 5290/3896/1 5291/3894/1
f 5145/3895/1 5289/3897/1 5290/3896/1
f 5146/3898/1 5289/3897/1 5145/3895/1
f 5146/3898/1 5288/3211/1 5289/3897/1
f 5275/3899/1 5273/3900/1 5274/3197/1
f 5276/3901/1 5273/3900/1 5275/3899/1
f 5276/3901/1 5272/3902/1 5273/3900/1
f 5277/3903/1 5272/3902/1 5276/3901/1
f 5277/3903/1 5271/3904/1 5272/3902/1
f 5278/3905/1 5271/3904/1 5277/3903/1
f 5279/3906/1 5271/3904/1 5278/3905/1
f 5279/3906/1 5270/1287/1 5271/3904/1
f 5146/3898/1 5287/3907/1 5288/3211/1
f 5280/3908/1 5270/1287/1 5279/3906/1
f 5280/3908/1 5269/3909/1 5270/1287/1
f 5281/3228/1 5269/3909/1 5280/3908/1
f 5282/3910/1 5269/3909/1 5281/3228/1
f 5282/3910/1 5268/3911/1 5269/3909/1
f 5283/342/1 5268/3911/1 5282/3910/1
f 5283/342/1 5267/3153/1 5268/3911/1
f 5284/3912/1 5267/3153/1 5283/342/1
f 5146/3898/1 5286/3913/1 5287/3907/1
f 5147/3914/1 5286/3913/1 5146/3898/1
f 5284/3912/1 5266/3915/1 5267/3153/1
f 5285/3916/1 5266/3915/1 5284/3912/1
f 5286/3913/1 5266/3915/1 5285/3916/1
f 5286/3913/1 5265/3917/1 5266/3915/1
f 5147/3914/1 5176/3127/1 5286/3913/1
f 5176/3127/1 5177/3918/1 5286/3913/1
f 5177/3918/1 5265/3917/1 5286/3913/1
f 5177/3918/1 5178/3919/1 5265/3917/1
f 5178/3919/1 5264/3920/1 5265/3917/1
f 5179/294/1 5264/3920/1 5178/3919/1
f 5147/3914/1 5175/3921/1 5176/3127/1
f 5180/3922/1 5264/3920/1 5179/294/1
f 5181/3923/1 5264/3920/1 5180/3922/1
f 5147/3914/1 5174/3924/1 5175/3921/1
f 5182/3925/1 5264/3920/1 5181/3923/1
f 5182/3925/1 5263/3926/1 5264/3920/1
f 5183/3104/1 5263/3926/1 5182/3925/1
f 5147/3914/1 5173/3927/1 5174/3924/1
f 5184/3928/1 5263/3926/1 5183/3104/1
f 5147/3914/1 5172/3929/1 5173/3927/1
f 5185/3930/1 5263/3926/1 5184/3928/1
f 5185/3930/1 5262/3931/1 5263/3926/1
f 5186/3932/1 5262/3931/1 5185/3930/1
f 5148/3187/1 5172/3929/1 5147/3914/1
f 5148/3187/1 5171/3933/1 5172/3929/1
f 5187/3934/1 5262/3931/1 5186/3932/1
f 5187/3934/1 5261/3935/1 5262/3931/1
f 5188/3936/1 5261/3935/1 5187/3934/1
f 5148/3187/1 5170/3937/1 5171/3933/1
f 5189/3938/1 5261/3935/1 5188/3936/1
f 5227/3939/1 5225/3237/1 5226/3940/1
f 5189/3938/1 5260/3103/1 5261/3935/1
f 5148/3187/1 5169/3165/1 5170/3937/1
f 5190/3124/1 5260/3103/1 5189/3938/1
f 5190/3124/1 5259/3941/1 5260/3103/1
f 5148/3187/1 5168/3942/1 5169/3165/1
f 5191/3943/1 5259/3941/1 5190/3124/1
f 5228/3944/1 5225/3237/1 5227/3939/1
f 5191/3943/1 5258/3945/1 5259/3941/1
f 5192/1317/1 5258/3945/1 5191/3943/1
f 5148/3187/1 5167/3946/1 5168/3942/1
f 5149/3947/1 5167/3946/1 5148/3187/1
f 5192/1317/1 5257/374/1 5258/3945/1
f 5228/3944/1 5224/3948/1 5225/3237/1
f 5193/3949/1 5257/374/1 5192/1317/1
f 5229/3950/1 5224/3948/1 5228/3944/1
f 5149/3947/1 5166/1325/1 5167/3946/1
f 5193/3949/1 5256/3951/1 5257/374/1
f 5194/3952/1 5256/3951/1 5193/3949/1
f 5149/3947/1 5165/3953/1 5166/1325/1
f 5230/3954/1 5224/3948/1 5229/3950/1
f 5194/3952/1 5255/3955/1 5256/3951/1
f 5195/3956/1 5255/3955/1 5194/3952/1
f 5230/3954/1 5223/3957/1 5224/3948/1
f 5149/3947/1 5164/3958/1 5165/3953/1
f 5195/3956/1 5254/3959/1 5255/3955/1
f 5196/3960/1 5254/3959/1 5195/3956/1
f 5231/380/1 5223/3957/1 5230/3954/1
f 5150/3961/1 5164/3958/1 5149/3947/1
f 5150/3961/1 5163/3962/1 5164/3958/1
f 5196/3960/1 5253/3095/1 5254/3959/1
f 5197/3158/1 5253/3095/1 5196/3960/1
f 5231/380/1 5222/3963/1 5223/3957/1
f 5197/3158/1 5252/3964/1 5253/3095/1
f 5150/3961/1 5162/3191/1 5163/3962/1
f 5232/3216/1 5222/3963/1 5231/380/1
f 5198/3965/1 5252/3964/1 5197/3158/1
f 5198/3965/1 5251/3966/1 5252/3964/1
f 5199/3967/1 5251/3966/1 5198/3965/1
f 5150/3961/1 5161/3968/1 5162/3191/1
f 5199/3967/1 5250/3969/1 5251/3966/1
f 5233/3970/1 5222/3963/1 5232/3216/1
f 5233/3970/1 5221/3971/1 5222/3963/1
f 5200/3972/1 5250/3969/1 5199/3967/1
f 5200/3972/1 5249/3973/1 5250/3969/1
f 5150/3961/1 5160/3974/1 5161/3968/1
f 5151/3975/1 5160/3974/1 5150/3961/1
f 5234/3976/1 5221/3971/1 5233/3970/1
f 5200/3972/1 5248/3977/1 5249/3973/1
f 5201/3978/1 5248/3977/1 5200/3972/1
f 5201/3978/1 5247/3979/1 5248/3977/1
f 5151/3975/1 5159/3980/1 5160/3974/1
f 5234/3976/1 5220/3981/1 5221/3971/1
f 5202/3982/1 5247/3979/1 5201/3978/1
f 5235/3983/1 5220/3981/1 5234/3976/1
f 5202/3982/1 5246/3116/1 5247/3979/1
f 5202/3982/1 5245/3984/1 5246/3116/1
f 5203/3985/1 5245/3984/1 5202/3982/1
f 5151/3975/1 5158/3986/1 5159/3980/1
f 5236/3987/1 5220/3981/1 5235/3983/1
f 5203/3985/1 5244/1322/1 5245/3984/1
f 5236/3987/1 5219/3988/1 5220/3981/1
f 5203/3985/1 5243/3989/1 5244/1322/1
f 5204/3195/1 5243/3989/1 5203/3985/1
f 5204/3195/1 5242/3990/1 5243/3989/1
f 5237/3991/1 5219/3988/1 5236/3987/1
f 5204/3195/1 5241/3992/1 5242/3990/1
f 5151/3975/1 5157/3993/1 5158/3986/1
f 5204/3195/1 5240/3994/1 5241/3992/1
f 5238/3995/1 5219/3988/1 5237/3991/1
f 5204/3195/1 5239/3166/1 5240/3994/1
f 5152/3996/1 5157/3993/1 5151/3975/1
f 5204/3195/1 5238/3995/1 5239/3166/1
f 5204/3195/1 5219/3988/1 5238/3995/1
f 5205/324/1 5219/3988/1 5204/3195/1
f 5205/324/1 5218/41/1 5219/3988/1
f 5206/3997/1 5218/41/1 5205/324/1
f 5152/3996/1 5156/3998/1 5157/3993/1
f 5207/3999/1 5218/41/1 5206/3997/1
f 5207/3999/1 5217/4000/1 5218/41/1
f 5152/3996/1 5155/3208/1 5156/3998/1
f 5208/4001/1 5217/4000/1 5207/3999/1
f 5208/4001/1 5216/4002/1 5217/4000/1
f 5209/4003/1 5216/4002/1 5208/4001/1
f 5152/3996/1 5154/4004/1 5155/3208/1
f 5153/280/1 5154/4004/1 5152/3996/1
f 5209/4003/1 5215/4005/1 5216/4002/1
f 5210/4006/1 5215/4005/1 5209/4003/1
f 5211/3220/1 5215/4005/1 5210/4006/1
f 5211/3220/1 5214/4007/1 5215/4005/1
f 5212/4008/1 5214/4007/1 5211/3220/1
f 5212/4008/1 5213/4009/1 5214/4007/1
f 5403/897/1 5401/900/1 5402/899/1
f 5403/897/1 5400/902/1 5401/900/1
f 5404/895/1 5400/902/1 5403/897/1
f 5404/895/1 5399/904/1 5400/902/1
f 5405/894/1 5399/904/1 5404/895/1
f 5405/894/1 5398/2/1 5399/904/1
f 5406/892/1 5398/2/1 5405/894/1
f 5406/892/1 5397/907/1 5398/2/1
f 5407/891/1 5397/907/1 5406/892/1
f 5407/891/1 5396/909/1 5397/907/1
f 5408/889/1 5396/909/1 5407/891/1
f 5408/889/1 5395/912/1 5396/909/1
f 5409/16/1 5395/912/1 5408/889/1
f 5409/16/1 5394/917/1 5395/912/1
f 5410/887/1 5394/917/1 5409/16/1
f 5410/887/1 5341/906/1 5394/917/1
f 5341/906/1 5393/921/1 5394/917/1
f 5410/887/1 5340/905/1 5341/906/1
f 5342/908/1 5393/921/1 5341/906/1
f 5343/67/1 5393/921/1 5342/908/1
f 5411/886/1 5340/905/1 5410/887/1
f 5411/886/1 5339/903/1 5340/905/1
f 5344/910/1 5393/921/1 5343/67/1
f 5344/910/1 5392/927/1 5393/921/1
f 5411/886/1 5338/901/1 5339/903/1
f 5345/911/1 5392/927/1 5344/910/1
f 5411/886/1 5337/898/1 5338/901/1
f 5346/913/1 5392/927/1 5345/911/1
f 5411/886/1 5336/896/1 5337/898/1
f 5347/918/1 5392/927/1 5346/913/1
f 5412/885/1 5336/896/1 5411/886/1
f 5347/918/1 5391/932/1 5392/927/1
f 5412/885/1 5335/893/1 5336/896/1
f 5348/920/1 5391/932/1 5347/918/1
f 5412/885/1 5334/890/1 5335/893/1
f 5348/920/1 5390/940/1 5391/932/1
f 5413/884/1 5334/890/1 5412/885/1
f 5349/923/1 5390/940/1 5348/920/1
f 5413/884/1 5333/888/1 5334/890/1
f 5350/925/1 5390/940/1 5349/923/1
f 5350/925/1 5389/942/1 5390/940/1
f 5414/883/1 5333/888/1 5413/884/1
f 5414/883/1 5332/82/1 5333/888/1
f 5351/926/1 5389/942/1 5350/925/1
f 5351/926/1 5388/945/1 5389/942/1
f 5414/883/1 5331/878/1 5332/82/1
f 5415/882/1 5331/878/1 5414/883/1
f 5352/928/1 5388/945/1 5351/926/1
f 5352/928/1 5387/17/1 5388/945/1
f 5415/882/1 5330/876/1 5331/878/1
f 5416/881/1 5330/876/1 5415/882/1
f 5353/930/1 5387/17/1 5352/928/1
f 5353/930/1 5386/948/1 5387/17/1
f 5416/881/1 5329/873/1 5330/876/1
f 5417/880/1 5329/873/1 5416/881/1
f 5354/53/1 5386/948/1 5353/930/1
f 5354/53/1 5385/951/1 5386/948/1
f 5417/880/1 5328/864/1 5329/873/1
f 5418/879/1 5328/864/1 5417/880/1
f 5355/934/1 5385/951/1 5354/53/1
f 5355/934/1 5384/954/1 5385/951/1
f 5419/877/1 5328/864/1 5418/879/1
f 5419/877/1 5327/861/1 5328/864/1
f 5356/936/1 5384/954/1 5355/934/1
f 5356/936/1 5383/957/1 5384/954/1
f 5420/30/1 5327/861/1 5419/877/1
f 5420/30/1 5326/858/1 5327/861/1
f 5357/938/1 5383/957/1 5356/936/1
f 5357/938/1 5382/956/1 5383/957/1
f 5421/874/1 5326/858/1 5420/30/1
f 5422/875/1 5326/858/1 5421/874/1
f 5422/875/1 5325/855/1 5326/858/1
f 5423/865/1 5325/855/1 5422/875/1
f 5358/941/1 5382/956/1 5357/938/1
f 5358/941/1 5381/955/1 5382/956/1
f 5424/866/1 5325/855/1 5423/865/1
f 5425/867/1 5325/855/1 5424/866/1
f 5425/867/1 5324/852/1 5325/855/1
f 5426/868/1 5324/852/1 5425/867/1
f 5359/939/1 5381/955/1 5358/941/1
f 5359/939/1 5380/953/1 5381/955/1
f 5427/869/1 5324/852/1 5426/868/1
f 5428/870/1 5324/852/1 5427/869/1
f 5429/871/1 5324/852/1 5428/870/1
f 5429/871/1 5323/848/1 5324/852/1
f 5430/872/1 5323/848/1 5429/871/1
f 5360/937/1 5380/953/1 5359/939/1
f 5360/937/1 5379/952/1 5380/953/1
f 5431/64/1 5323/848/1 5430/872/1
f 5310/65/1 5323/848/1 5431/64/1
f 5310/65/1 5322/849/1 5323/848/1
f 5311/863/1 5312/862/1 5310/65/1
f 5312/862/1 5313/860/1 5310/65/1
f 5313/860/1 5314/859/1 5310/65/1
f 5314/859/1 5315/857/1 5310/65/1
f 5315/857/1 5316/856/1 5310/65/1
f 5316/856/1 5317/854/1 5310/65/1
f 5317/854/1 5318/853/1 5310/65/1
f 5318/853/1 5319/851/1 5310/65/1
f 5319/851/1 5320/850/1 5310/65/1
f 5320/850/1 5321/81/1 5310/65/1
f 5321/81/1 5322/849/1 5310/65/1
f 5361/935/1 5379/952/1 5360/937/1
f 5361/935/1 5378/950/1 5379/952/1
f 5362/933/1 5378/950/1 5361/935/1
f 5362/933/1 5377/949/1 5378/950/1
f 5363/931/1 5377/949/1 5362/933/1
f 5363/931/1 5376/35/1 5377/949/1
f 5364/929/1 5376/35/1 5363/931/1
f 5364/929/1 5375/947/1 5376/35/1
f 5365/51/1 5375/947/1 5364/929/1
f 5365/51/1 5374/946/1 5375/947/1
f 5366/924/1 5374/946/1 5365/51/1
f 5366/924/1 5373/944/1 5374/946/1
f 5367/922/1 5373/944/1 5366/924/1
f 5367/922/1 5372/943/1 5373/944/1
f 5368/919/1 5372/943/1 5367/922/1
f 5368/919/1 5371/914/1 5372/943/1
f 5369/915/1 5371/914/1 5368/919/1
f 5370/916/1 5371/914/1 5369/915/1
f 5544/398/1 5568/64/1 5543/397/1
f 5544/398/1 5567/460/1 5568/64/1
f 5544/398/1 5566/455/1 5567/460/1
f 5544/398/1 5565/447/1 5566/455/1
f 5544/398/1 5564/441/1 5565/447/1
f 5544/398/1 5563/435/1 5564/441/1
f 5544/398/1 5562/430/1 5563/435/1
f 5544/398/1 5561/428/1 5562/430/1
f 5544/398/1 5560/426/1 5561/428/1
f 5544/398/1 5559/424/1 5560/426/1
f 5544/398/1 5558/422/1 5559/424/1
f 5544/398/1 5557/419/1 5558/422/1
f 5545/396/1 5557/419/1 5544/398/1
f 5545/396/1 5556/417/1 5557/419/1
f 5546/399/1 5556/417/1 5545/396/1
f 5547/400/1 5556/417/1 5546/399/1
f 5548/401/1 5556/417/1 5547/400/1
f 5549/403/1 5556/417/1 5548/401/1
f 5550/406/1 5556/417/1 5549/403/1
f 5551/26/1 5556/417/1 5550/406/1
f 5552/409/1 5556/417/1 5551/26/1
f 5553/411/1 5556/417/1 5552/409/1
f 5554/413/1 5556/417/1 5553/411/1
f 5555/415/1 5556/417/1 5554/413/1
f 5434/476/1 5432/65/1 5433/475/1
f 5434/476/1 5542/402/1 5432/65/1
f 5435/477/1 5542/402/1 5434/476/1
f 5435/477/1 5541/404/1 5542/402/1
f 5435/477/1 5540/405/1 5541/404/1
f 5436/478/1 5540/405/1 5435/477/1
f 5436/478/1 5539/407/1 5540/405/1
f 5437/479/1 5539/407/1 5436/478/1
f 5437/479/1 5538/408/1 5539/407/1
f 5437/479/1 5537/410/1 5538/408/1
f 5438/483/1 5537/410/1 5437/479/1
f 5438/483/1 5536/412/1 5537/410/1
f 5439/485/1 5536/412/1 5438/483/1
f 5520/459/1 5518/474/1 5519/467/1
f 5521/453/1 5518/474/1 5520/459/1
f 5521/453/1 5517/19/1 5518/474/1
f 5522/448/1 5517/19/1 5521/453/1
f 5523/443/1 5517/19/1 5522/448/1
f 5523/443/1 5516/472/1 5517/19/1
f 5439/485/1 5535/414/1 5536/412/1
f 5524/436/1 5516/472/1 5523/443/1
f 5524/436/1 5515/471/1 5516/472/1
f 5525/431/1 5515/471/1 5524/436/1
f 5525/431/1 5514/470/1 5515/471/1
f 5526/429/1 5514/470/1 5525/431/1
f 5439/485/1 5534/1/1 5535/414/1
f 5440/487/1 5534/1/1 5439/485/1
f 5527/427/1 5514/470/1 5526/429/1
f 5527/427/1 5513/469/1 5514/470/1
f 5528/425/1 5513/469/1 5527/427/1
f 5528/425/1 5470/496/1 5513/469/1
f 5470/496/1 5471/499/1 5513/469/1
f 5471/499/1 5512/468/1 5513/469/1
f 5440/487/1 5533/416/1 5534/1/1
f 5529/423/1 5469/494/1 5528/425/1
f 5469/494/1 5470/496/1 5528/425/1
f 5529/423/1 5468/495/1 5469/494/1
f 5472/502/1 5512/468/1 5471/499/1
f 5529/423/1 5467/498/1 5468/495/1
f 5473/505/1 5512/468/1 5472/502/1
f 5441/486/1 5533/416/1 5440/487/1
f 5529/423/1 5466/70/1 5467/498/1
f 5474/508/1 5512/468/1 5473/505/1
f 5474/508/1 5511/466/1 5512/468/1
f 5441/486/1 5532/418/1 5533/416/1
f 5530/421/1 5466/70/1 5529/423/1
f 5530/421/1 5465/500/1 5466/70/1
f 5475/511/1 5511/466/1 5474/508/1
f 5530/421/1 5464/501/1 5465/500/1
f 5476/515/1 5511/466/1 5475/511/1
f 5531/420/1 5464/501/1 5530/421/1
f 5476/515/1 5510/465/1 5511/466/1
f 5441/486/1 5531/420/1 5532/418/1
f 5531/420/1 5463/504/1 5464/501/1
f 5477/519/1 5510/465/1 5476/515/1
f 5442/484/1 5531/420/1 5441/486/1
f 5531/420/1 5462/506/1 5463/504/1
f 5478/520/1 5510/465/1 5477/519/1
f 5442/484/1 5462/506/1 5531/420/1
f 5478/520/1 5509/464/1 5510/465/1
f 5442/484/1 5461/507/1 5462/506/1
f 5479/521/1 5509/464/1 5478/520/1
f 5442/484/1 5460/509/1 5461/507/1
f 5443/481/1 5460/509/1 5442/484/1
f 5480/522/1 5509/464/1 5479/521/1
f 5480/522/1 5508/462/1 5509/464/1
f 5443/481/1 5459/510/1 5460/509/1
f 5481/523/1 5508/462/1 5480/522/1
f 5481/523/1 5507/461/1 5508/462/1
f 5444/482/1 5459/510/1 5443/481/1
f 5444/482/1 5458/512/1 5459/510/1
f 5482/513/1 5507/461/1 5481/523/1
f 5444/482/1 5457/514/1 5458/512/1
f 5483/55/1 5507/461/1 5482/513/1
f 5444/482/1 5456/503/1 5457/514/1
f 5483/55/1 5506/457/1 5507/461/1
f 5445/480/1 5456/503/1 5444/482/1
f 5445/480/1 5455/493/1 5456/503/1
f 5445/480/1 5454/492/1 5455/493/1
f 5445/480/1 5453/491/1 5454/492/1
f 5445/480/1 5452/490/1 5453/491/1
f 5445/480/1 5451/489/1 5452/490/1
f 5445/480/1 5450/488/1 5451/489/1
f 5446/518/1 5447/517/1 5445/480/1
f 5447/517/1 5448/516/1 5445/480/1
f 5448/516/1 5449/87/1 5445/480/1
f 5449/87/1 5450/488/1 5445/480/1
f 5484/497/1 5506/457/1 5483/55/1
f 5484/497/1 5505/456/1 5506/457/1
f 5485/473/1 5505/456/1 5484/497/1
f 5485/473/1 5504/452/1 5505/456/1
f 5486/463/1 5504/452/1 5485/473/1
f 5487/458/1 5504/452/1 5486/463/1
f 5487/458/1 5503/451/1 5504/452/1
f 5488/454/1 5503/451/1 5487/458/1
f 5488/454/1 5502/449/1 5503/451/1
f 5489/450/1 5502/449/1 5488/454/1
f 5490/445/1 5502/449/1 5489/450/1
f 5491/440/1 5502/449/1 5490/445/1
f 5491/440/1 5501/446/1 5502/449/1
f 5495/432/1 5493/433/1 5494/434/1
f 5492/437/1 5501/446/1 5491/440/1
f 5495/432/1 5492/437/1 5493/433/1
f 5495/432/1 5501/446/1 5492/437/1
f 5495/432/1 5500/41/1 5501/446/1
f 5495/432/1 5499/444/1 5500/41/1
f 5495/432/1 5498/442/1 5499/444/1
f 5495/432/1 5497/439/1 5498/442/1
f 5496/438/1 5497/439/1 5495/432/1
f 5670/4010/1 5668/4011/1 5669/4012/1
f 5644/4013/1 5692/64/1 5643/4014/1
f 5671/4015/1 5668/4011/1 5670/4010/1
f 5644/4013/1 5691/4016/1 5692/64/1
f 5672/4017/1 5668/4011/1 5671/4015/1
f 5644/4013/1 5690/4018/1 5691/4016/1
f 5673/4019/1 5668/4011/1 5672/4017/1
f 5674/4020/1 5668/4011/1 5673/4019/1
f 5644/4013/1 5689/4021/1 5690/4018/1
f 5675/4022/1 5668/4011/1 5674/4020/1
f 5644/4013/1 5688/4023/1 5689/4021/1
f 5676/4024/1 5668/4011/1 5675/4022/1
f 5644/4013/1 5687/4025/1 5688/4023/1
f 5677/4026/1 5668/4011/1 5676/4024/1
f 5644/4013/1 5686/4027/1 5687/4025/1
f 5644/4013/1 5685/4028/1 5686/4027/1
f 5678/4029/1 5668/4011/1 5677/4026/1
f 5644/4013/1 5684/4030/1 5685/4028/1
f 5679/4031/1 5668/4011/1 5678/4029/1
f 5644/4013/1 5683/4032/1 5684/4030/1
f 5680/4033/1 5668/4011/1 5679/4031/1
f 5644/4013/1 5682/4034/1 5683/4032/1
f 5681/4035/1 5668/4011/1 5680/4033/1
f 5644/4013/1 5681/4035/1 5682/4034/1
f 5644/4013/1 5668/4011/1 5681/4035/1
f 5644/4013/1 5667/4036/1 5668/4011/1
f 5645/4037/1 5667/4036/1 5644/4013/1
f 5645/4037/1 5666/4038/1 5667/4036/1
f 5646/4039/1 5666/4038/1 5645/4037/1
f 5646/4039/1 5665/4040/1 5666/4038/1
f 5647/4041/1 5665/4040/1 5646/4039/1
f 5647/4041/1 5664/4042/1 5665/4040/1
f 5648/4043/1 5664/4042/1 5647/4041/1
f 5648/4043/1 5663/4044/1 5664/4042/1
f 5649/4045/1 5663/4044/1 5648/4043/1
f 5649/4045/1 5662/4046/1 5663/4044/1
f 5650/4047/1 5662/4046/1 5649/4045/1
f 5650/4047/1 5661/4048/1 5662/4046/1
f 5651/354/1 5661/4048/1 5650/4047/1
f 5651/354/1 5660/4049/1 5661/4048/1
f 5652/4050/1 5660/4049/1 5651/354/1
f 5652/4050/1 5659/4051/1 5660/4049/1
f 5653/4052/1 5659/4051/1 5652/4050/1
f 5653/4052/1 5658/4053/1 5659/4051/1
f 5654/4054/1 5658/4053/1 5653/4052/1
f 5654/4054/1 5657/4055/1 5658/4053/1
f 5655/4056/1 5657/4055/1 5654/4054/1
f 5655/4056/1 5656/4057/1 5657/4055/1
f 5571/4058/1 5569/65/1 5570/4059/1
f 5571/4058/1 5642/4060/1 5569/65/1
f 5572/4061/1 5642/4060/1 5571/4058/1
f 5572/4061/1 5641/4062/1 5642/4060/1
f 5573/4063/1 5641/4062/1 5572/4061/1
f 5573/4063/1 5640/4064/1 5641/4062/1
f 5574/4065/1 5640/4064/1 5573/4063/1
f 5574/4065/1 5639/4066/1 5640/4064/1
f 5575/4067/1 5639/4066/1 5574/4065/1
f 5575/4067/1 5638/4068/1 5639/4066/1
f 5576/4069/1 5638/4068/1 5575/4067/1
f 5576/4069/1 5637/4070/1 5638/4068/1
f 5577/4071/1 5637/4070/1 5576/4069/1
f 5577/4071/1 5636/4072/1 5637/4070/1
f 5577/4071/1 5635/4073/1 5636/4072/1
f 5578/4074/1 5635/4073/1 5577/4071/1
f 5578/4074/1 5634/4075/1 5635/4073/1
f 5579/4076/1 5634/4075/1 5578/4074/1
f 5579/4076/1 5633/4077/1 5634/4075/1
f 5580/4078/1 5633/4077/1 5579/4076/1
f 5580/4078/1 5632/4079/1 5633/4077/1
f 5580/4078/1 5631/4080/1 5632/4079/1
f 5581/4081/1 5631/4080/1 5580/4078/1
f 5581/4081/1 5630/4082/1 5631/4080/1
f 5582/4083/1 5630/4082/1 5581/4081/1
f 5583/4084/1 5630/4082/1 5582/4083/1
f 5583/4084/1 5629/4085/1 5630/4082/1
f 5583/4084/1 5628/4086/1 5629/4085/1
f 5584/4087/1 5628/4086/1 5583/4084/1
f 5584/4087/1 5627/4088/1 5628/4086/1
f 5584/4087/1 5626/4089/1 5627/4088/1
f 5585/4090/1 5626/4089/1 5584/4087/1
f 5585/4090/1 5625/4091/1 5626/4089/1
f 5608/4092/1 5606/4093/1 5607/4094/1
f 5585/4090/1 5624/4095/1 5625/4091/1
f 5609/4096/1 5606/4093/1 5608/4092/1
f 5586/4097/1 5624/4095/1 5585/4090/1
f 5610/307/1 5606/4093/1 5609/4096/1
f 5586/4097/1 5623/4098/1 5624/4095/1
f 5611/4099/1 5606/4093/1 5610/307/1
f 5612/4100/1 5606/4093/1 5611/4099/1
f 5586/4097/1 5622/4101/1 5623/4098/1
f 5613/4102/1 5606/4093/1 5612/4100/1
f 5614/4103/1 5606/4093/1 5613/4102/1
f 5586/4097/1 5621/4104/1 5622/4101/1
f 5615/4105/1 5606/4093/1 5614/4103/1
f 5587/4106/1 5621/4104/1 5586/4097/1
f 5616/4107/1 5606/4093/1 5615/4105/1
f 5587/4106/1 5620/4108/1 5621/4104/1
f 5617/4109/1 5606/4093/1 5616/4107/1
f 5618/4110/1 5606/4093/1 5617/4109/1
f 5587/4106/1 5619/4111/1 5620/4108/1
f 5619/4111/1 5606/4093/1 5618/4110/1
f 5587/4106/1 5606/4093/1 5619/4111/1
f 5588/4112/1 5606/4093/1 5587/4106/1
f 5589/4113/1 5606/4093/1 5588/4112/1
f 5589/4113/1 5605/4114/1 5606/4093/1
f 5590/4115/1 5605/4114/1 5589/4113/1
f 5590/4115/1 5604/4116/1 5605/4114/1
f 5590/4115/1 5603/4117/1 5604/4116/1
f 5591/4118/1 5603/4117/1 5590/4115/1
f 5591/4118/1 5602/4119/1 5603/4117/1
f 5591/4118/1 5601/4120/1 5602/4119/1
f 5591/4118/1 5600/4121/1 5601/4120/1
f 5592/4122/1 5600/4121/1 5591/4118/1
f 5592/4122/1 5599/4123/1 5600/4121/1
f 5592/4122/1 5598/4124/1 5599/4123/1
f 5593/4125/1 5598/4124/1 5592/4122/1
f 5593/4125/1 5597/4126/1 5598/4124/1
f 5593/4125/1 5596/4127/1 5597/4126/1
f 5594/4128/1 5596/4127/1 5593/4125/1
f 5594/4128/1 5595/4129/1 5596/4127/1
f 5867/4130/1 5865/3215/1 5866/4131/1
f 5868/4132/1 5865/3215/1 5867/4130/1
f 5869/3228/1 5865/3215/1 5868/4132/1
f 5870/4133/1 5865/3215/1 5869/3228/1
f 5871/4134/1 5865/3215/1 5870/4133/1
f 5872/4135/1 5865/3215/1 5871/4134/1
f 5873/3221/1 5865/3215/1 5872/4135/1
f 5874/4136/1 5865/3215/1 5873/3221/1
f 5875/26/1 5865/3215/1 5874/4136/1
f 5876/4137/1 5865/3215/1 5875/26/1
f 5877/3211/1 5865/3215/1 5876/4137/1
f 5878/4138/1 5865/3215/1 5877/3211/1
f 5879/4139/1 5865/3215/1 5878/4138/1
f 5880/4140/1 5865/3215/1 5879/4139/1
f 5881/3185/1 5865/3215/1 5880/4140/1
f 5882/4141/1 5865/3215/1 5881/3185/1
f 5883/4142/1 5865/3215/1 5882/4141/1
f 5884/4143/1 5865/3215/1 5883/4142/1
f 5885/3163/1 5865/3215/1 5884/4143/1
f 5694/4144/1 5901/64/1 5693/65/1
f 5886/4145/1 5865/3215/1 5885/3163/1
f 5694/4144/1 5900/4146/1 5901/64/1
f 5694/4144/1 5899/4147/1 5900/4146/1
f 5887/4148/1 5865/3215/1 5886/4145/1
f 5694/4144/1 5898/4149/1 5899/4147/1
f 5694/4144/1 5897/3126/1 5898/4149/1
f 5888/174/1 5865/3215/1 5887/4148/1
f 5694/4144/1 5896/4150/1 5897/3126/1
f 5694/4144/1 5895/4151/1 5896/4150/1
f 5889/3150/1 5865/3215/1 5888/174/1
f 5694/4144/1 5894/4152/1 5895/4151/1
f 5694/4144/1 5893/3138/1 5894/4152/1
f 5694/4144/1 5892/4153/1 5893/3138/1
f 5890/4154/1 5865/3215/1 5889/3150/1
f 5694/4144/1 5891/4155/1 5892/4153/1
f 5694/4144/1 5890/4154/1 5891/4155/1
f 5694/4144/1 5698/4156/1 5890/4154/1
f 5698/4156/1 5699/4157/1 5890/4154/1
f 5699/4157/1 5700/4158/1 5890/4154/1
f 5700/4158/1 5865/3215/1 5890/4154/1
f 5700/4158/1 5701/3132/1 5865/3215/1
f 5701/3132/1 5702/4159/1 5865/3215/1
f 5702/4159/1 5703/4160/1 5865/3215/1
f 5703/4160/1 5864/4161/1 5865/3215/1
f 5703/4160/1 5704/4162/1 5864/4161/1
f 5704/4162/1 5705/3146/1 5864/4161/1
f 5705/3146/1 5863/4163/1 5864/4161/1
f 5705/3146/1 5706/169/1 5863/4163/1
f 5706/169/1 5862/187/1 5863/4163/1
f 5706/169/1 5861/3197/1 5862/187/1
f 5706/169/1 5860/4164/1 5861/3197/1
f 5706/169/1 5707/4165/1 5860/4164/1
f 5707/4165/1 5708/4166/1 5860/4164/1
f 5708/4166/1 5859/4167/1 5860/4164/1
f 5708/4166/1 5709/3157/1 5859/4167/1
f 5709/3157/1 5718/4168/1 5859/4167/1
f 5718/4168/1 5858/4169/1 5859/4167/1
f 5718/4168/1 5857/3176/1 5858/4169/1
f 5718/4168/1 5856/4170/1 5857/3176/1
f 5709/3157/1 5710/4171/1 5718/4168/1
f 5710/4171/1 5717/3187/1 5718/4168/1
f 5719/87/1 5856/4170/1 5718/4168/1
f 5710/4171/1 5716/4172/1 5717/3187/1
f 5710/4171/1 5711/4173/1 5716/4172/1
f 5711/4173/1 5715/4174/1 5716/4172/1
f 5719/87/1 5855/4175/1 5856/4170/1
f 5711/4173/1 5714/4176/1 5715/4174/1
f 5711/4173/1 5712/4177/1 5714/4176/1
f 5712/4177/1 5713/3173/1 5714/4176/1
f 5719/87/1 5854/4178/1 5855/4175/1
f 5719/87/1 5853/3153/1 5854/4178/1
f 5719/87/1 5852/4179/1 5853/3153/1
f 5720/4180/1 5852/4179/1 5719/87/1
f 5694/4144/1 5697/3120/1 5698/4156/1
f 5694/4144/1 5696/4181/1 5697/3120/1
f 5694/4144/1 5695/4182/1 5696/4181/1
f 5720/4180/1 5851/4183/1 5852/4179/1
f 5721/3200/1 5851/4183/1 5720/4180/1
f 5721/3200/1 5850/4184/1 5851/4183/1
f 5722/4185/1 5850/4184/1 5721/3200/1
f 5722/4185/1 5849/1/1 5850/4184/1
f 5723/4186/1 5849/1/1 5722/4185/1
f 5723/4186/1 5848/4187/1 5849/1/1
f 5724/4188/1 5848/4187/1 5723/4186/1
f 5724/4188/1 5847/4189/1 5848/4187/1
f 5725/3208/1 5847/4189/1 5724/4188/1
f 5725/3208/1 5846/4190/1 5847/4189/1
f 5726/4191/1 5846/4190/1 5725/3208/1
f 5726/4191/1 5845/3103/1 5846/4190/1
f 5727/4192/1 5845/3103/1 5726/4191/1
f 5727/4192/1 5844/4193/1 5845/3103/1
f 5727/4192/1 5843/4194/1 5844/4193/1
f 5728/4195/1 5843/4194/1 5727/4192/1
f 5728/4195/1 5842/4196/1 5843/4194/1
f 5729/3201/1 5842/4196/1 5728/4195/1
f 5830/4197/1 5828/4198/1 5829/3116/1
f 5831/4199/1 5828/4198/1 5830/4197/1
f 5832/4200/1 5828/4198/1 5831/4199/1
f 5833/3101/1 5828/4198/1 5832/4200/1
f 5834/4201/1 5828/4198/1 5833/3101/1
f 5835/4202/1 5828/4198/1 5834/4201/1
f 5836/228/1 5828/4198/1 5835/4202/1
f 5837/3095/1 5828/4198/1 5836/228/1
f 5729/3201/1 5841/3098/1 5842/4196/1
f 5838/4203/1 5828/4198/1 5837/3095/1
f 5839/4204/1 5828/4198/1 5838/4203/1
f 5730/4205/1 5841/3098/1 5729/3201/1
f 5840/4206/1 5828/4198/1 5839/4204/1
f 5841/3098/1 5828/4198/1 5840/4206/1
f 5730/4205/1 5828/4198/1 5841/3098/1
f 5731/4207/1 5828/4198/1 5730/4205/1
f 5732/199/1 5828/4198/1 5731/4207/1
f 5733/3191/1 5827/4208/1 5732/199/1
f 5827/4208/1 5828/4198/1 5732/199/1
f 5734/4209/1 5827/4208/1 5733/3191/1
f 5735/4210/1 5827/4208/1 5734/4209/1
f 5736/4211/1 5826/4212/1 5735/4210/1
f 5826/4212/1 5827/4208/1 5735/4210/1
f 5737/3178/1 5826/4212/1 5736/4211/1
f 5738/4213/1 5826/4212/1 5737/3178/1
f 5739/4214/1 5825/3139/1 5738/4213/1
f 5825/3139/1 5826/4212/1 5738/4213/1
f 5740/4215/1 5825/3139/1 5739/4214/1
f 5741/3165/1 5825/3139/1 5740/4215/1
f 5742/4216/1 5824/4217/1 5741/3165/1
f 5824/4217/1 5825/3139/1 5741/3165/1
f 5743/4218/1 5744/4219/1 5742/4216/1
f 5744/4219/1 5745/70/1 5742/4216/1
f 5745/70/1 5746/4220/1 5742/4216/1
f 5746/4220/1 5747/4221/1 5742/4216/1
f 5747/4221/1 5748/4222/1 5742/4216/1
f 5748/4222/1 5749/3127/1 5742/4216/1
f 5749/3127/1 5750/4223/1 5742/4216/1
f 5750/4223/1 5751/4224/1 5742/4216/1
f 5751/4224/1 5752/4225/1 5742/4216/1
f 5752/4225/1 5753/3114/1 5742/4216/1
f 5753/3114/1 5754/4226/1 5742/4216/1
f 5754/4226/1 5817/3188/1 5742/4216/1
f 5817/3188/1 5818/4227/1 5742/4216/1
f 5818/4227/1 5819/4228/1 5742/4216/1
f 5819/4228/1 5820/4229/1 5742/4216/1
f 5820/4229/1 5821/3166/1 5742/4216/1
f 5821/3166/1 5822/4230/1 5742/4216/1
f 5822/4230/1 5823/19/1 5742/4216/1
f 5823/19/1 5824/4217/1 5742/4216/1
f 5754/4226/1 5816/4231/1 5817/3188/1
f 5754/4226/1 5755/4232/1 5816/4231/1
f 5755/4232/1 5815/4233/1 5816/4231/1
f 5755/4232/1 5814/4234/1 5815/4233/1
f 5755/4232/1 5813/3216/1 5814/4234/1
f 5756/4235/1 5813/3216/1 5755/4232/1
f 5756/4235/1 5812/4236/1 5813/3216/1
f 5757/3104/1 5812/4236/1 5756/4235/1
f 5758/214/1 5812/4236/1 5757/3104/1
f 5758/214/1 5811/4237/1 5812/4236/1
f 5759/4238/1 5811/4237/1 5758/214/1
f 5759/4238/1 5810/240/1 5811/4237/1
f 5760/4239/1 5810/240/1 5759/4238/1
f 5760/4239/1 5809/3240/1 5810/240/1
f 5761/3112/1 5809/3240/1 5760/4239/1
f 5761/3112/1 5808/4240/1 5809/3240/1
f 5762/4241/1 5808/4240/1 5761/3112/1
f 5762/4241/1 5807/4242/1 5808/4240/1
f 5763/4243/1 5807/4242/1 5762/4241/1
f 5764/4244/1 5807/4242/1 5763/4243/1
f 5764/4244/1 5806/4245/1 5807/4242/1
f 5765/3124/1 5806/4245/1 5764/4244/1
f 5765/3124/1 5805/3237/1 5806/4245/1
f 5766/4246/1 5805/3237/1 5765/3124/1
f 5766/4246/1 5804/4247/1 5805/3237/1
f 5767/4248/1 5804/4247/1 5766/4246/1
f 5767/4248/1 5803/4249/1 5804/4247/1
f 5768/4250/1 5803/4249/1 5767/4248/1
f 5768/4250/1 5802/4251/1 5803/4249/1
f 5768/4250/1 5801/3233/1 5802/4251/1
f 5769/3140/1 5801/3233/1 5768/4250/1
f 5769/3140/1 5800/4252/1 5801/3233/1
f 5769/3140/1 5799/4253/1 5800/4252/1
f 5770/4254/1 5799/4253/1 5769/3140/1
f 5770/4254/1 5798/4255/1 5799/4253/1
f 5770/4254/1 5797/41/1 5798/4255/1
f 5771/55/1 5797/41/1 5770/4254/1
f 5771/55/1 5796/4256/1 5797/41/1
f 5771/55/1 5795/4257/1 5796/4256/1
f 5771/55/1 5794/4258/1 5795/4257/1
f 5771/55/1 5793/3226/1 5794/4258/1
f 5772/4259/1 5793/3226/1 5771/55/1
f 5772/4259/1 5792/4260/1 5793/3226/1
f 5772/4259/1 5791/4261/1 5792/4260/1
f 5772/4259/1 5790/4262/1 5791/4261/1
f 5781/3195/1 5779/4263/1 5780/4264/1
f 5772/4259/1 5789/3220/1 5790/4262/1
f 5782/4265/1 5779/4263/1 5781/3195/1
f 5772/4259/1 5788/4266/1 5789/3220/1
f 5783/4267/1 5779/4263/1 5782/4265/1
f 5784/227/1 5779/4263/1 5783/4267/1
f 5772/4259/1 5787/4268/1 5788/4266/1
f 5785/3213/1 5779/4263/1 5784/227/1
f 5772/4259/1 5786/4269/1 5787/4268/1
f 5786/4269/1 5779/4263/1 5785/3213/1
f 5772/4259/1 5779/4263/1 5786/4269/1
f 5773/3158/1 5779/4263/1 5772/4259/1
f 5774/4270/1 5779/4263/1 5773/3158/1
f 5775/4271/1 5779/4263/1 5774/4270/1
f 5776/4272/1 5779/4263/1 5775/4271/1
f 5777/3175/1 5779/4263/1 5776/4272/1
f 5778/4273/1 5779/4263/1 5777/3175/1
f 6075/4274/1 6107/4275/1 6108/64/1
f 6075/4274/1 6106/4276/1 6107/4275/1
f 6075/4274/1 6105/4277/1 6106/4276/1
f 6076/4278/1 6105/4277/1 6075/4274/1
f 6076/4278/1 6104/4279/1 6105/4277/1
f 6077/4280/1 6104/4279/1 6076/4278/1
f 6078/4281/1 6104/4279/1 6077/4280/1
f 6078/4281/1 6103/4282/1 6104/4279/1
f 6079/4283/1 6103/4282/1 6078/4281/1
f 6079/4283/1 6102/4284/1 6103/4282/1
f 6080/4285/1 6102/4284/1 6079/4283/1
f 6080/4285/1 6101/4286/1 6102/4284/1
f 6081/4287/1 6101/4286/1 6080/4285/1
f 6082/4288/1 6101/4286/1 6081/4287/1
f 6082/4288/1 6100/4289/1 6101/4286/1
f 6083/4290/1 6100/4289/1 6082/4288/1
f 6083/4290/1 6099/4291/1 6100/4289/1
f 6084/4292/1 6099/4291/1 6083/4290/1
f 6084/4292/1 6098/4293/1 6099/4291/1
f 6085/4294/1 6098/4293/1 6084/4292/1
f 6085/4294/1 6097/4295/1 6098/4293/1
f 6086/4296/1 6097/4295/1 6085/4294/1
f 6086/4296/1 6096/4297/1 6097/4295/1
f 6087/4298/1 6096/4297/1 6086/4296/1
f 6089/4299/1 6091/4300/1 6088/4301/1
f 6091/4300/1 6087/4298/1 6088/4301/1
f 6091/4300/1 6096/4297/1 6087/4298/1
f 6091/4300/1 6095/4302/1 6096/4297/1
f 6091/4300/1 6092/4303/1 6095/4302/1
f 6092/4303/1 6094/4304/1 6095/4302/1
f 6089/4299/1 6090/4305/1 6091/4300/1
f 6093/4306/1 6094/4304/1 6092/4303/1
f 5903/4307/1 5938/4308/1 5902/65/1
f 5939/4309/1 5963/4310/1 5964/4311/1
f 5939/4309/1 5962/4312/1 5963/4310/1
f 5904/4313/1 5938/4308/1 5903/4307/1
f 5904/4313/1 5937/4314/1 5938/4308/1
f 5939/4309/1 5961/4315/1 5962/4312/1
f 5905/4316/1 5937/4314/1 5904/4313/1
f 5940/4317/1 5961/4315/1 5939/4309/1
f 5905/4316/1 5936/4318/1 5937/4314/1
f 5940/4317/1 5960/4319/1 5961/4315/1
f 5906/4320/1 5936/4318/1 5905/4316/1
f 5941/4321/1 5960/4319/1 5940/4317/1
f 5941/4321/1 5959/4322/1 5960/4319/1
f 5906/4320/1 5935/4323/1 5936/4318/1
f 5907/4324/1 5935/4323/1 5906/4320/1
f 5942/4325/1 5959/4322/1 5941/4321/1
f 5942/4325/1 5958/4326/1 5959/4322/1
f 5907/4324/1 5934/4327/1 5935/4323/1
f 5966/4328/1 6045/4329/1 5965/4330/1
f 5908/4331/1 5934/4327/1 5907/4324/1
f 5943/4332/1 5958/4326/1 5942/4325/1
f 5943/4332/1 5957/4333/1 5958/4326/1
f 5909/4334/1 5934/4327/1 5908/4331/1
f 5909/4334/1 5933/4335/1 5934/4327/1
f 5944/4336/1 5957/4333/1 5943/4332/1
f 5944/4336/1 5956/4337/1 5957/4333/1
f 5966/4328/1 6044/4338/1 6045/4329/1
f 5910/4339/1 5933/4335/1 5909/4334/1
f 5967/4340/1 6044/4338/1 5966/4328/1
f 5945/4341/1 5956/4337/1 5944/4336/1
f 5910/4339/1 5932/4342/1 5933/4335/1
f 5945/4341/1 5955/4343/1 5956/4337/1
f 5911/4344/1 5932/4342/1 5910/4339/1
f 5967/4340/1 6043/4345/1 6044/4338/1
f 5946/4346/1 5955/4343/1 5945/4341/1
f 5946/4346/1 5954/4347/1 5955/4343/1
f 5911/4344/1 5931/4348/1 5932/4342/1
f 5912/4349/1 5931/4348/1 5911/4344/1
f 5968/4350/1 6043/4345/1 5967/4340/1
f 5947/4351/1 5954/4347/1 5946/4346/1
f 5947/4351/1 5953/4352/1 5954/4347/1
f 5913/4353/1 5931/4348/1 5912/4349/1
f 5913/4353/1 5930/4354/1 5931/4348/1
f 5968/4350/1 6062/4355/1 6043/4345/1
f 6062/4355/1 6042/4356/1 6043/4345/1
f 5914/4357/1 5930/4354/1 5913/4353/1
f 5947/4351/1 5952/4358/1 5953/4352/1
f 5948/4359/1 5952/4358/1 5947/4351/1
f 5914/4357/1 5929/4360/1 5930/4354/1
f 5915/4361/1 5929/4360/1 5914/4357/1
f 5916/4362/1 5929/4360/1 5915/4361/1
f 5948/4359/1 5949/4363/1 5952/4358/1
f 5949/4363/1 5950/4364/1 5952/4358/1
f 5950/4364/1 5951/4365/1 5952/4358/1
f 5969/4366/1 6062/4355/1 5968/4350/1
f 5969/4366/1 6061/4367/1 6062/4355/1
f 6063/4368/1 6042/4356/1 6062/4355/1
f 5917/4369/1 5929/4360/1 5916/4362/1
f 5918/4370/1 5929/4360/1 5917/4369/1
f 5918/4370/1 5928/4371/1 5929/4360/1
f 6063/4368/1 6041/4372/1 6042/4356/1
f 5919/4373/1 5928/4371/1 5918/4370/1
f 5920/4374/1 5928/4371/1 5919/4373/1
f 5969/4366/1 6060/4375/1 6061/4367/1
f 6064/4376/1 6041/4372/1 6063/4368/1
f 5921/4377/1 5928/4371/1 5920/4374/1
f 5921/4377/1 5927/4378/1 5928/4371/1
f 5922/4379/1 5927/4378/1 5921/4377/1
f 5970/4380/1 6060/4375/1 5969/4366/1
f 5923/4381/1 5927/4378/1 5922/4379/1
f 5970/4380/1 6059/4382/1 6060/4375/1
f 6064/4376/1 6040/4383/1 6041/4372/1
f 6065/4384/1 6040/4383/1 6064/4376/1
f 5923/4381/1 5924/4385/1 5927/4378/1
f 5924/4385/1 5925/4386/1 5927/4378/1
f 5925/4386/1 5926/4387/1 5927/4378/1
f 5970/4380/1 6058/4388/1 6059/4382/1
f 6066/4389/1 6040/4383/1 6065/4384/1
f 6066/4389/1 6039/4390/1 6040/4383/1
f 5971/4391/1 6058/4388/1 5970/4380/1
f 5971/4391/1 6057/4392/1 6058/4388/1
f 6067/4393/1 6039/4390/1 6066/4389/1
f 5971/4391/1 6056/4394/1 6057/4392/1
f 6068/4395/1 6039/4390/1 6067/4393/1
f 6068/4395/1 6038/4396/1 6039/4390/1
f 5972/4397/1 6056/4394/1 5971/4391/1
f 5972/4397/1 6055/4398/1 6056/4394/1
f 6069/4399/1 6038/4396/1 6068/4395/1
f 6069/4399/1 6037/4400/1 6038/4396/1
f 5972/4397/1 6054/4401/1 6055/4398/1
f 6070/4402/1 6037/4400/1 6069/4399/1
f 5973/4403/1 6054/4401/1 5972/4397/1
f 5973/4403/1 6053/4404/1 6054/4401/1
f 6070/4402/1 6036/4405/1 6037/4400/1
f 6071/4406/1 6036/4405/1 6070/4402/1
f 5973/4403/1 6052/4407/1 6053/4404/1
f 6072/4408/1 6036/4405/1 6071/4406/1
f 5974/4409/1 6052/4407/1 5973/4403/1
f 6072/4408/1 6035/4410/1 6036/4405/1
f 5974/4409/1 6051/4411/1 6052/4407/1
f 6073/4412/1 6035/4410/1 6072/4408/1
f 6073/4412/1 6034/4413/1 6035/4410/1
f 5974/4409/1 6050/4414/1 6051/4411/1
f 6074/4415/1 6034/4413/1 6073/4412/1
f 5975/4416/1 6050/4414/1 5974/4409/1
f 5975/4416/1 6074/4415/1 6050/4414/1
f 5975/4416/1 6034/4413/1 6074/4415/1
f 5975/4416/1 6033/4417/1 6034/4413/1
f 5976/4418/1 6033/4417/1 5975/4416/1
f 5976/4418/1 6008/4419/1 6033/4417/1
f 6008/4419/1 6032/4420/1 6033/4417/1
f 5977/4421/1 6001/4422/1 5976/4418/1
f 6001/4422/1 6008/4419/1 5976/4418/1
f 6001/4422/1 6048/4423/1 6008/4419/1
f 6048/4423/1 6007/4424/1 6008/4419/1
f 6009/4425/1 6032/4420/1 6008/4419/1
f 6009/4425/1 6031/4426/1 6032/4420/1
f 6010/4427/1 6031/4426/1 6009/4425/1
f 6010/4427/1 6030/4428/1 6031/4426/1
f 6010/4427/1 6029/4429/1 6030/4428/1
f 6011/4430/1 6029/4429/1 6010/4427/1
f 5977/4421/1 6000/4431/1 6001/4422/1
f 6002/4432/1 6047/4433/1 6001/4422/1
f 6047/4433/1 6048/4423/1 6001/4422/1
f 6011/4430/1 6028/4434/1 6029/4429/1
f 5978/4435/1 6000/4431/1 5977/4421/1
f 6012/4436/1 6028/4434/1 6011/4430/1
f 5978/4435/1 5999/4437/1 6000/4431/1
f 6012/4436/1 6027/4438/1 6028/4434/1
f 5979/4439/1 5999/4437/1 5978/4435/1
f 6013/4440/1 6027/4438/1 6012/4436/1
f 5979/4439/1 5998/4441/1 5999/4437/1
f 5980/4442/1 5998/4441/1 5979/4439/1
f 6013/4440/1 6026/4443/1 6027/4438/1
f 6014/4444/1 6026/4443/1 6013/4440/1
f 5980/4442/1 5997/4445/1 5998/4441/1
f 5981/4446/1 5997/4445/1 5980/4442/1
f 6002/4432/1 6046/4447/1 6047/4433/1
f 6049/4448/1 6007/4424/1 6048/4423/1
f 6014/4444/1 6025/4449/1 6026/4443/1
f 6015/4450/1 6025/4449/1 6014/4444/1
f 5982/4451/1 5997/4445/1 5981/4446/1
f 5982/4451/1 5996/4452/1 5997/4445/1
f 6015/4450/1 6024/4453/1 6025/4449/1
f 6016/4454/1 6024/4453/1 6015/4450/1
f 5983/4455/1 5996/4452/1 5982/4451/1
f 5983/4455/1 5995/4456/1 5996/4452/1
f 6016/4454/1 6023/4457/1 6024/4453/1
f 6017/4458/1 6023/4457/1 6016/4454/1
f 5984/4459/1 5995/4456/1 5983/4455/1
f 5984/4459/1 5994/4460/1 5995/4456/1
f 6017/4458/1 6022/4461/1 6023/4457/1
f 6018/4462/1 6022/4461/1 6017/4458/1
f 5985/4463/1 5994/4460/1 5984/4459/1
f 5985/4463/1 5993/4464/1 5994/4460/1
f 6018/4462/1 6021/4465/1 6022/4461/1
f 6019/4466/1 6021/4465/1 6018/4462/1
f 5986/4467/1 5993/4464/1 5985/4463/1
f 5986/4467/1 5992/4468/1 5993/4464/1
f 6019/4466/1 6020/4469/1 6021/4465/1
f 5987/4470/1 5992/4468/1 5986/4467/1
f 5987/4470/1 5991/4471/1 5992/4468/1
f 5987/4470/1 5990/4472/1 5991/4471/1
f 5988/4473/1 5990/4472/1 5987/4470/1
f 5988/4473/1 5989/4474/1 5990/4472/1
f 6002/4432/1 6004/4475/1 6046/4447/1
f 6004/4475/1 6049/4448/1 6046/4447/1
f 6004/4475/1 6005/41/1 6049/4448/1
f 6005/41/1 6007/4424/1 6049/4448/1
f 6002/4432/1 6003/4476/1 6004/4475/1
f 6006/4477/1 6007/4424/1 6005/41/1
f 6253/64/1 6251/4478/1 6252/4479/1
f 6253/64/1 6250/4480/1 6251/4478/1
f 6110/4481/1 6112/4482/1 6109/65/1
f 6112/4482/1 6253/64/1 6109/65/1
f 6112/4482/1 6250/4480/1 6253/64/1
f 6112/4482/1 6249/4483/1 6250/4480/1
f 6112/4482/1 6113/4484/1 6249/4483/1
f 6113/4484/1 6187/4485/1 6249/4483/1
f 6187/4485/1 6248/4486/1 6249/4483/1
f 6110/4481/1 6111/4487/1 6112/4482/1
f 6114/4488/1 6186/4489/1 6113/4484/1
f 6186/4489/1 6187/4485/1 6113/4484/1
f 6114/4488/1 6185/4490/1 6186/4489/1
f 6188/4491/1 6248/4486/1 6187/4485/1
f 6114/4488/1 6184/4492/1 6185/4490/1
f 6114/4488/1 6183/4493/1 6184/4492/1
f 6114/4488/1 6182/4494/1 6183/4493/1
f 6115/4495/1 6182/4494/1 6114/4488/1
f 6115/4495/1 6181/41/1 6182/4494/1
f 6115/4495/1 6180/4496/1 6181/41/1
f 6115/4495/1 6179/4497/1 6180/4496/1
f 6116/4498/1 6179/4497/1 6115/4495/1
f 6116/4498/1 6178/4499/1 6179/4497/1
f 6116/4498/1 6177/4500/1 6178/4499/1
f 6116/4498/1 6176/4501/1 6177/4500/1
f 6117/1257/1 6176/4501/1 6116/4498/1
f 6117/1257/1 6175/4502/1 6176/4501/1
f 6117/1257/1 6174/4503/1 6175/4502/1
f 6117/1257/1 6173/1102/1 6174/4503/1
f 6118/169/1 6173/1102/1 6117/1257/1
f 6118/169/1 6172/227/1 6173/1102/1
f 6119/4504/1 6172/227/1 6118/169/1
f 6119/4504/1 6149/1305/1 6172/227/1
f 6149/1305/1 6171/4505/1 6172/227/1
f 6149/1305/1 6170/4506/1 6171/4505/1
f 6119/4504/1 6148/4507/1 6149/1305/1
f 6150/4508/1 6170/4506/1 6149/1305/1
f 6120/4509/1 6148/4507/1 6119/4504/1
f 6151/4510/1 6170/4506/1 6150/4508/1
f 6151/4510/1 6169/3189/1 6170/4506/1
f 6120/4509/1 6147/4511/1 6148/4507/1
f 6152/4512/1 6169/3189/1 6151/4510/1
f 6121/3161/1 6147/4511/1 6120/4509/1
f 6121/3161/1 6146/4513/1 6147/4511/1
f 6152/4512/1 6168/4514/1 6169/3189/1
f 6153/4515/1 6168/4514/1 6152/4512/1
f 6121/3161/1 6145/70/1 6146/4513/1
f 6153/4515/1 6167/4516/1 6168/4514/1
f 6122/4517/1 6145/70/1 6121/3161/1
f 6154/214/1 6167/4516/1 6153/4515/1
f 6122/4517/1 6144/4518/1 6145/70/1
f 6154/214/1 6166/4519/1 6167/4516/1
f 6155/4520/1 6166/4519/1 6154/214/1
f 6123/4521/1 6144/4518/1 6122/4517/1
f 6123/4521/1 6143/4522/1 6144/4518/1
f 6155/4520/1 6165/1327/1 6166/4519/1
f 6156/4523/1 6165/1327/1 6155/4520/1
f 6123/4521/1 6142/4524/1 6143/4522/1
f 6156/4523/1 6164/4525/1 6165/1327/1
f 6124/4526/1 6142/4524/1 6123/4521/1
f 6157/307/1 6164/4525/1 6156/4523/1
f 6124/4526/1 6141/1250/1 6142/4524/1
f 6157/307/1 6163/55/1 6164/4525/1
f 6158/4527/1 6163/55/1 6157/307/1
f 6125/1218/1 6141/1250/1 6124/4526/1
f 6125/1218/1 6140/4528/1 6141/1250/1
f 6158/4527/1 6162/4529/1 6163/55/1
f 6159/4530/1 6162/4529/1 6158/4527/1
f 6125/1218/1 6139/4531/1 6140/4528/1
f 6159/4530/1 6160/4532/1 6162/4529/1
f 6160/4532/1 6161/4533/1 6162/4529/1
f 6126/4534/1 6139/4531/1 6125/1218/1
f 6127/87/1 6139/4531/1 6126/4534/1
f 6128/4535/1 6139/4531/1 6127/87/1
f 6129/4536/1 6139/4531/1 6128/4535/1
f 6129/4536/1 6138/4537/1 6139/4531/1
f 6130/4538/1 6138/4537/1 6129/4536/1
f 6131/4539/1 6138/4537/1 6130/4538/1
f 6132/4540/1 6138/4537/1 6131/4539/1
f 6133/1306/1 6138/4537/1 6132/4540/1
f 6133/1306/1 6134/4541/1 6138/4537/1
f 6134/4541/1 6135/4542/1 6138/4537/1
f 6135/4542/1 6136/199/1 6138/4537/1
f 6136/199/1 6137/4543/1 6138/4537/1
f 6189/1137/1 6248/4486/1 6188/4491/1
f 6189/1137/1 6247/4544/1 6248/4486/1
f 6190/240/1 6247/4544/1 6189/1137/1
f 6191/4545/1 6247/4544/1 6190/240/1
f 6192/4546/1 6247/4544/1 6191/4545/1
f 6192/4546/1 6246/4547/1 6247/4544/1
f 6193/3210/1 6246/4547/1 6192/4546/1
f 6194/4548/1 6246/4547/1 6193/3210/1
f 6195/4549/1 6246/4547/1 6194/4548/1
f 6196/4550/1 6246/4547/1 6195/4549/1
f 6197/1331/1 6246/4547/1 6196/4550/1
f 6213/1295/1 6211/4551/1 6212/4552/1
f 6198/4553/1 6246/4547/1 6197/1331/1
f 6198/4553/1 6245/1268/1 6246/4547/1
f 6213/1295/1 6210/4554/1 6211/4551/1
f 6199/19/1 6245/1268/1 6198/4553/1
f 6213/1295/1 6209/4555/1 6210/4554/1
f 6213/1295/1 6208/228/1 6209/4555/1
f 6200/4556/1 6245/1268/1 6199/19/1
f 6213/1295/1 6207/4557/1 6208/228/1
f 6201/4558/1 6245/1268/1 6200/4556/1
f 6202/4559/1 6245/1268/1 6201/4558/1
f 6213/1295/1 6206/4560/1 6207/4557/1
f 6203/4561/1 6245/1268/1 6202/4559/1
f 6204/4562/1 6245/1268/1 6203/4561/1
f 6213/1295/1 6205/354/1 6206/4560/1
f 6205/354/1 6245/1268/1 6204/4562/1
f 6213/1295/1 6245/1268/1 6205/354/1
f 6214/4563/1 6245/1268/1 6213/1295/1
f 6214/4563/1 6244/174/1 6245/1268/1
f 6215/4564/1 6244/174/1 6214/4563/1
f 6216/4565/1 6244/174/1 6215/4564/1
f 6216/4565/1 6243/4566/1 6244/174/1
f 6217/1/1 6243/4566/1 6216/4565/1
f 6217/1/1 6242/4567/1 6243/4566/1
f 6218/4568/1 6242/4567/1 6217/1/1
f 6218/4568/1 6241/3171/1 6242/4567/1
f 6219/4569/1 6241/3171/1 6218/4568/1
f 6219/4569/1 6240/4570/1 6241/3171/1
f 6220/4571/1 6240/4570/1 6219/4569/1
f 6220/4571/1 6239/4572/1 6240/4570/1
f 6221/1174/1 6239/4572/1 6220/4571/1
f 6221/1174/1 6238/4573/1 6239/4572/1
f 6221/1174/1 6237/1138/1 6238/4573/1
f 6222/4574/1 6237/1138/1 6221/1174/1
f 6222/4574/1 6236/4575/1 6237/1138/1
f 6222/4574/1 6235/26/1 6236/4575/1
f 6223/4576/1 6235/26/1 6222/4574/1
f 6223/4576/1 6234/4577/1 6235/26/1
f 6223/4576/1 6233/4578/1 6234/4577/1
f 6224/4579/1 6233/4578/1 6223/4576/1
f 6224/4579/1 6232/4580/1 6233/4578/1
f 6224/4579/1 6231/4581/1 6232/4580/1
f 6224/4579/1 6230/4582/1 6231/4581/1
f 6224/4579/1 6229/1279/1 6230/4582/1
f 6224/4579/1 6228/4583/1 6229/1279/1
f 6224/4579/1 6227/4584/1 6228/4583/1
f 6224/4579/1 6226/187/1 6227/4584/1
f 6224/4579/1 6225/4585/1 6226/187/1
f 6367/396/1 6365/397/1 6366/398/1
f 6368/399/1 6365/397/1 6367/396/1
f 6369/400/1 6365/397/1 6368/399/1
f 6370/401/1 6365/397/1 6369/400/1
f 6370/401/1 6364/402/1 6365/397/1
f 6371/403/1 6364/402/1 6370/401/1
f 6371/403/1 6363/404/1 6364/402/1
f 6371/403/1 6362/405/1 6363/404/1
f 6372/406/1 6362/405/1 6371/403/1
f 6372/406/1 6361/407/1 6362/405/1
f 6373/26/1 6361/407/1 6372/406/1
f 6373/26/1 6360/408/1 6361/407/1
f 6374/409/1 6360/408/1 6373/26/1
f 6374/409/1 6359/410/1 6360/408/1
f 6375/411/1 6359/410/1 6374/409/1
f 6375/411/1 6358/412/1 6359/410/1
f 6376/413/1 6358/412/1 6375/411/1
f 6376/413/1 6357/414/1 6358/412/1
f 6377/415/1 6357/414/1 6376/413/1
f 6377/415/1 6356/1/1 6357/414/1
f 6377/415/1 6355/416/1 6356/1/1
f 6378/417/1 6355/416/1 6377/415/1
f 6378/417/1 6354/418/1 6355/416/1
f 6379/419/1 6354/418/1 6378/417/1
f 6379/419/1 6353/420/1 6354/418/1
f 6379/419/1 6352/421/1 6353/420/1
f 6380/422/1 6352/421/1 6379/419/1
f 6380/422/1 6351/423/1 6352/421/1
f 6381/424/1 6351/423/1 6380/422/1
f 6381/424/1 6350/425/1 6351/423/1
f 6382/426/1 6350/425/1 6381/424/1
f 6382/426/1 6349/427/1 6350/425/1
f 6383/428/1 6349/427/1 6382/426/1
f 6383/428/1 6348/429/1 6349/427/1
f 6384/430/1 6348/429/1 6383/428/1
f 6384/430/1 6347/431/1 6348/429/1
f 6317/432/1 6315/433/1 6316/434/1
f 6385/435/1 6347/431/1 6384/430/1
f 6385/435/1 6346/436/1 6347/431/1
f 6317/432/1 6314/437/1 6315/433/1
f 6318/438/1 6314/437/1 6317/432/1
f 6319/439/1 6314/437/1 6318/438/1
f 6319/439/1 6313/440/1 6314/437/1
f 6386/441/1 6346/436/1 6385/435/1
f 6320/442/1 6313/440/1 6319/439/1
f 6386/441/1 6345/443/1 6346/436/1
f 6321/444/1 6313/440/1 6320/442/1
f 6322/41/1 6313/440/1 6321/444/1
f 6322/41/1 6312/445/1 6313/440/1
f 6323/446/1 6312/445/1 6322/41/1
f 6387/447/1 6345/443/1 6386/441/1
f 6387/447/1 6344/448/1 6345/443/1
f 6324/449/1 6312/445/1 6323/446/1
f 6324/449/1 6311/450/1 6312/445/1
f 6325/451/1 6311/450/1 6324/449/1
f 6326/452/1 6311/450/1 6325/451/1
f 6387/447/1 6343/453/1 6344/448/1
f 6326/452/1 6310/454/1 6311/450/1
f 6388/455/1 6343/453/1 6387/447/1
f 6327/456/1 6310/454/1 6326/452/1
f 6328/457/1 6310/454/1 6327/456/1
f 6328/457/1 6309/458/1 6310/454/1
f 6388/455/1 6342/459/1 6343/453/1
f 6389/460/1 6342/459/1 6388/455/1
f 6329/461/1 6309/458/1 6328/457/1
f 6330/462/1 6309/458/1 6329/461/1
f 6330/462/1 6308/463/1 6309/458/1
f 6331/464/1 6308/463/1 6330/462/1
f 6332/465/1 6308/463/1 6331/464/1
f 6333/466/1 6308/463/1 6332/465/1
f 6389/460/1 6341/467/1 6342/459/1
f 6334/468/1 6308/463/1 6333/466/1
f 6390/64/1 6341/467/1 6389/460/1
f 6335/469/1 6308/463/1 6334/468/1
f 6336/470/1 6308/463/1 6335/469/1
f 6337/471/1 6308/463/1 6336/470/1
f 6338/472/1 6308/463/1 6337/471/1
f 6339/19/1 6308/463/1 6338/472/1
f 6339/19/1 6307/473/1 6308/463/1
f 6340/474/1 6307/473/1 6339/19/1
f 6341/467/1 6307/473/1 6340/474/1
f 6390/64/1 6307/473/1 6341/467/1
f 6254/65/1 6307/473/1 6390/64/1
f 6255/475/1 6307/473/1 6254/65/1
f 6256/476/1 6307/473/1 6255/475/1
f 6257/477/1 6307/473/1 6256/476/1
f 6258/478/1 6307/473/1 6257/477/1
f 6259/479/1 6307/473/1 6258/478/1
f 6267/480/1 6265/481/1 6266/482/1
f 6260/483/1 6307/473/1 6259/479/1
f 6267/480/1 6264/484/1 6265/481/1
f 6261/485/1 6307/473/1 6260/483/1
f 6267/480/1 6263/486/1 6264/484/1
f 6262/487/1 6307/473/1 6261/485/1
f 6267/480/1 6262/487/1 6263/486/1
f 6267/480/1 6272/488/1 6262/487/1
f 6272/488/1 6273/489/1 6262/487/1
f 6273/489/1 6274/490/1 6262/487/1
f 6274/490/1 6275/491/1 6262/487/1
f 6275/491/1 6276/492/1 6262/487/1
f 6276/492/1 6277/493/1 6262/487/1
f 6277/493/1 6291/494/1 6262/487/1
f 6291/494/1 6307/473/1 6262/487/1
f 6277/493/1 6290/495/1 6291/494/1
f 6292/496/1 6307/473/1 6291/494/1
f 6292/496/1 6306/497/1 6307/473/1
f 6277/493/1 6289/498/1 6290/495/1
f 6277/493/1 6288/70/1 6289/498/1
f 6293/499/1 6306/497/1 6292/496/1
f 6277/493/1 6287/500/1 6288/70/1
f 6277/493/1 6286/501/1 6287/500/1
f 6294/502/1 6306/497/1 6293/499/1
f 6277/493/1 6278/503/1 6286/501/1
f 6278/503/1 6285/504/1 6286/501/1
f 6294/502/1 6305/55/1 6306/497/1
f 6295/505/1 6305/55/1 6294/502/1
f 6278/503/1 6284/506/1 6285/504/1
f 6278/503/1 6283/507/1 6284/506/1
f 6296/508/1 6305/55/1 6295/505/1
f 6278/503/1 6282/509/1 6283/507/1
f 6278/503/1 6281/510/1 6282/509/1
f 6297/511/1 6305/55/1 6296/508/1
f 6278/503/1 6280/512/1 6281/510/1
f 6297/511/1 6304/513/1 6305/55/1
f 6278/503/1 6279/514/1 6280/512/1
f 6298/515/1 6304/513/1 6297/511/1
f 6267/480/1 6271/87/1 6272/488/1
f 6267/480/1 6270/516/1 6271/87/1
f 6267/480/1 6269/517/1 6270/516/1
f 6267/480/1 6268/518/1 6269/517/1
f 6299/519/1 6304/513/1 6298/515/1
f 6300/520/1 6304/513/1 6299/519/1
f 6300/520/1 6301/521/1 6304/513/1
f 6301/521/1 6302/522/1 6304/513/1
f 6302/522/1 6303/523/1 6304/513/1
f 6392/90/1 6464/64/1 6391/65/1
f 6430/91/1 6428/92/1 6429/93/1
f 6431/95/1 6428/92/1 6430/91/1
f 6392/90/1 6463/94/1 6464/64/1
f 6432/97/1 6428/92/1 6431/95/1
f 6392/90/1 6462/96/1 6463/94/1
f 6433/99/1 6428/92/1 6432/97/1
f 6392/90/1 6461/98/1 6462/96/1
f 6434/101/1 6428/92/1 6433/99/1
f 6392/90/1 6460/100/1 6461/98/1
f 6435/103/1 6428/92/1 6434/101/1
f 6392/90/1 6459/102/1 6460/100/1
f 6436/105/1 6428/92/1 6435/103/1
f 6392/90/1 6458/104/1 6459/102/1
f 6437/107/1 6428/92/1 6436/105/1
f 6392/90/1 6457/106/1 6458/104/1
f 6438/109/1 6428/92/1 6437/107/1
f 6392/90/1 6456/108/1 6457/106/1
f 6439/111/1 6428/92/1 6438/109/1
f 6392/90/1 6455/110/1 6456/108/1
f 6440/113/1 6428/92/1 6439/111/1
f 6392/90/1 6454/112/1 6455/110/1
f 6441/115/1 6428/92/1 6440/113/1
f 6392/90/1 6453/114/1 6454/112/1
f 6392/90/1 6452/116/1 6453/114/1
f 6392/90/1 6451/117/1 6452/116/1
f 6392/90/1 6450/118/1 6451/117/1
f 6392/90/1 6449/119/1 6450/118/1
f 6392/90/1 6448/120/1 6449/119/1
f 6392/90/1 6447/121/1 6448/120/1
f 6392/90/1 6446/122/1 6447/121/1
f 6392/90/1 6445/123/1 6446/122/1
f 6392/90/1 6444/124/1 6445/123/1
f 6392/90/1 6443/125/1 6444/124/1
f 6392/90/1 6442/126/1 6443/125/1
f 6392/90/1 6441/115/1 6442/126/1
f 6392/90/1 6393/127/1 6441/115/1
f 6393/127/1 6394/128/1 6441/115/1
f 6394/128/1 6395/129/1 6441/115/1
f 6395/129/1 6396/130/1 6441/115/1
f 6396/130/1 6397/131/1 6441/115/1
f 6397/131/1 6398/132/1 6441/115/1
f 6398/132/1 6399/133/1 6441/115/1
f 6399/133/1 6400/134/1 6441/115/1
f 6400/134/1 6401/135/1 6441/115/1
f 6401/135/1 6402/136/1 6441/115/1
f 6402/136/1 6403/137/1 6441/115/1
f 6403/137/1 6404/138/1 6441/115/1
f 6404/138/1 6405/139/1 6441/115/1
f 6405/139/1 6406/140/1 6441/115/1
f 6406/140/1 6407/141/1 6441/115/1
f 6407/141/1 6410/154/1 6441/115/1
f 6410/154/1 6412/143/1 6441/115/1
f 6412/143/1 6415/144/1 6441/115/1
f 6415/144/1 6416/145/1 6441/115/1
f 6416/145/1 6417/146/1 6441/115/1
f 6417/146/1 6418/147/1 6441/115/1
f 6418/147/1 6419/148/1 6441/115/1
f 6419/148/1 6420/149/1 6441/115/1
f 6420/149/1 6421/150/1 6441/115/1
f 6421/150/1 6422/151/1 6441/115/1
f 6422/151/1 6423/152/1 6441/115/1
f 6423/152/1 6428/92/1 6441/115/1
f 6408/153/1 6410/154/1 6407/141/1
f 6409/142/1 6410/154/1 6408/153/1
f 6411/155/1 6412/143/1 6410/154/1
f 6413/156/1 6415/144/1 6412/143/1
f 6414/157/1 6415/144/1 6413/156/1
f 6424/158/1 6428/92/1 6423/152/1
f 6425/159/1 6428/92/1 6424/158/1
f 6426/160/1 6428/92/1 6425/159/1
f 6427/161/1 6428/92/1 6426/160/1
f 6492/524/1 6516/525/1 6491/526/1
f 6492/524/1 6515/527/1 6516/525/1
f 6492/524/1 6514/528/1 6515/527/1
f 6493/529/1 6514/528/1 6492/524/1
f 6493/529/1 6513/530/1 6514/528/1
f 6494/531/1 6513/530/1 6493/529/1
f 6466/532/1 6490/533/1 6465/65/1
f 6495/534/1 6513/530/1 6494/531/1
f 6495/534/1 6512/535/1 6513/530/1
f 6466/532/1 6489/536/1 6490/533/1
f 6496/537/1 6512/535/1 6495/534/1
f 6496/537/1 6511/538/1 6512/535/1
f 6519/539/1 6517/540/1 6518/541/1
f 6466/532/1 6488/542/1 6489/536/1
f 6467/543/1 6488/542/1 6466/532/1
f 6520/544/1 6517/540/1 6519/539/1
f 6497/545/1 6511/538/1 6496/537/1
f 6497/545/1 6510/546/1 6511/538/1
f 6467/543/1 6487/547/1 6488/542/1
f 6521/548/1 6517/540/1 6520/544/1
f 6468/549/1 6487/547/1 6467/543/1
f 6521/548/1 6655/64/1 6517/540/1
f 6498/550/1 6510/546/1 6497/545/1
f 6522/551/1 6655/64/1 6521/548/1
f 6498/550/1 6509/552/1 6510/546/1
f 6468/549/1 6486/553/1 6487/547/1
f 6522/551/1 6654/554/1 6655/64/1
f 6469/555/1 6486/553/1 6468/549/1
f 6523/556/1 6654/554/1 6522/551/1
f 6523/556/1 6653/557/1 6654/554/1
f 6499/558/1 6509/552/1 6498/550/1
f 6524/559/1 6653/557/1 6523/556/1
f 6499/558/1 6508/560/1 6509/552/1
f 6469/555/1 6485/561/1 6486/553/1
f 6524/559/1 6652/562/1 6653/557/1
f 6470/563/1 6485/561/1 6469/555/1
f 6525/564/1 6652/562/1 6524/559/1
f 6525/564/1 6651/565/1 6652/562/1
f 6500/566/1 6508/560/1 6499/558/1
f 6500/566/1 6507/567/1 6508/560/1
f 6526/568/1 6651/565/1 6525/564/1
f 6471/569/1 6485/561/1 6470/563/1
f 6471/569/1 6484/570/1 6485/561/1
f 6526/568/1 6650/571/1 6651/565/1
f 6527/572/1 6650/571/1 6526/568/1
f 6527/572/1 6649/573/1 6650/571/1
f 6501/574/1 6507/567/1 6500/566/1
f 6501/574/1 6506/575/1 6507/567/1
f 6528/576/1 6649/573/1 6527/572/1
f 6472/577/1 6484/570/1 6471/569/1
f 6528/576/1 6648/578/1 6649/573/1
f 6472/577/1 6483/579/1 6484/570/1
f 6529/580/1 6648/578/1 6528/576/1
f 6529/580/1 6647/581/1 6648/578/1
f 6502/582/1 6506/575/1 6501/574/1
f 6502/582/1 6505/583/1 6506/575/1
f 6529/580/1 6646/584/1 6647/581/1
f 6473/585/1 6483/579/1 6472/577/1
f 6530/586/1 6646/584/1 6529/580/1
f 6473/585/1 6482/587/1 6483/579/1
f 6502/582/1 6503/588/1 6505/583/1
f 6503/588/1 6504/589/1 6505/583/1
f 6530/586/1 6645/590/1 6646/584/1
f 6531/591/1 6645/590/1 6530/586/1
f 6531/591/1 6644/592/1 6645/590/1
f 6474/593/1 6482/587/1 6473/585/1
f 6474/593/1 6481/594/1 6482/587/1
f 6531/591/1 6643/595/1 6644/592/1
f 6532/596/1 6643/595/1 6531/591/1
f 6532/596/1 6642/597/1 6643/595/1
f 6474/593/1 6480/598/1 6481/594/1
f 6475/599/1 6480/598/1 6474/593/1
f 6533/600/1 6642/597/1 6532/596/1
f 6533/600/1 6641/601/1 6642/597/1
f 6475/599/1 6479/602/1 6480/598/1
f 6476/603/1 6479/602/1 6475/599/1
f 6534/604/1 6641/601/1 6533/600/1
f 6534/604/1 6640/605/1 6641/601/1
f 6476/603/1 6477/606/1 6479/602/1
f 6477/606/1 6478/607/1 6479/602/1
f 6534/604/1 6639/608/1 6640/605/1
f 6535/609/1 6639/608/1 6534/604/1
f 6535/609/1 6638/610/1 6639/608/1
f 6536/611/1 6638/610/1 6535/609/1
f 6536/611/1 6637/612/1 6638/610/1
f 6536/611/1 6636/613/1 6637/612/1
f 6537/614/1 6636/613/1 6536/611/1
f 6537/614/1 6635/615/1 6636/613/1
f 6538/616/1 6635/615/1 6537/614/1
f 6538/616/1 6634/617/1 6635/615/1
f 6539/618/1 6634/617/1 6538/616/1
f 6539/618/1 6633/619/1 6634/617/1
f 6539/618/1 6632/620/1 6633/619/1
f 6540/621/1 6632/620/1 6539/618/1
f 6620/622/1 6618/623/1 6619/624/1
f 6621/625/1 6618/623/1 6620/622/1
f 6622/626/1 6618/623/1 6621/625/1
f 6623/627/1 6618/623/1 6622/626/1
f 6624/628/1 6618/623/1 6623/627/1
f 6625/629/1 6618/623/1 6624/628/1
f 6626/630/1 6618/623/1 6625/629/1
f 6627/631/1 6618/623/1 6626/630/1
f 6628/632/1 6618/623/1 6627/631/1
f 6629/633/1 6618/623/1 6628/632/1
f 6630/634/1 6618/623/1 6629/633/1
f 6631/635/1 6618/623/1 6630/634/1
f 6540/621/1 6631/635/1 6632/620/1
f 6540/621/1 6618/623/1 6631/635/1
f 6541/636/1 6618/623/1 6540/621/1
f 6542/637/1 6618/623/1 6541/636/1
f 6543/638/1 6616/639/1 6542/637/1
f 6616/639/1 6617/640/1 6542/637/1
f 6617/640/1 6618/623/1 6542/637/1
f 6544/641/1 6611/642/1 6543/638/1
f 6611/642/1 6612/643/1 6543/638/1
f 6612/643/1 6613/644/1 6543/638/1
f 6613/644/1 6614/645/1 6543/638/1
f 6614/645/1 6615/646/1 6543/638/1
f 6615/646/1 6616/639/1 6543/638/1
f 6545/647/1 6567/648/1 6544/641/1
f 6567/648/1 6568/649/1 6544/641/1
f 6568/649/1 6605/650/1 6544/641/1
f 6605/650/1 6606/651/1 6544/641/1
f 6606/651/1 6607/652/1 6544/641/1
f 6607/652/1 6608/653/1 6544/641/1
f 6608/653/1 6609/654/1 6544/641/1
f 6609/654/1 6610/655/1 6544/641/1
f 6610/655/1 6611/642/1 6544/641/1
f 6545/647/1 6566/656/1 6567/648/1
f 6569/657/1 6605/650/1 6568/649/1
f 6569/657/1 6604/658/1 6605/650/1
f 6546/659/1 6566/656/1 6545/647/1
f 6546/659/1 6565/660/1 6566/656/1
f 6547/661/1 6565/660/1 6546/659/1
f 6547/661/1 6564/662/1 6565/660/1
f 6548/663/1 6564/662/1 6547/661/1
f 6548/663/1 6563/664/1 6564/662/1
f 6570/665/1 6604/658/1 6569/657/1
f 6549/666/1 6563/664/1 6548/663/1
f 6570/665/1 6603/667/1 6604/658/1
f 6549/666/1 6562/668/1 6563/664/1
f 6550/669/1 6562/668/1 6549/666/1
f 6550/669/1 6561/670/1 6562/668/1
f 6551/671/1 6561/670/1 6550/669/1
f 6571/672/1 6603/667/1 6570/665/1
f 6551/671/1 6560/41/1 6561/670/1
f 6552/673/1 6560/41/1 6551/671/1
f 6571/672/1 6602/674/1 6603/667/1
f 6552/673/1 6559/675/1 6560/41/1
f 6553/676/1 6559/675/1 6552/673/1
f 6554/677/1 6559/675/1 6553/676/1
f 6554/677/1 6558/678/1 6559/675/1
f 6555/679/1 6558/678/1 6554/677/1
f 6572/680/1 6602/674/1 6571/672/1
f 6555/679/1 6557/681/1 6558/678/1
f 6555/679/1 6556/682/1 6557/681/1
f 6572/680/1 6601/683/1 6602/674/1
f 6573/684/1 6601/683/1 6572/680/1
f 6573/684/1 6600/685/1 6601/683/1
f 6574/686/1 6600/685/1 6573/684/1
f 6575/687/1 6600/685/1 6574/686/1
f 6575/687/1 6599/688/1 6600/685/1
f 6576/689/1 6599/688/1 6575/687/1
f 6576/689/1 6598/690/1 6599/688/1
f 6577/691/1 6598/690/1 6576/689/1
f 6577/691/1 6597/692/1 6598/690/1
f 6578/693/1 6597/692/1 6577/691/1
f 6579/694/1 6597/692/1 6578/693/1
f 6579/694/1 6596/695/1 6597/692/1
f 6580/696/1 6596/695/1 6579/694/1
f 6581/697/1 6596/695/1 6580/696/1
f 6582/698/1 6596/695/1 6581/697/1
f 6583/699/1 6596/695/1 6582/698/1
f 6583/699/1 6595/700/1 6596/695/1
f 6584/701/1 6595/700/1 6583/699/1
f 6585/702/1 6595/700/1 6584/701/1
f 6586/703/1 6595/700/1 6585/702/1
f 6587/704/1 6595/700/1 6586/703/1
f 6588/705/1 6595/700/1 6587/704/1
f 6589/706/1 6595/700/1 6588/705/1
f 6590/707/1 6595/700/1 6589/706/1
f 6591/708/1 6595/700/1 6590/707/1
f 6592/709/1 6595/700/1 6591/708/1
f 6592/709/1 6594/710/1 6595/700/1
f 6593/711/1 6594/710/1 6592/709/1
