# Blender 4.4.1
# www.blender.org
mtllib tutorial.mtl
o テキスト
v -9.025000 -0.771000 0.000001
v -9.224000 -0.771000 0.000001
v -9.224000 -0.854000 0.000001
v -9.025000 -0.854000 0.000001
v -9.025000 -0.714000 0.000001
v -9.025000 -0.632000 0.000001
v -9.224000 -0.632000 0.000001
v -9.224000 -0.714000 0.000001
v -9.025000 -0.910000 0.000001
v -9.224000 -0.910000 0.000001
v -9.224000 -0.995000 0.000001
v -9.025000 -0.995000 0.000001
v -8.886000 -0.995000 0.000001
v -8.886000 -1.062000 0.000001
v -9.141000 -1.062000 0.000001
v -9.122869 -1.084241 0.000001
v -9.103541 -1.105926 0.000001
v -9.083109 -1.127000 0.000001
v -9.061666 -1.147407 0.000001
v -9.039307 -1.167093 0.000001
v -9.016125 -1.186000 0.000001
v -8.992213 -1.204074 0.000001
v -8.967667 -1.221259 0.000001
v -8.942578 -1.237500 0.000001
v -8.917042 -1.252741 0.000001
v -8.891151 -1.266926 0.000001
v -8.865000 -1.280000 0.000001
v -8.868963 -1.283316 0.000001
v -8.873291 -1.287194 0.000001
v -8.877890 -1.291531 0.000001
v -8.882666 -1.296222 0.000001
v -8.887525 -1.301163 0.000001
v -8.892373 -1.306250 0.000001
v -8.897118 -1.311378 0.000001
v -8.901665 -1.316444 0.000001
v -8.905920 -1.321344 0.000001
v -8.909790 -1.325972 0.000001
v -8.913180 -1.330226 0.000001
v -8.915999 -1.334000 0.000001
v -8.944689 -1.317591 0.000001
v -8.973180 -1.299893 0.000001
v -9.001359 -1.280953 0.000001
v -9.029111 -1.260815 0.000001
v -9.056321 -1.239524 0.000001
v -9.082875 -1.217125 0.000001
v -9.108659 -1.193664 0.000001
v -9.133556 -1.169185 0.000001
v -9.157454 -1.143734 0.000001
v -9.180238 -1.117356 0.000001
v -9.201792 -1.090097 0.000001
v -9.222000 -1.062000 0.000001
v -9.224000 -1.062000 0.000001
v -9.224000 -1.296000 0.000001
v -9.223893 -1.299315 0.000001
v -9.223560 -1.302269 0.000001
v -9.222984 -1.304875 0.000001
v -9.222148 -1.307148 0.000001
v -9.221034 -1.309102 0.000001
v -9.219625 -1.310750 0.000001
v -9.217903 -1.312106 0.000001
v -9.215852 -1.313185 0.000001
v -9.213453 -1.314000 0.000001
v -9.210690 -1.314565 0.000001
v -9.207544 -1.314893 0.000001
v -9.204000 -1.315000 0.000001
v -9.199579 -1.315248 0.000001
v -9.193889 -1.315486 0.000001
v -9.187031 -1.315703 0.000001
v -9.179111 -1.315889 0.000001
v -9.170232 -1.316033 0.000001
v -9.160500 -1.316125 0.000001
v -9.150017 -1.316154 0.000001
v -9.138888 -1.316111 0.000001
v -9.127218 -1.315984 0.000001
v -9.115110 -1.315764 0.000001
v -9.102670 -1.315439 0.000001
v -9.089999 -1.315000 0.000001
v -9.092286 -1.319736 0.000001
v -9.094625 -1.324889 0.000001
v -9.096984 -1.330375 0.000001
v -9.099333 -1.336111 0.000001
v -9.101640 -1.342014 0.000001
v -9.103874 -1.348000 0.000001
v -9.106005 -1.353986 0.000001
v -9.108000 -1.359889 0.000001
v -9.109828 -1.365625 0.000001
v -9.111458 -1.371111 0.000001
v -9.112859 -1.376264 0.000001
v -9.113999 -1.381000 0.000001
v -9.131003 -1.380955 0.000001
v -9.147028 -1.380805 0.000001
v -9.162094 -1.380531 0.000001
v -9.176223 -1.380111 0.000001
v -9.189435 -1.379524 0.000001
v -9.201751 -1.378750 0.000001
v -9.213192 -1.377767 0.000001
v -9.223779 -1.376556 0.000001
v -9.233532 -1.375094 0.000001
v -9.242473 -1.373361 0.000001
v -9.250622 -1.371337 0.000001
v -9.257999 -1.369000 0.000001
v -9.264170 -1.365807 0.000001
v -9.269694 -1.362204 0.000001
v -9.274593 -1.358156 0.000001
v -9.278889 -1.353630 0.000001
v -9.282600 -1.348589 0.000001
v -9.285749 -1.343000 0.000001
v -9.288357 -1.336828 0.000001
v -9.290443 -1.330037 0.000001
v -9.292030 -1.322594 0.000001
v -9.293138 -1.314463 0.000001
v -9.293787 -1.305610 0.000001
v -9.294000 -1.296000 0.000001
v -9.294000 -0.572000 0.000001
v -9.132000 -0.572000 0.000001
v -9.135309 -0.564359 0.000001
v -9.138722 -0.556458 0.000001
v -9.142219 -0.548328 0.000001
v -9.145778 -0.540000 0.000001
v -9.149379 -0.531505 0.000001
v -9.153000 -0.522875 0.000001
v -9.156621 -0.514141 0.000001
v -9.160222 -0.505333 0.000001
v -9.163781 -0.496484 0.000001
v -9.167277 -0.487625 0.000001
v -9.170691 -0.478786 0.000001
v -9.174000 -0.470000 0.000001
v -9.097000 -0.459000 0.000001
v -9.095108 -0.467487 0.000001
v -9.092949 -0.476398 0.000001
v -9.090547 -0.485656 0.000001
v -9.087926 -0.495185 0.000001
v -9.085111 -0.504908 0.000001
v -9.082125 -0.514750 0.000001
v -9.078993 -0.524633 0.000001
v -9.075740 -0.534481 0.000001
v -9.072390 -0.544219 0.000001
v -9.068967 -0.553768 0.000001
v -9.065495 -0.563054 0.000001
v -9.061999 -0.572000 0.000001
v -8.957000 -0.572000 0.000001
v -8.957000 -0.995000 0.000001
v -9.367000 -0.879000 0.000001
v -9.379461 -0.897527 0.000001
v -9.391777 -0.916968 0.000001
v -9.403843 -0.937109 0.000001
v -9.415555 -0.957741 0.000001
v -9.426808 -0.978650 0.000001
v -9.437499 -0.999625 0.000001
v -9.447523 -1.020454 0.000001
v -9.456777 -1.040926 0.000001
v -9.465155 -1.060828 0.000001
v -9.472554 -1.079949 0.000001
v -9.478870 -1.098077 0.000001
v -9.483999 -1.115000 0.000001
v -9.547999 -1.086000 0.000001
v -9.542180 -1.069136 0.000001
v -9.535277 -1.051171 0.000001
v -9.527374 -1.032297 0.000001
v -9.518555 -1.012704 0.000001
v -9.508902 -0.992583 0.000001
v -9.498499 -0.972125 0.000001
v -9.487430 -0.951521 0.000001
v -9.475777 -0.930963 0.000001
v -9.463624 -0.910641 0.000001
v -9.451055 -0.890745 0.000001
v -9.438151 -0.871468 0.000001
v -9.424999 -0.853000 0.000001
v -9.612000 -0.464000 0.000001
v -9.612000 -0.691000 0.000001
v -9.332000 -0.691000 0.000001
v -9.332000 -0.763000 0.000001
v -9.612000 -0.763000 0.000001
v -9.612000 -1.286000 0.000001
v -9.611852 -1.290215 0.000001
v -9.611398 -1.293884 0.000001
v -9.610624 -1.297047 0.000001
v -9.609518 -1.299741 0.000001
v -9.608065 -1.302004 0.000001
v -9.606250 -1.303875 0.000001
v -9.604060 -1.305392 0.000001
v -9.601481 -1.306593 0.000001
v -9.598500 -1.307516 0.000001
v -9.595102 -1.308199 0.000001
v -9.591273 -1.308681 0.000001
v -9.587000 -1.309000 0.000001
v -9.582187 -1.309229 0.000001
v -9.575825 -1.309412 0.000001
v -9.568032 -1.309547 0.000001
v -9.558927 -1.309630 0.000001
v -9.548627 -1.309657 0.000001
v -9.537251 -1.309625 0.000001
v -9.524916 -1.309531 0.000001
v -9.511741 -1.309370 0.000001
v -9.497844 -1.309141 0.000001
v -9.483342 -1.308838 0.000001
v -9.468355 -1.308459 0.000001
v -9.453000 -1.308000 0.000001
v -9.455746 -1.313236 0.000001
v -9.458467 -1.318884 0.000001
v -9.461141 -1.324859 0.000001
v -9.463740 -1.331074 0.000001
v -9.466243 -1.337442 0.000001
v -9.468624 -1.343875 0.000001
v -9.470860 -1.350288 0.000001
v -9.472925 -1.356593 0.000001
v -9.474796 -1.362703 0.000001
v -9.476449 -1.368533 0.000001
v -9.477859 -1.373994 0.000001
v -9.479000 -1.379000 0.000001
v -9.498840 -1.379183 0.000001
v -9.517389 -1.379213 0.000001
v -9.534688 -1.379062 0.000001
v -9.550778 -1.378704 0.000001
v -9.565702 -1.378109 0.000001
v -9.579501 -1.377250 0.000001
v -9.592216 -1.376099 0.000001
v -9.603890 -1.374630 0.000001
v -9.614564 -1.372813 0.000001
v -9.624279 -1.370620 0.000001
v -9.633078 -1.368025 0.000001
v -9.641000 -1.365000 0.000001
v -9.648129 -1.362032 0.000001
v -9.654528 -1.358593 0.000001
v -9.660218 -1.354625 0.000001
v -9.665221 -1.350074 0.000001
v -9.669558 -1.344884 0.000001
v -9.673248 -1.339000 0.000001
v -9.676314 -1.332366 0.000001
v -9.678776 -1.324926 0.000001
v -9.680655 -1.316625 0.000001
v -9.681971 -1.307407 0.000001
v -9.682745 -1.297218 0.000001
v -9.683000 -1.286000 0.000001
v -9.683000 -0.763000 0.000001
v -9.792000 -0.763000 0.000001
v -9.792000 -0.691000 0.000001
v -9.683000 -0.691000 0.000001
v -9.683000 -0.464000 0.000001
v -8.717999 -0.585000 0.000001
v -8.708559 -0.595006 0.000001
v -8.698310 -0.605463 0.000001
v -8.687359 -0.616281 0.000001
v -8.675815 -0.627370 0.000001
v -8.663784 -0.638640 0.000001
v -8.651375 -0.650000 0.000001
v -8.638695 -0.661360 0.000001
v -8.625852 -0.672630 0.000001
v -8.612953 -0.683719 0.000001
v -8.600106 -0.694537 0.000001
v -8.587420 -0.704994 0.000001
v -8.575000 -0.715000 0.000001
v -8.569041 -0.708959 0.000001
v -8.563167 -0.702838 0.000001
v -8.557375 -0.696641 0.000001
v -8.551666 -0.690370 0.000001
v -8.546041 -0.684031 0.000001
v -8.540500 -0.677625 0.000001
v -8.535042 -0.671157 0.000001
v -8.529667 -0.664630 0.000001
v -8.524375 -0.658047 0.000001
v -8.519167 -0.651412 0.000001
v -8.514042 -0.644729 0.000001
v -8.509000 -0.638000 0.000001
v -8.521154 -0.628989 0.000001
v -8.533573 -0.619495 0.000001
v -8.546186 -0.609578 0.000001
v -8.558925 -0.599296 0.000001
v -8.571718 -0.588709 0.000001
v -8.584498 -0.577875 0.000001
v -8.597196 -0.566853 0.000001
v -8.609739 -0.555704 0.000001
v -8.622061 -0.544484 0.000001
v -8.634090 -0.533255 0.000001
v -8.645760 -0.522073 0.000001
v -8.657000 -0.511000 0.000001
v -8.599999 -0.471000 0.000001
v -8.591887 -0.479987 0.000001
v -8.583106 -0.489398 0.000001
v -8.573734 -0.499156 0.000001
v -8.563851 -0.509185 0.000001
v -8.553538 -0.519409 0.000001
v -8.542874 -0.529750 0.000001
v -8.531940 -0.540133 0.000001
v -8.520814 -0.550481 0.000001
v -8.509578 -0.560719 0.000001
v -8.498310 -0.570769 0.000001
v -8.487091 -0.580554 0.000001
v -8.476000 -0.590000 0.000001
v -8.469833 -0.579728 0.000001
v -8.463833 -0.569412 0.000001
v -8.457999 -0.559047 0.000001
v -8.452332 -0.548630 0.000001
v -8.446833 -0.538157 0.000001
v -8.441500 -0.527625 0.000001
v -8.436333 -0.517031 0.000001
v -8.431333 -0.506370 0.000001
v -8.426499 -0.495641 0.000001
v -8.421833 -0.484838 0.000001
v -8.417334 -0.473959 0.000001
v -8.413000 -0.463000 0.000001
v -8.348000 -0.483000 0.000001
v -8.361057 -0.514951 0.000001
v -8.375213 -0.546273 0.000001
v -8.390437 -0.576922 0.000001
v -8.406703 -0.606852 0.000001
v -8.423983 -0.636018 0.000001
v -8.442249 -0.664375 0.000001
v -8.461473 -0.691878 0.000001
v -8.481628 -0.718481 0.000001
v -8.502687 -0.744141 0.000001
v -8.524619 -0.768810 0.000001
v -8.547400 -0.792445 0.000001
v -8.571000 -0.815000 0.000001
v -8.101000 -0.815000 0.000001
v -8.122968 -0.795543 0.000001
v -8.144324 -0.775180 0.000001
v -8.165000 -0.753922 0.000001
v -8.184926 -0.731778 0.000001
v -8.204033 -0.708759 0.000001
v -8.222251 -0.684875 0.000001
v -8.239511 -0.660137 0.000001
v -8.255742 -0.634555 0.000001
v -8.270876 -0.608141 0.000001
v -8.284843 -0.580903 0.000001
v -8.297575 -0.552852 0.000001
v -8.309000 -0.524000 0.000001
v -8.259000 -0.500000 0.000001
v -8.245000 -0.503000 0.000001
v -7.959000 -0.503000 0.000001
v -7.959000 -0.569000 0.000001
v -8.209000 -0.569000 0.000001
v -8.202815 -0.580707 0.000001
v -8.196273 -0.592324 0.000001
v -8.189390 -0.603844 0.000001
v -8.182185 -0.615259 0.000001
v -8.174674 -0.626564 0.000001
v -8.166875 -0.637750 0.000001
v -8.158805 -0.648811 0.000001
v -8.150481 -0.659741 0.000001
v -8.141922 -0.670531 0.000001
v -8.133143 -0.681176 0.000001
v -8.124164 -0.691668 0.000001
v -8.115000 -0.702000 0.000001
v -8.106661 -0.694323 0.000001
v -8.097704 -0.686338 0.000001
v -8.088219 -0.678109 0.000001
v -8.078297 -0.669704 0.000001
v -8.068027 -0.661187 0.000001
v -8.057500 -0.652625 0.000001
v -8.046806 -0.644084 0.000001
v -8.036036 -0.635630 0.000001
v -8.025281 -0.627328 0.000001
v -8.014629 -0.619245 0.000001
v -8.004172 -0.611447 0.000001
v -7.993999 -0.604000 0.000001
v -7.946000 -0.644000 0.000001
v -7.956421 -0.651986 0.000001
v -7.967120 -0.660389 0.000001
v -7.978000 -0.669125 0.000001
v -7.988963 -0.678111 0.000001
v -7.999912 -0.687264 0.000001
v -8.010750 -0.696500 0.000001
v -8.021379 -0.705736 0.000001
v -8.031703 -0.714889 0.000001
v -8.041624 -0.723875 0.000001
v -8.051045 -0.732611 0.000001
v -8.059870 -0.741014 0.000001
v -8.068000 -0.749000 0.000001
v -8.052069 -0.763017 0.000001
v -8.035801 -0.776551 0.000001
v -8.019235 -0.789578 0.000001
v -8.002408 -0.802074 0.000001
v -7.985359 -0.814014 0.000001
v -7.968125 -0.825375 0.000001
v -7.950747 -0.836131 0.000001
v -7.933260 -0.846259 0.000001
v -7.915704 -0.855734 0.000001
v -7.898117 -0.864532 0.000001
v -7.880536 -0.872629 0.000001
v -7.862999 -0.880000 0.000001
v -7.866865 -0.883738 0.000001
v -7.870921 -0.887903 0.000001
v -7.875109 -0.892422 0.000001
v -7.879370 -0.897222 0.000001
v -7.883645 -0.902231 0.000001
v -7.887874 -0.907375 0.000001
v -7.892000 -0.912582 0.000001
v -7.895962 -0.917778 0.000001
v -7.899703 -0.922891 0.000001
v -7.903162 -0.927847 0.000001
v -7.906280 -0.932575 0.000001
v -7.908999 -0.937000 0.000001
v -7.921748 -0.931105 0.000001
v -7.934490 -0.924921 0.000001
v -7.947218 -0.918453 0.000001
v -7.959926 -0.911704 0.000001
v -7.972605 -0.904676 0.000001
v -7.985250 -0.897375 0.000001
v -7.997853 -0.889803 0.000001
v -8.010407 -0.881963 0.000001
v -8.022906 -0.873859 0.000001
v -8.035342 -0.865495 0.000001
v -8.047709 -0.856874 0.000001
v -8.059999 -0.848000 0.000001
v -8.059999 -0.887000 0.000001
v -8.165999 -0.887000 0.000001
v -8.165999 -1.020000 0.000001
v -8.165999 -1.036000 0.000001
v -7.934000 -1.036000 0.000001
v -7.934000 -1.106000 0.000001
v -8.158000 -1.106000 0.000001
v -8.152625 -1.126676 0.000001
v -8.145337 -1.147157 0.000001
v -8.135890 -1.167375 0.000001
v -8.124037 -1.187259 0.000001
v -8.109530 -1.206741 0.000001
v -8.092125 -1.225750 0.000001
v -8.071573 -1.244217 0.000001
v -8.047629 -1.262074 0.000001
v -8.020046 -1.279250 0.000001
v -7.988578 -1.295676 0.000001
v -7.952978 -1.311282 0.000001
v -7.913000 -1.326000 0.000001
v -7.917133 -1.329758 0.000001
v -7.921486 -1.333981 0.000001
v -7.925984 -1.338594 0.000001
v -7.930555 -1.343518 0.000001
v -7.935126 -1.348679 0.000001
v -7.939625 -1.354000 0.000001
v -7.943977 -1.359404 0.000001
v -7.948111 -1.364815 0.000001
v -7.951953 -1.370156 0.000001
v -7.955431 -1.375352 0.000001
v -7.958470 -1.380325 0.000001
v -7.960999 -1.385000 0.000001
v -8.007239 -1.367078 0.000001
v -8.048170 -1.347875 0.000001
v -8.084108 -1.327484 0.000001
v -8.115370 -1.306000 0.000001
v -8.142270 -1.283515 0.000001
v -8.165125 -1.260125 0.000001
v -8.184251 -1.235922 0.000001
v -8.199964 -1.211000 0.000001
v -8.212579 -1.185453 0.000001
v -8.222413 -1.159375 0.000001
v -8.229782 -1.132859 0.000001
v -8.235000 -1.106000 0.000001
v -8.415999 -1.106000 0.000001
v -8.415999 -1.266000 0.000001
v -8.416481 -1.285751 0.000001
v -8.418022 -1.303092 0.000001
v -8.420765 -1.318156 0.000001
v -8.424851 -1.331074 0.000001
v -8.430424 -1.341978 0.000001
v -8.437625 -1.351000 0.000001
v -8.446596 -1.358272 0.000001
v -8.457481 -1.363926 0.000001
v -8.470422 -1.368094 0.000001
v -8.485560 -1.370907 0.000001
v -8.503039 -1.372499 0.000001
v -8.523000 -1.373000 0.000001
v -8.529015 -1.373000 0.000001
v -8.537704 -1.373000 0.000001
v -8.548531 -1.373000 0.000001
v -8.560963 -1.373000 0.000001
v -8.574464 -1.373000 0.000001
v -8.588500 -1.373000 0.000001
v -8.602536 -1.373000 0.000001
v -8.616037 -1.373000 0.000001
v -8.628469 -1.373000 0.000001
v -8.639297 -1.373000 0.000001
v -8.647985 -1.373000 0.000001
v -8.653999 -1.373000 0.000001
v -8.671418 -1.372198 0.000001
v -8.686768 -1.369667 0.000001
v -8.700187 -1.365219 0.000001
v -8.711814 -1.358667 0.000001
v -8.721788 -1.349823 0.000001
v -8.730249 -1.338500 0.000001
v -8.737335 -1.324510 0.000001
v -8.743185 -1.307667 0.000001
v -8.747937 -1.287781 0.000001
v -8.751731 -1.264667 0.000001
v -8.754705 -1.238135 0.000001
v -8.757000 -1.208000 0.000001
v -8.751575 -1.206608 0.000001
v -8.745852 -1.204944 0.000001
v -8.739907 -1.203031 0.000001
v -8.733816 -1.200889 0.000001
v -8.727655 -1.198538 0.000001
v -8.721501 -1.196000 0.000001
v -8.715430 -1.193295 0.000001
v -8.709519 -1.190444 0.000001
v -8.703844 -1.187469 0.000001
v -8.698482 -1.184389 0.000001
v -8.693508 -1.181226 0.000001
v -8.688999 -1.178000 0.000001
v -8.687963 -1.202957 0.000001
v -8.686796 -1.224486 0.000001
v -8.685406 -1.242828 0.000001
v -8.683703 -1.258222 0.000001
v -8.681598 -1.270908 0.000001
v -8.678999 -1.281125 0.000001
v -8.675817 -1.289113 0.000001
v -8.671962 -1.295111 0.000001
v -8.667342 -1.299359 0.000001
v -8.661869 -1.302097 0.000001
v -8.655452 -1.303564 0.000001
v -8.648000 -1.304000 0.000001
v -8.641841 -1.304000 0.000001
v -8.633648 -1.304000 0.000001
v -8.623843 -1.304000 0.000001
v -8.612851 -1.304000 0.000001
v -8.601095 -1.304000 0.000001
v -8.588999 -1.304000 0.000001
v -8.576986 -1.304000 0.000001
v -8.565480 -1.304000 0.000001
v -8.554905 -1.304000 0.000001
v -8.545684 -1.304000 0.000001
v -8.538240 -1.304000 0.000001
v -8.533000 -1.304000 0.000001
v -8.525070 -1.303883 0.000001
v -8.518231 -1.303481 0.000001
v -8.512406 -1.302719 0.000001
v -8.507519 -1.301518 0.000001
v -8.503492 -1.299804 0.000001
v -8.500251 -1.297500 0.000001
v -8.497717 -1.294529 0.000001
v -8.495815 -1.290815 0.000001
v -8.494470 -1.286281 0.000001
v -8.493603 -1.280852 0.000001
v -8.493138 -1.274450 0.000001
v -8.493000 -1.267000 0.000001
v -8.493000 -1.106000 0.000001
v -8.731999 -1.106000 0.000001
v -8.731999 -1.036000 0.000001
v -8.493000 -1.036000 0.000001
v -8.493000 -0.887000 0.000001
v -8.610000 -0.887000 0.000001
v -8.610000 -0.848000 0.000001
v -8.621082 -0.856645 0.000001
v -8.632328 -0.865074 0.000001
v -8.643734 -0.873281 0.000001
v -8.655296 -0.881259 0.000001
v -8.667011 -0.889001 0.000001
v -8.678875 -0.896500 0.000001
v -8.690885 -0.903749 0.000001
v -8.703036 -0.910741 0.000001
v -8.715327 -0.917469 0.000001
v -8.727754 -0.923926 0.000001
v -8.740312 -0.930105 0.000001
v -8.752999 -0.936000 0.000001
v -8.756219 -0.930826 0.000001
v -8.759842 -0.925356 0.000001
v -8.763812 -0.919672 0.000001
v -8.768074 -0.913852 0.000001
v -8.772572 -0.907976 0.000001
v -8.777250 -0.902125 0.000001
v -8.782054 -0.896378 0.000001
v -8.786926 -0.890815 0.000001
v -8.791813 -0.885516 0.000001
v -8.796658 -0.880560 0.000001
v -8.801405 -0.876028 0.000001
v -8.806000 -0.872000 0.000001
v -8.788856 -0.864981 0.000001
v -8.771930 -0.857435 0.000001
v -8.755234 -0.849375 0.000001
v -8.738777 -0.840815 0.000001
v -8.722570 -0.831768 0.000001
v -8.706624 -0.822250 0.000001
v -8.690948 -0.812273 0.000001
v -8.675554 -0.801852 0.000001
v -8.660452 -0.791000 0.000001
v -8.645652 -0.779731 0.000001
v -8.631164 -0.768060 0.000001
v -8.617000 -0.756000 0.000001
v -8.629924 -0.746509 0.000001
v -8.643143 -0.736574 0.000001
v -8.656577 -0.726250 0.000001
v -8.670147 -0.715593 0.000001
v -8.683772 -0.704657 0.000001
v -8.697373 -0.693500 0.000001
v -8.710871 -0.682176 0.000001
v -8.724184 -0.670741 0.000001
v -8.737233 -0.659250 0.000001
v -8.749939 -0.647759 0.000001
v -8.762221 -0.636324 0.000001
v -8.774000 -0.625000 0.000001
v -8.240999 -0.887000 0.000001
v -8.415999 -0.887000 0.000001
v -8.415999 -1.036000 0.000001
v -8.240999 -1.036000 0.000001
v -8.240999 -1.021000 0.000001
v -7.309999 -0.658000 0.000001
v -7.307065 -0.681054 0.000001
v -7.303768 -0.704180 0.000001
v -7.300125 -0.727328 0.000001
v -7.296148 -0.750444 0.000001
v -7.291852 -0.773477 0.000001
v -7.287250 -0.796375 0.000001
v -7.282356 -0.819085 0.000001
v -7.277185 -0.841555 0.000001
v -7.271750 -0.863734 0.000001
v -7.266065 -0.885569 0.000001
v -7.260143 -0.907009 0.000001
v -7.254000 -0.928000 0.000001
v -7.241213 -0.968145 0.000001
v -7.228370 -1.004162 0.000001
v -7.215500 -1.036172 0.000001
v -7.202630 -1.064296 0.000001
v -7.189787 -1.088657 0.000001
v -7.177000 -1.109375 0.000001
v -7.164296 -1.126572 0.000001
v -7.151703 -1.140370 0.000001
v -7.139250 -1.150891 0.000001
v -7.126963 -1.158255 0.000001
v -7.114870 -1.162584 0.000001
v -7.103000 -1.164000 0.000001
v -7.091520 -1.162825 0.000001
v -7.079745 -1.159268 0.000001
v -7.067921 -1.153281 0.000001
v -7.056295 -1.144815 0.000001
v -7.045114 -1.133820 0.000001
v -7.034624 -1.120250 0.000001
v -7.025072 -1.104054 0.000001
v -7.016703 -1.085185 0.000001
v -7.009765 -1.063594 0.000001
v -7.004504 -1.039231 0.000001
v -7.001167 -1.012050 0.000001
v -7.000000 -0.982000 0.000001
v -7.002432 -0.947514 0.000001
v -7.009629 -0.912444 0.000001
v -7.021437 -0.877375 0.000001
v -7.037704 -0.842889 0.000001
v -7.058275 -0.809569 0.000001
v -7.083000 -0.778000 0.000001
v -7.111724 -0.748764 0.000001
v -7.144296 -0.722444 0.000001
v -7.180562 -0.699625 0.000001
v -7.220370 -0.680889 0.000001
v -7.263567 -0.666819 0.000001
v -7.393000 -0.656000 0.000001
v -7.433965 -0.661993 0.000001
v -7.471805 -0.672278 0.000001
v -7.506437 -0.686562 0.000001
v -7.537777 -0.704555 0.000001
v -7.565742 -0.725965 0.000001
v -7.590250 -0.750500 0.000001
v -7.611215 -0.777868 0.000001
v -7.628555 -0.807778 0.000001
v -7.642187 -0.839937 0.000001
v -7.652027 -0.874056 0.000001
v -7.657992 -0.909840 0.000001
v -7.660000 -0.947000 0.000001
v -7.657446 -0.988632 0.000001
v -7.650074 -1.027056 0.000001
v -7.638312 -1.062312 0.000001
v -7.622592 -1.094444 0.000001
v -7.603344 -1.123493 0.000001
v -7.580999 -1.149500 0.000001
v -7.555988 -1.172507 0.000001
v -7.528740 -1.192555 0.000001
v -7.499687 -1.209687 0.000001
v -7.469258 -1.223944 0.000001
v -7.437886 -1.235368 0.000001
v -7.406000 -1.244000 0.000001
v -7.400087 -1.245249 0.000001
v -7.393865 -1.246491 0.000001
v -7.387359 -1.247719 0.000001
v -7.380592 -1.248926 0.000001
v -7.373589 -1.250105 0.000001
v -7.366374 -1.251250 0.000001
v -7.358973 -1.252353 0.000001
v -7.351407 -1.253407 0.000001
v -7.343703 -1.254406 0.000001
v -7.335884 -1.255343 0.000001
v -7.327975 -1.256210 0.000001
v -7.320000 -1.257000 0.000001
v -7.367000 -1.331000 0.000001
v -7.424165 -1.321002 0.000001
v -7.477069 -1.306597 0.000001
v -7.525578 -1.287922 0.000001
v -7.569555 -1.265111 0.000001
v -7.608866 -1.238300 0.000001
v -7.643375 -1.207625 0.000001
v -7.672946 -1.173220 0.000001
v -7.697444 -1.135222 0.000001
v -7.716734 -1.093765 0.000001
v -7.730680 -1.048986 0.000001
v -7.739148 -1.001019 0.000001
v -7.742000 -0.950000 0.000001
v -7.738933 -0.900115 0.000001
v -7.729879 -0.852255 0.000001
v -7.715062 -0.806859 0.000001
v -7.694703 -0.764370 0.000001
v -7.669025 -0.725228 0.000001
v -7.638249 -0.689875 0.000001
v -7.602599 -0.658750 0.000001
v -7.562296 -0.632296 0.000001
v -7.517562 -0.610953 0.000001
v -7.468620 -0.595162 0.000001
v -7.415692 -0.585364 0.000001
v -7.359000 -0.582000 0.000001
v -7.299144 -0.585864 0.000001
v -7.241907 -0.597079 0.000001
v -7.187781 -0.615078 0.000001
v -7.137259 -0.639296 0.000001
v -7.090834 -0.669167 0.000001
v -7.049000 -0.704125 0.000001
v -7.012249 -0.743604 0.000001
v -6.981074 -0.787037 0.000001
v -6.955968 -0.833859 0.000001
v -6.937426 -0.883505 0.000001
v -6.925938 -0.935407 0.000001
v -6.921999 -0.989000 0.000001
v -6.923802 -1.028915 0.000001
v -6.929004 -1.066069 0.000001
v -6.937296 -1.100328 0.000001
v -6.948370 -1.131556 0.000001
v -6.961915 -1.159616 0.000001
v -6.977624 -1.184375 0.000001
v -6.995187 -1.205696 0.000001
v -7.014295 -1.223445 0.000001
v -7.034639 -1.237484 0.000001
v -7.055911 -1.247681 0.000001
v -7.077800 -1.253898 0.000001
v -7.099999 -1.256000 0.000001
v -7.122955 -1.253815 0.000001
v -7.145314 -1.247268 0.000001
v -7.167062 -1.236375 0.000001
v -7.188185 -1.221148 0.000001
v -7.208669 -1.201602 0.000001
v -7.228500 -1.177750 0.000001
v -7.247664 -1.149606 0.000001
v -7.266148 -1.117185 0.000001
v -7.283937 -1.080500 0.000001
v -7.301018 -1.039565 0.000001
v -7.317377 -0.994393 0.000001
v -7.333000 -0.945000 0.000001
v -7.339814 -0.921572 0.000001
v -7.346263 -0.897829 0.000001
v -7.352359 -0.873828 0.000001
v -7.358110 -0.849630 0.000001
v -7.363529 -0.825292 0.000001
v -7.368624 -0.800875 0.000001
v -7.373407 -0.776437 0.000001
v -7.377888 -0.752037 0.000001
v -7.382077 -0.727734 0.000001
v -7.385985 -0.703588 0.000001
v -7.389623 -0.679657 0.000001
v -5.910001 -0.732000 0.000001
v -5.908569 -0.756599 0.000001
v -5.906797 -0.782213 0.000001
v -5.904719 -0.808562 0.000001
v -5.902371 -0.835370 0.000001
v -5.899786 -0.862359 0.000001
v -5.897001 -0.889250 0.000001
v -5.894048 -0.915766 0.000001
v -5.890964 -0.941630 0.000001
v -5.887782 -0.966562 0.000001
v -5.884537 -0.990287 0.000001
v -5.881265 -1.012525 0.000001
v -5.878001 -1.033000 0.000001
v -5.945001 -1.045000 0.000001
v -5.951001 -0.999000 0.000001
v -6.102001 -0.999000 0.000001
v -6.099476 -1.046724 0.000001
v -6.096885 -1.089546 0.000001
v -6.094204 -1.127687 0.000001
v -6.091408 -1.161370 0.000001
v -6.088474 -1.190817 0.000001
v -6.085376 -1.216250 0.000001
v -6.082090 -1.237891 0.000001
v -6.078593 -1.255963 0.000001
v -6.074860 -1.270687 0.000001
v -6.070867 -1.282287 0.000001
v -6.066588 -1.290984 0.000001
v -6.062001 -1.297000 0.000001
v -6.059745 -1.299336 0.000001
v -6.057459 -1.301356 0.000001
v -6.055110 -1.303078 0.000001
v -6.052667 -1.304518 0.000001
v -6.050099 -1.305695 0.000001
v -6.047375 -1.306625 0.000001
v -6.044464 -1.307326 0.000001
v -6.041333 -1.307815 0.000001
v -6.037953 -1.308109 0.000001
v -6.034291 -1.308227 0.000001
v -6.030317 -1.308185 0.000001
v -6.026000 -1.308000 0.000001
v -6.020892 -1.307998 0.000001
v -6.014630 -1.307981 0.000001
v -6.007313 -1.307938 0.000001
v -5.999037 -1.307852 0.000001
v -5.989901 -1.307711 0.000001
v -5.980000 -1.307500 0.000001
v -5.969433 -1.307206 0.000001
v -5.958296 -1.306815 0.000001
v -5.946688 -1.306312 0.000001
v -5.934704 -1.305685 0.000001
v -5.922442 -1.304919 0.000001
v -5.910001 -1.304000 0.000001
v -5.913146 -1.309218 0.000001
v -5.916080 -1.314824 0.000001
v -5.918797 -1.320750 0.000001
v -5.921297 -1.326926 0.000001
v -5.923574 -1.333282 0.000001
v -5.925626 -1.339750 0.000001
v -5.927448 -1.346259 0.000001
v -5.929038 -1.352741 0.000001
v -5.930392 -1.359125 0.000001
v -5.931506 -1.365343 0.000001
v -5.932376 -1.371324 0.000001
v -5.933001 -1.377000 0.000001
v -5.945218 -1.377687 0.000001
v -5.957320 -1.378250 0.000001
v -5.969235 -1.378688 0.000001
v -5.980889 -1.379000 0.000001
v -5.992210 -1.379187 0.000001
v -6.003125 -1.379250 0.000001
v -6.013561 -1.379187 0.000001
v -6.023445 -1.379000 0.000001
v -6.032703 -1.378688 0.000001
v -6.041264 -1.378250 0.000001
v -6.049054 -1.377687 0.000001
v -6.056001 -1.377000 0.000001
v -6.063258 -1.376410 0.000001
v -6.070056 -1.375611 0.000001
v -6.076438 -1.374563 0.000001
v -6.082445 -1.373222 0.000001
v -6.088119 -1.371549 0.000001
v -6.093501 -1.369500 0.000001
v -6.098632 -1.367035 0.000001
v -6.103556 -1.364111 0.000001
v -6.108313 -1.360688 0.000001
v -6.112945 -1.356722 0.000001
v -6.117494 -1.352174 0.000001
v -6.122001 -1.347000 0.000001
v -6.128676 -1.337403 0.000001
v -6.134741 -1.324889 0.000001
v -6.140251 -1.309125 0.000001
v -6.145260 -1.289778 0.000001
v -6.149825 -1.266514 0.000001
v -6.154001 -1.239000 0.000001
v -6.157844 -1.206903 0.000001
v -6.161408 -1.169889 0.000001
v -6.164751 -1.127625 0.000001
v -6.167927 -1.079778 0.000001
v -6.170991 -1.026014 0.000001
v -6.174001 -0.966000 0.000001
v -6.174231 -0.963250 0.000001
v -6.174422 -0.960083 0.000001
v -6.174579 -0.956625 0.000001
v -6.174705 -0.953000 0.000001
v -6.174802 -0.949333 0.000001
v -6.174876 -0.945750 0.000001
v -6.174928 -0.942375 0.000001
v -6.174963 -0.939333 0.000001
v -6.174985 -0.936750 0.000001
v -6.174996 -0.934750 0.000001
v -6.175000 -0.933458 0.000001
v -6.175001 -0.933000 0.000001
v -5.959001 -0.933000 0.000001
v -5.972001 -0.801000 0.000001
v -6.174001 -0.801000 0.000001
v -6.174001 -0.512000 0.000001
v -5.892001 -0.512000 0.000001
v -5.892001 -0.580000 0.000001
v -6.102001 -0.580000 0.000001
v -6.102001 -0.732000 0.000001
v -6.228001 -0.501000 0.000001
v -6.236448 -0.514121 0.000001
v -6.244746 -0.527889 0.000001
v -6.252829 -0.542156 0.000001
v -6.260630 -0.556778 0.000001
v -6.268085 -0.571608 0.000001
v -6.275126 -0.586500 0.000001
v -6.281687 -0.601309 0.000001
v -6.287704 -0.615889 0.000001
v -6.293110 -0.630094 0.000001
v -6.297839 -0.643778 0.000001
v -6.301824 -0.656795 0.000001
v -6.305001 -0.669000 0.000001
v -6.370001 -0.643000 0.000001
v -6.366363 -0.631065 0.000001
v -6.361982 -0.618352 0.000001
v -6.356907 -0.605000 0.000001
v -6.351186 -0.591148 0.000001
v -6.344868 -0.576935 0.000001
v -6.338001 -0.562500 0.000001
v -6.330634 -0.547981 0.000001
v -6.322816 -0.533518 0.000001
v -6.314595 -0.519250 0.000001
v -6.306019 -0.505315 0.000001
v -6.297139 -0.491852 0.000001
v -6.288001 -0.479000 0.000001
v -6.412001 -0.477000 0.000001
v -6.418910 -0.491100 0.000001
v -6.425607 -0.505801 0.000001
v -6.432047 -0.520953 0.000001
v -6.438185 -0.536407 0.000001
v -6.443976 -0.552014 0.000001
v -6.449375 -0.567625 0.000001
v -6.454336 -0.583090 0.000001
v -6.458815 -0.598259 0.000001
v -6.462765 -0.612984 0.000001
v -6.466143 -0.627116 0.000001
v -6.468903 -0.640504 0.000001
v -6.471001 -0.653000 0.000001
v -6.536001 -0.632000 0.000001
v -6.533883 -0.619525 0.000001
v -6.531061 -0.606199 0.000001
v -6.527579 -0.592172 0.000001
v -6.523482 -0.577592 0.000001
v -6.518816 -0.562610 0.000001
v -6.513626 -0.547375 0.000001
v -6.507956 -0.532035 0.000001
v -6.501853 -0.516741 0.000001
v -6.495360 -0.501641 0.000001
v -6.488523 -0.486884 0.000001
v -6.481389 -0.472621 0.000001
v -6.474000 -0.459000 0.000001
v -6.700001 -0.468000 0.000001
v -6.692771 -0.484256 0.000001
v -6.684667 -0.501384 0.000001
v -6.675813 -0.519172 0.000001
v -6.666334 -0.537407 0.000001
v -6.656354 -0.555879 0.000001
v -6.646000 -0.574375 0.000001
v -6.635396 -0.592683 0.000001
v -6.624667 -0.610593 0.000001
v -6.613937 -0.627891 0.000001
v -6.603333 -0.644366 0.000001
v -6.592979 -0.659806 0.000001
v -6.583001 -0.674000 0.000001
v -6.598001 -0.682000 0.000001
v -6.243001 -0.682000 0.000001
v -6.243001 -1.048000 0.000001
v -6.458001 -1.048000 0.000001
v -6.458001 -1.135000 0.000001
v -6.195001 -1.135000 0.000001
v -6.195001 -1.202000 0.000001
v -6.458001 -1.202000 0.000001
v -6.458001 -1.380000 0.000001
v -6.531001 -1.380000 0.000001
v -6.531001 -1.202000 0.000001
v -6.795001 -1.202000 0.000001
v -6.795001 -1.135000 0.000001
v -6.531001 -1.135000 0.000001
v -6.531001 -1.048000 0.000001
v -6.759001 -1.048000 0.000001
v -6.759001 -0.682000 0.000001
v -6.652000 -0.682000 0.000001
v -6.661597 -0.668870 0.000001
v -6.671357 -0.655046 0.000001
v -6.681235 -0.640625 0.000001
v -6.691186 -0.625704 0.000001
v -6.701165 -0.610380 0.000001
v -6.711126 -0.594750 0.000001
v -6.721025 -0.578912 0.000001
v -6.730815 -0.562963 0.000001
v -6.740454 -0.547000 0.000001
v -6.749894 -0.531120 0.000001
v -6.759091 -0.515421 0.000001
v -6.768001 -0.500000 0.000001
v -6.309000 -0.893000 0.000001
v -6.458001 -0.893000 0.000001
v -6.458001 -0.988000 0.000001
v -6.309000 -0.988000 0.000001
v -6.531001 -0.893000 0.000001
v -6.690001 -0.893000 0.000001
v -6.690001 -0.988000 0.000001
v -6.531001 -0.988000 0.000001
v -6.309000 -0.742000 0.000001
v -6.458001 -0.742000 0.000001
v -6.458001 -0.836000 0.000001
v -6.309000 -0.836000 0.000001
v -6.531001 -0.742000 0.000001
v -6.690001 -0.742000 0.000001
v -6.690001 -0.836000 0.000001
v -6.531001 -0.836000 0.000001
v -4.913001 -0.642000 0.000000
v -4.922000 -0.729000 0.000000
v -4.951892 -0.723237 0.000000
v -4.986885 -0.717477 0.000000
v -5.025954 -0.711766 0.000000
v -5.068075 -0.706148 0.000000
v -5.112224 -0.700670 0.000000
v -5.157376 -0.695375 0.000000
v -5.202507 -0.690310 0.000000
v -5.246593 -0.685519 0.000000
v -5.288610 -0.681047 0.000000
v -5.327533 -0.676940 0.000000
v -5.362338 -0.673242 0.000000
v -5.392001 -0.670000 0.000001
v -5.368995 -0.685225 0.000000
v -5.346204 -0.703301 0.000000
v -5.323969 -0.724078 0.000000
v -5.302630 -0.747407 0.000000
v -5.282527 -0.773139 0.000000
v -5.264001 -0.801125 0.000000
v -5.247391 -0.831215 0.000000
v -5.233038 -0.863259 0.000000
v -5.221282 -0.897109 0.000000
v -5.212464 -0.932616 0.000000
v -5.206923 -0.969629 0.000000
v -5.205000 -1.008000 0.000000
v -5.209259 -1.061185 0.000001
v -5.221487 -1.109315 0.000001
v -5.240860 -1.152500 0.000001
v -5.266556 -1.190852 0.000001
v -5.297752 -1.224482 0.000001
v -5.333626 -1.253500 0.000001
v -5.373353 -1.278019 0.000001
v -5.416112 -1.298148 0.000001
v -5.461080 -1.314000 0.000001
v -5.507432 -1.325685 0.000001
v -5.554347 -1.333315 0.000001
v -5.601001 -1.337000 0.000001
v -5.630001 -1.254000 0.000001
v -5.588971 -1.251289 0.000001
v -5.547848 -1.245977 0.000001
v -5.507329 -1.237797 0.000001
v -5.468112 -1.226481 0.000001
v -5.430894 -1.211763 0.000001
v -5.396375 -1.193375 0.000001
v -5.365252 -1.171049 0.000001
v -5.338223 -1.144519 0.000001
v -5.315985 -1.113516 0.000001
v -5.299236 -1.077773 0.000001
v -5.288676 -1.037024 0.000001
v -5.285001 -0.991000 0.000001
v -5.286795 -0.960643 0.000001
v -5.292102 -0.929393 0.000001
v -5.300813 -0.897734 0.000001
v -5.312816 -0.866148 0.000001
v -5.327999 -0.835117 0.000001
v -5.346251 -0.805125 0.000001
v -5.367462 -0.776653 0.000001
v -5.391520 -0.750185 0.000001
v -5.418314 -0.726203 0.000001
v -5.447732 -0.705190 0.000001
v -5.479665 -0.687628 0.000001
v -5.514000 -0.674000 0.000001
v -5.527482 -0.670534 0.000001
v -5.542269 -0.667606 0.000001
v -5.558126 -0.665172 0.000001
v -5.574816 -0.663185 0.000001
v -5.592103 -0.661601 0.000001
v -5.609751 -0.660375 0.000001
v -5.627524 -0.659461 0.000001
v -5.645186 -0.658815 0.000001
v -5.662501 -0.658391 0.000001
v -5.679233 -0.658143 0.000001
v -5.695145 -0.658028 0.000001
v -5.710001 -0.658000 0.000001
v -5.710001 -0.578000 0.000001
v -5.692695 -0.578812 0.000001
v -5.674306 -0.579750 0.000001
v -5.654876 -0.580812 0.000001
v -5.634445 -0.582000 0.000001
v -5.613056 -0.583312 0.000001
v -5.590751 -0.584750 0.000001
v -5.567570 -0.586312 0.000001
v -5.543556 -0.588000 0.000001
v -5.518751 -0.589812 0.000001
v -5.493195 -0.591750 0.000001
v -5.466931 -0.593812 0.000001
v -5.440001 -0.596000 0.000001
v -5.393971 -0.599824 0.000000
v -5.348181 -0.603759 0.000000
v -5.303079 -0.607750 0.000000
v -5.259111 -0.611741 0.000000
v -5.216728 -0.615676 0.000000
v -5.176375 -0.619500 0.000000
v -5.138502 -0.623157 0.000000
v -5.103556 -0.626593 0.000000
v -5.071985 -0.629750 0.000000
v -5.044237 -0.632574 0.000000
v -5.020760 -0.635009 0.000000
v -5.002001 -0.637000 0.000000
v -4.996984 -0.637499 0.000000
v -4.991450 -0.637995 0.000000
v -4.985423 -0.638484 0.000000
v -4.978927 -0.638963 0.000000
v -4.971986 -0.639428 0.000000
v -4.964626 -0.639875 0.000000
v -4.956870 -0.640301 0.000000
v -4.948742 -0.640704 0.000000
v -4.940267 -0.641078 0.000000
v -4.931468 -0.641421 0.000000
v -4.922372 -0.641730 0.000000
v -5.566000 -0.781000 0.000001
v -5.515001 -0.803000 0.000001
v -5.522477 -0.813470 0.000001
v -5.529894 -0.824347 0.000001
v -5.537235 -0.835578 0.000001
v -5.544482 -0.847111 0.000001
v -5.551618 -0.858894 0.000001
v -5.558626 -0.870875 0.000001
v -5.565487 -0.883002 0.000001
v -5.572186 -0.895222 0.000001
v -5.578704 -0.907484 0.000001
v -5.585024 -0.919736 0.000001
v -5.591129 -0.931925 0.000001
v -5.597001 -0.944000 0.000001
v -5.648001 -0.920000 0.000001
v -5.642415 -0.908652 0.000001
v -5.636232 -0.896717 0.000001
v -5.629563 -0.884359 0.000001
v -5.622519 -0.871741 0.000001
v -5.615211 -0.859025 0.000001
v -5.607751 -0.846375 0.000001
v -5.600248 -0.833954 0.000001
v -5.592815 -0.821926 0.000001
v -5.585563 -0.810453 0.000001
v -5.578602 -0.799699 0.000001
v -5.572044 -0.789827 0.000001
v -5.675001 -0.739000 0.000001
v -5.626000 -0.762000 0.000001
v -5.633707 -0.772642 0.000001
v -5.641320 -0.783551 0.000001
v -5.648829 -0.794703 0.000001
v -5.656223 -0.806074 0.000001
v -5.663492 -0.817639 0.000001
v -5.670625 -0.829375 0.000001
v -5.677613 -0.841256 0.000001
v -5.684445 -0.853259 0.000001
v -5.691110 -0.865359 0.000001
v -5.697598 -0.877532 0.000001
v -5.703898 -0.889754 0.000001
v -5.710001 -0.902000 0.000001
v -5.762001 -0.877000 0.000001
v -5.755916 -0.865672 0.000001
v -5.749237 -0.853792 0.000001
v -5.742079 -0.841516 0.000001
v -5.734557 -0.829000 0.000001
v -5.726784 -0.816401 0.000001
v -5.718876 -0.803875 0.000001
v -5.710948 -0.791578 0.000001
v -5.703113 -0.779667 0.000001
v -5.695486 -0.768297 0.000001
v -5.688182 -0.757625 0.000001
v -5.681316 -0.747807 0.000001
v -4.371001 -0.523000 0.000000
v -4.278001 -0.493000 0.000000
v -4.276321 -0.499691 0.000000
v -4.274316 -0.506699 0.000000
v -4.272032 -0.513922 0.000000
v -4.269519 -0.521259 0.000000
v -4.266826 -0.528610 0.000000
v -4.264001 -0.535875 0.000000
v -4.261092 -0.542952 0.000000
v -4.258149 -0.549741 0.000000
v -4.255219 -0.556140 0.000000
v -4.252353 -0.562051 0.000000
v -4.249597 -0.567371 0.000000
v -4.247001 -0.572000 0.000000
v -4.235074 -0.595590 0.000000
v -4.220755 -0.621134 0.000000
v -4.203985 -0.648297 0.000000
v -4.184704 -0.676741 0.000000
v -4.162854 -0.706129 0.000000
v -4.138375 -0.736125 0.000000
v -4.111209 -0.766392 0.000000
v -4.081297 -0.796593 0.000000
v -4.048579 -0.826391 0.000000
v -4.012996 -0.855449 0.000000
v -3.974490 -0.883431 0.000000
v -3.933001 -0.910000 0.000000
v -4.002001 -0.962000 0.000000
v -4.028730 -0.943429 0.000000
v -4.054422 -0.924264 0.000000
v -4.079079 -0.904578 0.000000
v -4.102704 -0.884444 0.000000
v -4.125302 -0.863936 0.000000
v -4.146875 -0.843125 0.000000
v -4.167428 -0.822085 0.000000
v -4.186963 -0.800889 0.000000
v -4.205484 -0.779609 0.000000
v -4.222995 -0.758319 0.000000
v -4.239499 -0.737092 0.000000
v -4.255001 -0.716000 0.000000
v -4.594001 -0.716000 0.000000
v -4.587931 -0.739498 0.000000
v -4.580274 -0.764319 0.000000
v -4.571110 -0.790203 0.000000
v -4.560519 -0.816889 0.000000
v -4.548581 -0.844116 0.000000
v -4.535375 -0.871625 0.000000
v -4.520982 -0.899154 0.000000
v -4.505482 -0.926444 0.000000
v -4.488954 -0.953234 0.000000
v -4.471478 -0.979264 0.000000
v -4.453133 -1.004272 0.000000
v -4.434000 -1.028000 0.000000
v -4.410528 -1.054175 0.000000
v -4.385556 -1.079648 0.000000
v -4.359000 -1.104344 0.000000
v -4.330778 -1.128185 0.000000
v -4.300806 -1.151096 0.000000
v -4.269001 -1.173000 0.000000
v -4.235278 -1.193820 0.000000
v -4.199556 -1.213481 0.000000
v -4.161750 -1.231906 0.000000
v -4.121778 -1.249018 0.000000
v -4.079556 -1.264742 0.000000
v -4.035001 -1.279000 0.000000
v -4.107000 -1.344000 0.000000
v -4.152586 -1.326273 0.000000
v -4.195440 -1.307602 0.000000
v -4.235703 -1.288000 0.000000
v -4.273519 -1.267481 0.000000
v -4.309029 -1.246060 0.000000
v -4.342376 -1.223750 0.000000
v -4.373702 -1.200565 0.000000
v -4.403149 -1.176519 0.000000
v -4.430861 -1.151625 0.000000
v -4.456978 -1.125898 0.000000
v -4.481644 -1.099352 0.000000
v -4.505001 -1.072000 0.000000
v -4.526683 -1.044473 0.000000
v -4.547214 -1.016032 0.000000
v -4.566563 -0.986891 0.000000
v -4.584704 -0.957259 0.000000
v -4.601610 -0.927350 0.000000
v -4.617251 -0.897375 0.000000
v -4.631600 -0.867546 0.000000
v -4.644630 -0.838074 0.000000
v -4.656313 -0.809172 0.000000
v -4.666621 -0.781051 0.000000
v -4.675526 -0.753923 0.000000
v -4.683001 -0.728000 0.000000
v -4.684350 -0.723863 0.000000
v -4.685884 -0.719491 0.000000
v -4.687578 -0.714937 0.000000
v -4.689407 -0.710259 0.000000
v -4.691348 -0.705512 0.000000
v -4.693375 -0.700750 0.000000
v -4.695464 -0.696030 0.000000
v -4.697592 -0.691407 0.000000
v -4.699734 -0.686937 0.000000
v -4.701866 -0.682676 0.000000
v -4.703962 -0.678678 0.000000
v -4.706001 -0.675000 0.000000
v -4.639001 -0.634000 0.000000
v -4.634876 -0.635667 0.000000
v -4.630505 -0.637171 0.000000
v -4.625891 -0.638516 0.000000
v -4.621037 -0.639704 0.000000
v -4.615948 -0.640739 0.000000
v -4.610625 -0.641625 0.000000
v -4.605074 -0.642365 0.000000
v -4.599297 -0.642963 0.000000
v -4.593297 -0.643422 0.000000
v -4.587079 -0.643745 0.000000
v -4.580645 -0.643937 0.000000
v -4.574000 -0.644000 0.000000
v -4.302001 -0.644000 0.000000
v -4.326001 -0.602000 0.000000
v -4.328662 -0.596951 0.000000
v -4.331625 -0.591356 0.000000
v -4.334860 -0.585297 0.000000
v -4.338334 -0.578852 0.000000
v -4.342016 -0.572101 0.000000
v -4.345875 -0.565125 0.000000
v -4.349881 -0.558003 0.000000
v -4.354001 -0.550815 0.000000
v -4.358204 -0.543641 0.000000
v -4.362459 -0.536560 0.000000
v -4.366735 -0.529653 0.000000
v -3.317001 -0.724000 0.000000
v -3.244001 -0.749000 0.000000
v -3.249527 -0.761863 0.000000
v -3.255959 -0.777574 0.000000
v -3.263079 -0.795562 0.000000
v -3.270668 -0.815259 0.000000
v -3.278506 -0.836095 0.000000
v -3.286376 -0.857500 0.000000
v -3.294058 -0.878905 0.000000
v -3.301334 -0.899741 0.000000
v -3.307985 -0.919437 0.000000
v -3.313792 -0.937426 0.000000
v -3.318537 -0.953137 0.000000
v -3.322001 -0.966000 0.000000
v -3.396001 -0.940000 0.000000
v -3.392040 -0.927271 0.000000
v -3.386816 -0.911500 0.000000
v -3.380563 -0.893312 0.000000
v -3.373519 -0.873333 0.000000
v -3.365920 -0.852187 0.000000
v -3.358001 -0.830500 0.000000
v -3.349998 -0.808896 0.000000
v -3.342149 -0.788000 0.000000
v -3.334688 -0.768437 0.000000
v -3.327852 -0.750833 0.000000
v -3.321878 -0.735812 0.000000
v -3.679001 -0.780000 0.000000
v -3.593001 -0.753000 0.000000
v -3.588490 -0.784957 0.000000
v -3.582501 -0.816736 0.000000
v -3.575094 -0.848203 0.000000
v -3.566334 -0.879222 0.000000
v -3.556282 -0.909658 0.000000
v -3.545001 -0.939375 0.000000
v -3.532553 -0.968238 0.000000
v -3.519001 -0.996111 0.000000
v -3.504407 -1.022859 0.000000
v -3.488834 -1.048347 0.000000
v -3.472344 -1.072439 0.000000
v -3.455001 -1.095000 0.000000
v -3.433596 -1.120179 0.000000
v -3.410510 -1.144180 0.000000
v -3.385938 -1.166953 0.000000
v -3.360075 -1.188444 0.000000
v -3.333114 -1.208602 0.000000
v -3.305251 -1.227375 0.000000
v -3.276679 -1.244710 0.000000
v -3.247593 -1.260555 0.000000
v -3.218188 -1.274859 0.000000
v -3.188658 -1.287569 0.000000
v -3.159198 -1.298634 0.000000
v -3.130001 -1.308000 0.000000
v -3.196001 -1.375000 0.000000
v -3.224186 -1.363538 0.000000
v -3.252649 -1.350634 0.000000
v -3.281250 -1.336266 0.000000
v -3.309852 -1.320407 0.000000
v -3.338315 -1.303035 0.000000
v -3.366500 -1.284125 0.000000
v -3.394269 -1.263652 0.000000
v -3.421482 -1.241593 0.000000
v -3.448000 -1.217922 0.000000
v -3.473686 -1.192616 0.000000
v -3.498399 -1.165650 0.000000
v -3.522001 -1.137000 0.000000
v -3.539404 -1.114154 0.000000
v -3.555644 -1.090648 0.000000
v -3.570766 -1.066531 0.000000
v -3.584816 -1.041852 0.000000
v -3.597837 -1.016658 0.000000
v -3.609876 -0.991000 0.000000
v -3.620977 -0.964925 0.000000
v -3.631186 -0.938481 0.000000
v -3.640548 -0.911719 0.000000
v -3.649107 -0.884685 0.000000
v -3.656910 -0.857429 0.000000
v -3.664001 -0.830000 0.000000
v -3.665002 -0.826686 0.000000
v -3.666014 -0.823241 0.000000
v -3.667048 -0.819656 0.000000
v -3.668112 -0.815926 0.000000
v -3.669218 -0.812043 0.000000
v -3.670376 -0.808000 0.000000
v -3.671596 -0.803790 0.000000
v -3.672890 -0.799407 0.000000
v -3.674266 -0.794844 0.000000
v -3.675737 -0.790093 0.000000
v -3.677312 -0.785147 0.000000
v -3.085001 -0.774000 0.000000
v -3.011001 -0.803000 0.000000
v -3.016457 -0.813786 0.000000
v -3.023149 -0.828208 0.000000
v -3.030813 -0.845609 0.000000
v -3.039186 -0.865333 0.000000
v -3.048003 -0.886724 0.000000
v -3.057001 -0.909125 0.000000
v -3.065915 -0.931880 0.000000
v -3.074482 -0.954333 0.000000
v -3.082438 -0.975828 0.000000
v -3.089519 -0.995708 0.000000
v -3.095461 -1.013318 0.000000
v -3.100001 -1.028000 0.000000
v -3.176001 -1.000000 0.000000
v -3.170601 -0.985451 0.000000
v -3.164052 -0.968190 0.000000
v -3.156579 -0.948797 0.000000
v -3.148408 -0.927852 0.000000
v -3.139765 -0.905935 0.000000
v -3.130876 -0.883625 0.000000
v -3.121965 -0.861503 0.000000
v -3.113260 -0.840148 0.000000
v -3.104985 -0.820141 0.000000
v -3.097366 -0.802060 0.000000
v -3.090630 -0.786487 0.000000
v -2.146001 -0.549000 0.000000
v -2.055001 -0.549000 0.000000
v -2.055499 -0.554064 0.000000
v -2.055991 -0.559680 0.000000
v -2.056469 -0.565734 0.000000
v -2.056926 -0.572111 0.000000
v -2.057356 -0.578696 0.000000
v -2.057750 -0.585375 0.000000
v -2.058104 -0.592033 0.000000
v -2.058408 -0.598556 0.000000
v -2.058657 -0.604828 0.000000
v -2.058843 -0.610736 0.000000
v -2.058960 -0.616165 0.000000
v -2.059000 -0.621000 0.000000
v -2.059000 -0.633052 0.000000
v -2.059000 -0.653167 0.000000
v -2.059000 -0.679781 0.000000
v -2.059000 -0.711333 0.000000
v -2.059000 -0.746260 0.000000
v -2.059000 -0.783000 0.000000
v -2.059000 -0.819990 0.000000
v -2.059000 -0.855667 0.000000
v -2.059000 -0.888469 0.000000
v -2.059000 -0.916833 0.000000
v -2.059000 -0.939198 0.000000
v -2.059000 -0.954000 0.000000
v -2.058940 -0.961531 0.000000
v -2.058769 -0.969079 0.000000
v -2.058501 -0.976578 0.000000
v -2.058149 -0.983963 0.000000
v -2.057728 -0.991167 0.000000
v -2.057251 -0.998125 0.000000
v -2.056732 -1.004770 0.000000
v -2.056186 -1.011037 0.000000
v -2.055626 -1.016859 0.000000
v -2.055065 -1.022171 0.000000
v -2.054519 -1.026907 0.000000
v -2.054001 -1.031000 0.000000
v -2.146001 -1.031000 0.000000
v -2.145502 -1.026201 0.000000
v -2.145010 -1.020856 0.000000
v -2.144532 -1.015047 0.000000
v -2.144075 -1.008852 0.000000
v -2.143645 -1.002351 0.000000
v -2.143251 -0.995625 0.000000
v -2.142898 -0.988753 0.000000
v -2.142593 -0.981815 0.000000
v -2.142344 -0.974891 0.000000
v -2.142158 -0.968060 0.000000
v -2.142041 -0.961403 0.000000
v -2.142001 -0.955000 0.000000
v -2.142001 -0.940178 0.000000
v -2.142001 -0.917759 0.000000
v -2.142001 -0.889312 0.000000
v -2.142001 -0.856407 0.000000
v -2.142001 -0.820613 0.000000
v -2.142001 -0.783500 0.000000
v -2.142001 -0.746637 0.000000
v -2.142001 -0.711593 0.000000
v -2.142001 -0.679937 0.000000
v -2.142001 -0.653241 0.000000
v -2.142001 -0.633072 0.000000
v -2.142001 -0.621000 0.000000
v -2.142041 -0.614904 0.000000
v -2.142158 -0.608653 0.000000
v -2.142344 -0.602297 0.000000
v -2.142593 -0.595889 0.000000
v -2.142898 -0.589481 0.000000
v -2.143251 -0.583125 0.000000
v -2.143646 -0.576873 0.000000
v -2.144075 -0.570778 0.000000
v -2.144532 -0.564891 0.000000
v -2.145010 -0.559264 0.000000
v -2.145502 -0.553950 0.000000
v -2.610001 -0.541000 0.000000
v -2.516001 -0.541000 0.000000
v -2.516729 -0.547314 0.000000
v -2.517413 -0.553764 0.000000
v -2.518048 -0.560359 0.000000
v -2.518630 -0.567111 0.000000
v -2.519157 -0.574029 0.000000
v -2.519626 -0.581125 0.000000
v -2.520031 -0.588408 0.000000
v -2.520371 -0.595889 0.000000
v -2.520642 -0.603578 0.000000
v -2.520839 -0.611486 0.000000
v -2.520960 -0.619623 0.000000
v -2.521001 -0.628000 0.000000
v -2.521001 -0.637735 0.000000
v -2.521001 -0.649217 0.000000
v -2.521001 -0.662109 0.000000
v -2.521001 -0.676074 0.000000
v -2.521001 -0.690775 0.000000
v -2.521001 -0.705875 0.000000
v -2.521001 -0.721038 0.000000
v -2.521001 -0.735926 0.000000
v -2.521001 -0.750203 0.000000
v -2.521001 -0.763532 0.000000
v -2.521001 -0.775577 0.000000
v -2.521001 -0.786000 0.000000
v -2.520723 -0.831064 0.000000
v -2.519783 -0.872009 0.000000
v -2.518016 -0.909219 0.000000
v -2.515260 -0.943074 0.000000
v -2.511351 -0.973957 0.000000
v -2.506126 -1.002250 0.000000
v -2.499421 -1.028335 0.000000
v -2.491075 -1.052593 0.000000
v -2.480923 -1.075406 0.000000
v -2.468802 -1.097158 0.000000
v -2.454549 -1.118228 0.000000
v -2.438001 -1.139000 0.000000
v -2.422031 -1.155882 0.000000
v -2.405158 -1.171560 0.000000
v -2.387438 -1.186078 0.000000
v -2.368927 -1.199481 0.000000
v -2.349679 -1.211815 0.000000
v -2.329751 -1.223125 0.000000
v -2.309197 -1.233455 0.000000
v -2.288074 -1.242852 0.000000
v -2.266438 -1.251359 0.000000
v -2.244343 -1.259023 0.000000
v -2.221845 -1.265888 0.000000
v -2.199001 -1.272000 0.000000
v -2.264001 -1.341000 0.000000
v -2.282777 -1.334365 0.000000
v -2.302464 -1.326921 0.000000
v -2.322844 -1.318609 0.000000
v -2.343704 -1.309370 0.000000
v -2.364828 -1.299145 0.000000
v -2.386001 -1.287875 0.000000
v -2.407007 -1.275501 0.000000
v -2.427630 -1.261963 0.000000
v -2.447657 -1.247203 0.000000
v -2.466871 -1.231162 0.000000
v -2.485058 -1.213781 0.000000
v -2.502001 -1.195000 0.000000
v -2.519192 -1.173549 0.000000
v -2.534778 -1.151806 0.000000
v -2.548782 -1.129187 0.000000
v -2.561223 -1.105111 0.000000
v -2.572122 -1.078993 0.000000
v -2.581501 -1.050250 0.000000
v -2.589379 -1.018299 0.000000
v -2.595778 -0.982556 0.000000
v -2.600719 -0.942438 0.000000
v -2.604223 -0.897361 0.000000
v -2.606310 -0.846743 0.000000
v -2.607001 -0.790000 0.000000
v -2.607001 -0.779594 0.000000
v -2.607001 -0.767583 0.000000
v -2.607001 -0.754281 0.000000
v -2.607001 -0.740000 0.000000
v -2.607001 -0.725052 0.000000
v -2.607001 -0.709750 0.000000
v -2.607001 -0.694406 0.000000
v -2.607001 -0.679333 0.000000
v -2.607001 -0.664844 0.000000
v -2.607001 -0.651250 0.000000
v -2.607001 -0.638865 0.000000
v -2.607001 -0.628000 0.000000
v -2.607021 -0.619623 0.000000
v -2.607084 -0.611486 0.000000
v -2.607188 -0.603578 0.000000
v -2.607334 -0.595889 0.000000
v -2.607521 -0.588408 0.000000
v -2.607750 -0.581125 0.000000
v -2.608021 -0.574029 0.000000
v -2.608334 -0.567111 0.000000
v -2.608688 -0.560359 0.000000
v -2.609084 -0.553764 0.000000
v -2.609521 -0.547314 0.000000
v -1.371001 -0.523000 0.000000
v -1.278001 -0.493000 0.000000
v -1.276321 -0.499691 0.000000
v -1.274315 -0.506699 0.000000
v -1.272032 -0.513922 0.000000
v -1.269519 -0.521259 0.000000
v -1.266826 -0.528610 0.000000
v -1.264001 -0.535875 0.000000
v -1.261092 -0.542952 0.000000
v -1.258149 -0.549741 0.000000
v -1.255219 -0.556140 0.000000
v -1.252352 -0.562051 0.000000
v -1.249597 -0.567371 0.000000
v -1.247001 -0.572000 0.000000
v -1.235074 -0.595590 0.000000
v -1.220755 -0.621134 0.000000
v -1.203985 -0.648297 0.000000
v -1.184704 -0.676741 0.000000
v -1.162854 -0.706129 0.000000
v -1.138376 -0.736125 0.000000
v -1.111210 -0.766392 0.000000
v -1.081297 -0.796593 0.000000
v -1.048579 -0.826391 0.000000
v -1.012996 -0.855449 0.000000
v -0.974490 -0.883431 0.000000
v -0.933001 -0.910000 0.000000
v -1.002001 -0.962000 0.000000
v -1.028730 -0.943429 0.000000
v -1.054422 -0.924264 0.000000
v -1.079079 -0.904578 0.000000
v -1.102704 -0.884444 0.000000
v -1.125302 -0.863936 0.000000
v -1.146876 -0.843125 0.000000
v -1.167428 -0.822085 0.000000
v -1.186964 -0.800889 0.000000
v -1.205485 -0.779609 0.000000
v -1.222996 -0.758319 0.000000
v -1.239500 -0.737092 0.000000
v -1.255001 -0.716000 0.000000
v -1.594001 -0.716000 0.000000
v -1.587931 -0.739498 0.000000
v -1.580274 -0.764319 0.000000
v -1.571110 -0.790203 0.000000
v -1.560519 -0.816889 0.000000
v -1.548581 -0.844116 0.000000
v -1.535376 -0.871625 0.000000
v -1.520983 -0.899154 0.000000
v -1.505482 -0.926444 0.000000
v -1.488954 -0.953234 0.000000
v -1.471477 -0.979264 0.000000
v -1.453133 -1.004272 0.000000
v -1.434001 -1.028000 0.000000
v -1.410528 -1.054175 0.000000
v -1.385556 -1.079648 0.000000
v -1.359001 -1.104344 0.000000
v -1.330778 -1.128185 0.000000
v -1.300806 -1.151096 0.000000
v -1.269001 -1.173000 0.000000
v -1.235278 -1.193820 0.000000
v -1.199556 -1.213481 0.000000
v -1.161751 -1.231906 0.000000
v -1.121778 -1.249018 0.000000
v -1.079556 -1.264742 0.000000
v -1.035001 -1.279000 0.000000
v -1.107001 -1.344000 0.000000
v -1.152587 -1.326273 0.000000
v -1.195440 -1.307602 0.000000
v -1.235704 -1.288000 0.000000
v -1.273519 -1.267481 0.000000
v -1.309029 -1.246060 0.000000
v -1.342376 -1.223750 0.000000
v -1.373701 -1.200565 0.000000
v -1.403149 -1.176519 0.000000
v -1.430860 -1.151625 0.000000
v -1.456977 -1.125898 0.000000
v -1.481644 -1.099352 0.000000
v -1.505001 -1.072000 0.000000
v -1.526683 -1.044473 0.000000
v -1.547214 -1.016032 0.000000
v -1.566563 -0.986891 0.000000
v -1.584704 -0.957259 0.000000
v -1.601609 -0.927350 0.000000
v -1.617251 -0.897375 0.000000
v -1.631600 -0.867546 0.000000
v -1.644630 -0.838074 0.000000
v -1.656313 -0.809172 0.000000
v -1.666621 -0.781051 0.000000
v -1.675526 -0.753923 0.000000
v -1.683001 -0.728000 0.000000
v -1.684351 -0.723863 0.000000
v -1.685885 -0.719491 0.000000
v -1.687579 -0.714937 0.000000
v -1.689408 -0.710259 0.000000
v -1.691348 -0.705512 0.000000
v -1.693376 -0.700750 0.000000
v -1.695465 -0.696030 0.000000
v -1.697593 -0.691407 0.000000
v -1.699735 -0.686937 0.000000
v -1.701866 -0.682676 0.000000
v -1.703963 -0.678678 0.000000
v -1.706001 -0.675000 0.000000
v -1.639001 -0.634000 0.000000
v -1.634876 -0.635667 0.000000
v -1.630505 -0.637171 0.000000
v -1.625891 -0.638516 0.000000
v -1.621038 -0.639704 0.000000
v -1.615948 -0.640739 0.000000
v -1.610626 -0.641625 0.000000
v -1.605074 -0.642365 0.000000
v -1.599297 -0.642963 0.000000
v -1.593297 -0.643422 0.000000
v -1.587079 -0.643745 0.000000
v -1.580646 -0.643937 0.000000
v -1.574001 -0.644000 0.000000
v -1.302001 -0.644000 0.000000
v -1.326001 -0.602000 0.000000
v -1.328662 -0.596951 0.000000
v -1.331626 -0.591356 0.000000
v -1.334860 -0.585297 0.000000
v -1.338334 -0.578852 0.000000
v -1.342016 -0.572101 0.000000
v -1.345876 -0.565125 0.000000
v -1.349881 -0.558003 0.000000
v -1.354001 -0.550815 0.000000
v -1.358204 -0.543641 0.000000
v -1.362459 -0.536560 0.000000
v -1.366735 -0.529653 0.000000
v -0.204001 -0.460000 0.000000
v -0.201708 -0.474790 0.000000
v -0.199329 -0.489657 0.000000
v -0.196860 -0.504594 0.000000
v -0.194297 -0.519593 0.000000
v -0.191637 -0.534647 0.000000
v -0.188876 -0.549750 0.000000
v -0.186010 -0.564895 0.000000
v -0.183038 -0.580074 0.000000
v -0.179954 -0.595281 0.000000
v -0.176755 -0.610509 0.000000
v -0.173439 -0.625751 0.000000
v -0.170001 -0.641000 0.000000
v 0.098999 -0.641000 0.000000
v 0.098999 -0.713000 0.000000
v -0.153001 -0.713000 0.000000
v -0.138777 -0.765319 0.000000
v -0.123042 -0.817134 0.000000
v -0.105704 -0.868234 0.000000
v -0.086667 -0.918407 0.000000
v -0.065839 -0.967441 0.000000
v -0.043126 -1.015125 0.000000
v -0.018433 -1.061246 0.000000
v 0.008333 -1.105592 0.000000
v 0.037265 -1.147953 0.000000
v 0.068458 -1.188116 0.000000
v 0.102005 -1.225868 0.000000
v 0.137999 -1.261000 0.000000
v 0.133864 -1.264777 0.000000
v 0.129499 -1.269051 0.000000
v 0.124968 -1.273734 0.000000
v 0.120333 -1.278741 0.000000
v 0.115656 -1.283983 0.000000
v 0.110999 -1.289375 0.000000
v 0.106426 -1.294829 0.000000
v 0.101999 -1.300259 0.000000
v 0.097781 -1.305578 0.000000
v 0.093833 -1.310699 0.000000
v 0.090218 -1.315535 0.000000
v 0.086999 -1.320000 0.000000
v 0.058491 -1.292034 0.000000
v 0.031435 -1.262685 0.000000
v 0.005781 -1.232031 0.000000
v -0.018519 -1.200148 0.000000
v -0.041513 -1.167112 0.000000
v -0.063251 -1.133000 0.000000
v -0.083780 -1.097888 0.000000
v -0.103149 -1.061852 0.000000
v -0.121407 -1.024969 0.000000
v -0.138602 -0.987315 0.000000
v -0.154784 -0.948966 0.000000
v -0.170001 -0.910000 0.000000
v -0.170001 -0.977000 0.000000
v -0.394001 -0.977000 0.000000
v -0.394001 -1.278000 0.000000
v -0.066001 -1.278000 0.000000
v -0.066001 -1.351000 0.000000
v -0.783001 -1.351000 0.000000
v -0.783001 -1.278000 0.000000
v -0.470001 -1.278000 0.000000
v -0.470001 -0.977000 0.000000
v -0.738001 -0.977000 0.000000
v -0.738001 -0.905000 0.000000
v -0.172001 -0.905000 0.000000
v -0.177668 -0.889439 0.000000
v -0.183177 -0.873764 0.000000
v -0.188532 -0.857984 0.000000
v -0.193741 -0.842111 0.000000
v -0.198812 -0.826155 0.000000
v -0.203751 -0.810125 0.000000
v -0.208564 -0.794033 0.000000
v -0.213260 -0.777889 0.000000
v -0.217844 -0.761703 0.000000
v -0.222325 -0.745486 0.000000
v -0.226708 -0.729248 0.000000
v -0.231001 -0.713000 0.000000
v -0.764001 -0.713000 0.000000
v -0.764001 -0.641000 0.000000
v -0.248001 -0.641000 0.000000
v -0.251210 -0.626750 0.000000
v -0.254339 -0.612505 0.000000
v -0.257391 -0.598266 0.000000
v -0.260371 -0.584037 0.000000
v -0.263281 -0.569822 0.000000
v -0.266126 -0.555625 0.000000
v -0.268907 -0.541448 0.000000
v -0.271630 -0.527296 0.000000
v -0.274297 -0.513172 0.000000
v -0.276913 -0.499079 0.000000
v -0.279479 -0.485020 0.000000
v -0.282001 -0.471000 0.000000
v 0.788999 -0.473000 -0.000000
v 0.789000 -0.491958 -0.000000
v 0.789008 -0.510829 -0.000000
v 0.789030 -0.529609 -0.000000
v 0.789073 -0.548296 -0.000000
v 0.789144 -0.566886 -0.000000
v 0.789249 -0.585375 -0.000000
v 0.789396 -0.603760 -0.000000
v 0.789592 -0.622037 -0.000000
v 0.789843 -0.640203 -0.000000
v 0.790157 -0.658254 -0.000000
v 0.790540 -0.676188 -0.000000
v 0.790999 -0.694000 -0.000000
v 0.909999 -0.694000 -0.000000
v 0.909999 -0.763000 -0.000000
v 0.792999 -0.763000 -0.000000
v 0.795629 -0.809698 -0.000000
v 0.799120 -0.855250 -0.000000
v 0.803624 -0.899594 -0.000000
v 0.809296 -0.942667 -0.000000
v 0.816286 -0.984406 -0.000000
v 0.824749 -1.024750 -0.000000
v 0.834837 -1.063635 -0.000000
v 0.846703 -1.101000 -0.000000
v 0.860499 -1.136781 -0.000000
v 0.876379 -1.170917 -0.000000
v 0.894495 -1.203344 -0.000000
v 0.914999 -1.234000 -0.000000
v 0.914999 -1.230000 -0.000000
v 1.115999 -1.251000 -0.000000
v 1.115999 -1.171000 -0.000000
v 0.918999 -1.171000 -0.000000
v 0.918999 -1.113000 -0.000000
v 1.115999 -1.113000 -0.000000
v 1.115999 -1.052000 -0.000000
v 0.920999 -1.052000 -0.000000
v 0.920999 -0.753000 -0.000000
v 1.115999 -0.753000 -0.000000
v 1.115999 -0.690000 -0.000000
v 0.901999 -0.690000 -0.000000
v 0.901999 -0.631000 -0.000000
v 1.115999 -0.631000 -0.000000
v 1.115999 -0.557000 -0.000000
v 1.097839 -0.554978 -0.000000
v 1.079883 -0.552907 -0.000000
v 1.062171 -0.550781 -0.000000
v 1.044740 -0.548593 -0.000000
v 1.027628 -0.546334 -0.000000
v 1.010874 -0.544000 -0.000000
v 0.994516 -0.541582 -0.000000
v 0.978592 -0.539074 -0.000000
v 0.963140 -0.536469 -0.000000
v 0.948198 -0.533759 -0.000000
v 0.933805 -0.530939 -0.000000
v 0.919999 -0.528000 -0.000000
v 0.956999 -0.470000 -0.000000
v 0.984559 -0.475872 -0.000000
v 1.014981 -0.481477 -0.000000
v 1.047874 -0.486797 -0.000000
v 1.082851 -0.491815 -0.000000
v 1.119522 -0.496513 -0.000000
v 1.157499 -0.500875 -0.000000
v 1.196393 -0.504882 -0.000000
v 1.235814 -0.508518 -0.000000
v 1.275374 -0.511765 -0.000000
v 1.314685 -0.514606 -0.000000
v 1.353356 -0.517024 -0.000000
v 1.390999 -0.519000 -0.000000
v 1.389232 -0.523157 -0.000000
v 1.387444 -0.527593 -0.000000
v 1.385656 -0.532250 -0.000000
v 1.383888 -0.537074 -0.000000
v 1.382163 -0.542009 -0.000000
v 1.380499 -0.547000 -0.000000
v 1.378919 -0.551991 -0.000000
v 1.377444 -0.556926 -0.000000
v 1.376093 -0.561750 -0.000000
v 1.374888 -0.566407 -0.000000
v 1.373850 -0.570843 -0.000000
v 1.372999 -0.575000 -0.000000
v 1.358128 -0.574459 -0.000000
v 1.343032 -0.573838 -0.000000
v 1.327734 -0.573141 -0.000000
v 1.312258 -0.572370 -0.000000
v 1.296631 -0.571531 -0.000000
v 1.280874 -0.570625 -0.000000
v 1.265014 -0.569657 -0.000000
v 1.249073 -0.568630 -0.000000
v 1.233077 -0.567547 -0.000000
v 1.217050 -0.566412 -0.000000
v 1.201016 -0.565228 -0.000000
v 1.184999 -0.564000 -0.000000
v 1.184999 -0.631000 -0.000000
v 1.401999 -0.631000 -0.000000
v 1.401999 -0.690000 -0.000000
v 1.184999 -0.690000 -0.000000
v 1.184999 -0.753000 -0.000000
v 1.371999 -0.753000 -0.000000
v 1.371999 -1.052000 -0.000000
v 1.184999 -1.052000 -0.000000
v 1.184999 -1.113000 -0.000000
v 1.374999 -1.113000 -0.000000
v 1.374999 -1.171000 -0.000000
v 1.184999 -1.171000 -0.000000
v 1.184999 -1.258000 -0.000000
v 1.401999 -1.278000 -0.000000
v 1.391999 -1.344000 -0.000000
v 1.362880 -1.340878 -0.000000
v 1.332129 -1.337528 -0.000000
v 1.299906 -1.333969 -0.000000
v 1.266370 -1.330222 -0.000000
v 1.231681 -1.326309 -0.000000
v 1.195999 -1.322250 -0.000000
v 1.159484 -1.318066 -0.000000
v 1.122296 -1.313778 -0.000000
v 1.084593 -1.309406 -0.000000
v 1.046536 -1.304972 -0.000000
v 1.008285 -1.300497 -0.000000
v 0.969999 -1.296000 -0.000000
v 0.973290 -1.298999 -0.000000
v 0.976657 -1.301995 -0.000000
v 0.980093 -1.304984 -0.000000
v 0.983592 -1.307963 -0.000000
v 0.987146 -1.310928 -0.000000
v 0.990749 -1.313875 -0.000000
v 0.994394 -1.316802 -0.000000
v 0.998073 -1.319704 -0.000000
v 1.001781 -1.322578 -0.000000
v 1.005509 -1.325421 -0.000000
v 1.009251 -1.328230 -0.000000
v 1.012999 -1.331000 -0.000000
v 1.008346 -1.334259 -0.000000
v 1.003439 -1.337986 -0.000000
v 0.998359 -1.342109 -0.000000
v 0.993185 -1.346555 -0.000000
v 0.987996 -1.351252 -0.000000
v 0.982874 -1.356125 -0.000000
v 0.977898 -1.361102 -0.000000
v 0.973147 -1.366111 -0.000000
v 0.968702 -1.371078 -0.000000
v 0.964643 -1.375930 -0.000000
v 0.961048 -1.380595 -0.000000
v 0.957999 -1.385000 -0.000000
v 0.915982 -1.349940 -0.000000
v 0.879194 -1.311357 -0.000000
v 0.847281 -1.269391 -0.000000
v 0.819888 -1.224185 -0.000000
v 0.796662 -1.175883 -0.000000
v 0.777249 -1.124625 -0.000000
v 0.761294 -1.070555 -0.000000
v 0.748444 -1.013815 -0.000000
v 0.738343 -0.954547 -0.000000
v 0.730638 -0.892894 -0.000000
v 0.724975 -0.828997 -0.000000
v 0.720999 -0.763000 -0.000000
v 0.578999 -0.763000 -0.000000
v 0.581547 -0.849721 -0.000000
v 0.584212 -0.927185 -0.000000
v 0.587030 -0.995844 -0.000000
v 0.590036 -1.056148 -0.000000
v 0.593264 -1.108550 -0.000000
v 0.596749 -1.153500 -0.000000
v 0.600526 -1.191450 -0.000000
v 0.604629 -1.222852 0.000000
v 0.609093 -1.248156 0.000000
v 0.613953 -1.267815 0.000000
v 0.619243 -1.282279 0.000000
v 0.624999 -1.292000 0.000000
v 0.627273 -1.295026 0.000000
v 0.629606 -1.297625 0.000000
v 0.632015 -1.299828 0.000000
v 0.634518 -1.301667 0.000000
v 0.637132 -1.303172 0.000000
v 0.639874 -1.304375 0.000000
v 0.642763 -1.305307 0.000000
v 0.645814 -1.306000 0.000000
v 0.649046 -1.306484 0.000000
v 0.652476 -1.306792 0.000000
v 0.656121 -1.306953 -0.000000
v 0.659999 -1.307000 -0.000000
v 0.665278 -1.306998 -0.000000
v 0.671564 -1.306981 -0.000000
v 0.678781 -1.306937 -0.000000
v 0.686851 -1.306852 -0.000000
v 0.695700 -1.306711 -0.000000
v 0.705249 -1.306500 -0.000000
v 0.715424 -1.306206 -0.000000
v 0.726147 -1.305815 -0.000000
v 0.737343 -1.305313 -0.000000
v 0.748934 -1.304685 -0.000000
v 0.760845 -1.303919 -0.000000
v 0.772999 -1.303000 -0.000000
v 0.770084 -1.308217 -0.000000
v 0.767342 -1.313819 -0.000000
v 0.764781 -1.319734 -0.000000
v 0.762407 -1.325889 -0.000000
v 0.760227 -1.332210 -0.000000
v 0.758249 -1.338625 -0.000000
v 0.756480 -1.345061 -0.000000
v 0.754925 -1.351444 -0.000000
v 0.753593 -1.357703 -0.000000
v 0.752490 -1.363764 -0.000000
v 0.751623 -1.369554 -0.000000
v 0.750999 -1.375000 -0.000000
v 0.739260 -1.375477 -0.000000
v 0.727583 -1.375898 -0.000000
v 0.716031 -1.376250 -0.000000
v 0.704666 -1.376518 -0.000000
v 0.693551 -1.376690 -0.000000
v 0.682749 -1.376750 0.000000
v 0.672322 -1.376685 0.000000
v 0.662333 -1.376481 0.000000
v 0.652843 -1.376125 0.000000
v 0.643916 -1.375602 0.000000
v 0.635614 -1.374898 0.000000
v 0.627999 -1.374000 0.000000
v 0.620704 -1.373138 0.000000
v 0.613800 -1.372018 0.000000
v 0.607265 -1.370594 0.000000
v 0.601073 -1.368815 0.000000
v 0.595201 -1.366633 0.000000
v 0.589624 -1.364000 0.000000
v 0.584318 -1.360867 0.000000
v 0.579259 -1.357185 0.000000
v 0.574421 -1.352906 0.000000
v 0.569782 -1.347981 0.000000
v 0.565316 -1.342362 0.000000
v 0.560999 -1.336000 0.000000
v 0.552985 -1.323351 0.000000
v 0.545883 -1.305977 0.000000
v 0.539609 -1.283234 0.000000
v 0.534073 -1.254481 0.000000
v 0.529191 -1.219076 0.000000
v 0.524874 -1.176375 0.000000
v 0.521037 -1.125737 0.000000
v 0.517592 -1.066519 0.000000
v 0.514452 -0.998078 -0.000000
v 0.511532 -0.919773 -0.000000
v 0.508743 -0.830961 -0.000000
v 0.505999 -0.731000 -0.000000
v 0.505999 -0.728381 -0.000000
v 0.505999 -0.725134 -0.000000
v 0.505999 -0.721422 -0.000000
v 0.505999 -0.717407 -0.000000
v 0.505999 -0.713254 -0.000000
v 0.505999 -0.709125 -0.000000
v 0.505999 -0.705183 -0.000000
v 0.505999 -0.701593 -0.000000
v 0.505999 -0.698516 -0.000000
v 0.505999 -0.696116 -0.000000
v 0.505999 -0.694556 -0.000000
v 0.505999 -0.694000 -0.000000
v 0.718999 -0.694000 -0.000000
v 0.718520 -0.676188 -0.000000
v 0.718083 -0.658255 -0.000000
v 0.717687 -0.640203 -0.000000
v 0.717333 -0.622037 -0.000000
v 0.717020 -0.603760 -0.000000
v 0.716749 -0.585375 -0.000000
v 0.716520 -0.566886 -0.000000
v 0.716333 -0.548296 -0.000000
v 0.716187 -0.529609 -0.000000
v 0.716083 -0.510829 -0.000000
v 0.716020 -0.491958 -0.000000
v 0.715999 -0.473000 -0.000000
v 1.309999 -0.927000 -0.000000
v 1.184999 -0.927000 -0.000000
v 1.184999 -1.000000 -0.000000
v 1.309999 -1.000000 -0.000000
v 1.115999 -0.927000 -0.000000
v 0.984999 -0.927000 -0.000000
v 0.984999 -1.000000 -0.000000
v 1.115999 -1.000000 -0.000000
v 1.309999 -0.805000 -0.000000
v 1.184999 -0.805000 -0.000000
v 1.184999 -0.877000 -0.000000
v 1.309999 -0.877000 -0.000000
v 1.115999 -0.805000 -0.000000
v 0.984999 -0.805000 -0.000000
v 0.984999 -0.877000 -0.000000
v 1.115999 -0.877000 -0.000000
v 2.103999 -0.469000 -0.000000
v 2.121732 -0.476704 -0.000000
v 2.141282 -0.484296 -0.000000
v 2.162421 -0.491750 -0.000000
v 2.184925 -0.499037 -0.000000
v 2.208568 -0.506130 -0.000000
v 2.233124 -0.513000 -0.000000
v 2.258368 -0.519620 -0.000000
v 2.284073 -0.525963 -0.000000
v 2.310015 -0.532000 -0.000000
v 2.335967 -0.537704 -0.000000
v 2.361704 -0.543046 -0.000000
v 2.386999 -0.548000 -0.000000
v 2.384733 -0.552407 -0.000000
v 2.382453 -0.557088 -0.000000
v 2.380187 -0.561984 -0.000000
v 2.377963 -0.567037 -0.000000
v 2.375808 -0.572187 -0.000000
v 2.373750 -0.577375 -0.000000
v 2.371817 -0.582542 -0.000000
v 2.370037 -0.587630 -0.000000
v 2.368437 -0.592578 -0.000000
v 2.367046 -0.597329 -0.000000
v 2.365891 -0.601822 -0.000000
v 2.364999 -0.606000 -0.000000
v 2.355438 -0.604479 -0.000000
v 2.345763 -0.602912 -0.000000
v 2.335984 -0.601297 -0.000000
v 2.326111 -0.599630 -0.000000
v 2.316154 -0.597907 -0.000000
v 2.306124 -0.596125 -0.000000
v 2.296032 -0.594281 -0.000000
v 2.285888 -0.592370 -0.000000
v 2.275703 -0.590391 -0.000000
v 2.265486 -0.588338 -0.000000
v 2.255248 -0.586209 -0.000000
v 2.244999 -0.584000 -0.000000
v 2.244999 -0.747000 -0.000000
v 2.396999 -0.747000 -0.000000
v 2.396999 -0.817000 -0.000000
v 2.259999 -0.817000 -0.000000
v 2.269253 -0.845810 -0.000000
v 2.279448 -0.875065 -0.000000
v 2.290483 -0.904500 -0.000000
v 2.302258 -0.933852 -0.000000
v 2.314672 -0.962856 -0.000000
v 2.327624 -0.991250 -0.000000
v 2.341013 -1.018768 -0.000000
v 2.354739 -1.045148 -0.000000
v 2.368702 -1.070125 -0.000000
v 2.382799 -1.093435 -0.000000
v 2.396932 -1.114815 -0.000000
v 2.410999 -1.134000 -0.000000
v 2.407884 -1.138738 -0.000000
v 2.404573 -1.143903 -0.000000
v 2.401124 -1.149422 -0.000000
v 2.397592 -1.155222 -0.000000
v 2.394032 -1.161231 -0.000000
v 2.390500 -1.167375 -0.000000
v 2.387051 -1.173582 -0.000000
v 2.383740 -1.179778 -0.000000
v 2.380625 -1.185891 -0.000000
v 2.377759 -1.191847 -0.000000
v 2.375199 -1.197575 -0.000000
v 2.372999 -1.203000 -0.000000
v 2.361505 -1.186459 -0.000000
v 2.350045 -1.168426 -0.000000
v 2.338655 -1.149031 -0.000000
v 2.327370 -1.128407 -0.000000
v 2.316223 -1.106686 -0.000000
v 2.305249 -1.084000 -0.000000
v 2.294484 -1.060480 -0.000000
v 2.283962 -1.036259 -0.000000
v 2.273718 -1.011469 -0.000000
v 2.263786 -0.986241 -0.000000
v 2.254202 -0.960707 -0.000000
v 2.244999 -0.935000 -0.000000
v 2.244999 -1.381000 -0.000000
v 2.174999 -1.381000 -0.000000
v 2.174999 -0.920000 -0.000000
v 2.167640 -0.931497 -0.000000
v 2.160124 -0.943393 -0.000000
v 2.152546 -0.955547 -0.000000
v 2.144999 -0.967815 -0.000000
v 2.137577 -0.980055 -0.000000
v 2.130374 -0.992125 -0.000000
v 2.123484 -1.003882 -0.000000
v 2.116999 -1.015185 -0.000000
v 2.111015 -1.025891 -0.000000
v 2.105624 -1.035856 -0.000000
v 2.100921 -1.044940 -0.000000
v 2.096999 -1.053000 -0.000000
v 2.052999 -0.993000 -0.000000
v 2.058703 -0.985272 -0.000000
v 2.066550 -0.974930 -0.000000
v 2.076140 -0.962484 -0.000000
v 2.087073 -0.948444 -0.000000
v 2.098951 -0.933321 -0.000000
v 2.111374 -0.917625 -0.000000
v 2.123943 -0.901866 -0.000000
v 2.136259 -0.886555 -0.000000
v 2.147921 -0.872203 -0.000000
v 2.158532 -0.859319 -0.000000
v 2.167691 -0.848415 -0.000000
v 2.174999 -0.840000 -0.000000
v 2.174999 -0.817000 -0.000000
v 2.051999 -0.817000 -0.000000
v 2.051999 -0.747000 -0.000000
v 2.174999 -0.747000 -0.000000
v 2.174999 -0.567000 -0.000000
v 2.164294 -0.564209 -0.000000
v 2.153689 -0.561338 -0.000000
v 2.143203 -0.558391 -0.000000
v 2.132851 -0.555370 -0.000000
v 2.122653 -0.552281 -0.000000
v 2.112624 -0.549125 -0.000000
v 2.102783 -0.545907 -0.000000
v 2.093148 -0.542630 -0.000000
v 2.083734 -0.539297 -0.000000
v 2.074560 -0.535912 -0.000000
v 2.065642 -0.532479 -0.000000
v 2.056999 -0.529000 -0.000000
v 1.932999 -0.711000 -0.000000
v 1.924674 -0.716160 -0.000000
v 1.916231 -0.721616 -0.000000
v 1.907718 -0.727328 -0.000000
v 1.899184 -0.733259 -0.000000
v 1.890679 -0.739371 -0.000000
v 1.882249 -0.745625 -0.000000
v 1.873945 -0.751983 -0.000000
v 1.865814 -0.758407 -0.000000
v 1.857906 -0.764859 -0.000000
v 1.850268 -0.771301 -0.000000
v 1.842950 -0.777694 -0.000000
v 1.835999 -0.784000 -0.000000
v 1.853432 -0.793292 -0.000000
v 1.871208 -0.802167 -0.000000
v 1.889296 -0.810625 -0.000000
v 1.907666 -0.818667 -0.000000
v 1.926286 -0.826292 -0.000000
v 1.945124 -0.833500 -0.000000
v 1.964150 -0.840292 -0.000000
v 1.983333 -0.846667 -0.000000
v 2.002640 -0.852625 -0.000000
v 2.022041 -0.858167 -0.000000
v 2.041505 -0.863292 -0.000000
v 2.060999 -0.868000 -0.000000
v 2.057654 -0.871948 -0.000000
v 2.054152 -0.876255 -0.000000
v 2.050546 -0.880859 -0.000000
v 2.046888 -0.885704 -0.000000
v 2.043230 -0.890729 -0.000000
v 2.039624 -0.895875 -0.000000
v 2.036123 -0.901084 -0.000000
v 2.032777 -0.906296 -0.000000
v 2.029640 -0.911453 -0.000000
v 2.026763 -0.916495 -0.000000
v 2.024199 -0.921364 -0.000000
v 2.021999 -0.926000 -0.000000
v 1.972183 -0.911609 -0.000000
v 1.922971 -0.894870 -0.000000
v 1.874718 -0.875687 -0.000000
v 1.827777 -0.853963 -0.000000
v 1.782503 -0.829599 -0.000000
v 1.739249 -0.802500 -0.000000
v 1.698371 -0.772567 -0.000000
v 1.660221 -0.739704 -0.000000
v 1.625155 -0.703812 -0.000000
v 1.593527 -0.664796 -0.000000
v 1.565690 -0.622558 -0.000000
v 1.541999 -0.577000 -0.000000
v 1.589999 -0.553000 -0.000000
v 1.602999 -0.556000 -0.000000
v 1.790999 -0.556000 -0.000000
v 1.785291 -0.549250 -0.000000
v 1.779670 -0.542500 -0.000000
v 1.774140 -0.535750 -0.000000
v 1.768703 -0.529000 -0.000000
v 1.763363 -0.522250 -0.000000
v 1.758124 -0.515500 -0.000000
v 1.752989 -0.508750 -0.000000
v 1.747962 -0.502000 -0.000000
v 1.743046 -0.495250 -0.000000
v 1.738245 -0.488500 -0.000000
v 1.733561 -0.481750 -0.000000
v 1.728999 -0.475000 -0.000000
v 1.805999 -0.460000 -0.000000
v 1.818161 -0.478709 -0.000000
v 1.832124 -0.497755 -0.000000
v 1.847859 -0.517016 -0.000000
v 1.865333 -0.536370 -0.000000
v 1.884515 -0.555697 -0.000000
v 1.905374 -0.574875 -0.000000
v 1.927879 -0.593782 -0.000000
v 1.951999 -0.612296 -0.000000
v 1.977702 -0.630297 -0.000000
v 2.004957 -0.647662 -0.000000
v 2.033733 -0.664270 -0.000000
v 2.063999 -0.680000 -0.000000
v 2.059864 -0.682799 -0.000000
v 2.055499 -0.686139 -0.000000
v 2.050968 -0.689937 -0.000000
v 2.046333 -0.694111 -0.000000
v 2.041656 -0.698576 -0.000000
v 2.036999 -0.703250 -0.000000
v 2.032427 -0.708049 -0.000000
v 2.027999 -0.712889 -0.000000
v 2.023781 -0.717687 -0.000000
v 2.019833 -0.722361 -0.000000
v 2.016218 -0.726826 -0.000000
v 2.012999 -0.731000 -0.000000
v 1.997936 -0.722647 -0.000000
v 1.983240 -0.714097 -0.000000
v 1.968906 -0.705359 -0.000000
v 1.954925 -0.696444 -0.000000
v 1.941292 -0.687363 -0.000000
v 1.927999 -0.678125 -0.000000
v 1.915040 -0.668741 -0.000000
v 1.902407 -0.659222 -0.000000
v 1.890093 -0.649578 -0.000000
v 1.878092 -0.639819 -0.000000
v 1.866396 -0.629957 -0.000000
v 1.854999 -0.620000 -0.000000
v 1.645999 -0.620000 -0.000000
v 1.654267 -0.632105 -0.000000
v 1.663055 -0.643921 -0.000000
v 1.672343 -0.655453 -0.000000
v 1.682110 -0.666704 -0.000000
v 1.692336 -0.677676 -0.000000
v 1.702999 -0.688375 -0.000000
v 1.714079 -0.698803 -0.000000
v 1.725555 -0.708963 -0.000000
v 1.737406 -0.718859 -0.000000
v 1.749610 -0.728495 -0.000000
v 1.762149 -0.737874 -0.000000
v 1.774999 -0.747000 -0.000000
v 1.782469 -0.740675 -0.000000
v 1.790337 -0.734231 -0.000000
v 1.798546 -0.727719 -0.000000
v 1.807036 -0.721185 -0.000000
v 1.815749 -0.714679 -0.000000
v 1.824624 -0.708250 -0.000000
v 1.833604 -0.701946 -0.000000
v 1.842629 -0.695815 -0.000000
v 1.851640 -0.689906 -0.000000
v 1.860578 -0.684269 -0.000000
v 1.869384 -0.678950 -0.000000
v 1.877999 -0.674000 -0.000000
v 1.884999 -1.106000 -0.000000
v 1.875156 -1.112469 -0.000000
v 1.865166 -1.119338 -0.000000
v 1.855093 -1.126547 -0.000000
v 1.844999 -1.134037 -0.000000
v 1.834947 -1.141749 -0.000000
v 1.824999 -1.149625 -0.000000
v 1.815218 -1.157605 -0.000000
v 1.805666 -1.165630 -0.000000
v 1.796406 -1.173641 -0.000000
v 1.787499 -1.181579 -0.000000
v 1.779010 -1.189385 -0.000000
v 1.770999 -1.197000 -0.000000
v 1.794116 -1.212064 -0.000000
v 1.817930 -1.226259 -0.000000
v 1.842390 -1.239594 -0.000000
v 1.867444 -1.252074 -0.000000
v 1.893039 -1.263707 -0.000000
v 1.919124 -1.274500 -0.000000
v 1.945647 -1.284459 -0.000000
v 1.972555 -1.293593 -0.000000
v 1.999796 -1.301906 -0.000000
v 2.027319 -1.309407 -0.000000
v 2.055070 -1.316103 -0.000000
v 2.082999 -1.322000 -0.000000
v 2.079654 -1.326218 -0.000000
v 2.076152 -1.330829 -0.000000
v 2.072546 -1.335766 -0.000000
v 2.068888 -1.340963 -0.000000
v 2.065230 -1.346355 -0.000000
v 2.061624 -1.351875 -0.000000
v 2.058123 -1.357458 -0.000000
v 2.054777 -1.363037 -0.000000
v 2.051640 -1.368547 -0.000000
v 2.048763 -1.373921 -0.000000
v 2.046199 -1.379094 -0.000000
v 2.043999 -1.384000 -0.000000
v 1.982813 -1.367984 -0.000000
v 1.923013 -1.348792 -0.000000
v 1.864984 -1.326203 -0.000000
v 1.809110 -1.300000 -0.000000
v 1.755779 -1.269964 -0.000000
v 1.705374 -1.235875 -0.000000
v 1.658282 -1.197516 -0.000000
v 1.614888 -1.154667 -0.000000
v 1.575577 -1.107109 -0.000000
v 1.540735 -1.054625 -0.000000
v 1.510747 -0.996995 -0.000000
v 1.485999 -0.934000 -0.000000
v 1.534999 -0.912000 -0.000000
v 1.547999 -0.915000 -0.000000
v 1.721999 -0.915000 -0.000000
v 1.716831 -0.908730 -0.000000
v 1.711819 -0.902421 -0.000000
v 1.706952 -0.896078 -0.000000
v 1.702221 -0.889704 -0.000000
v 1.697616 -0.883301 -0.000000
v 1.693124 -0.876875 -0.000000
v 1.688737 -0.870428 -0.000000
v 1.684444 -0.863963 -0.000000
v 1.680233 -0.857484 -0.000000
v 1.676096 -0.850995 -0.000000
v 1.672022 -0.844499 -0.000000
v 1.667999 -0.838000 -0.000000
v 1.744999 -0.823000 -0.000000
v 1.758620 -0.845724 -0.000000
v 1.774467 -0.868796 -0.000000
v 1.792515 -0.892062 -0.000000
v 1.812740 -0.915370 -0.000000
v 1.835118 -0.938567 -0.000000
v 1.859624 -0.961500 -0.000000
v 1.886235 -0.984016 -0.000000
v 1.914925 -1.005963 -0.000000
v 1.945671 -1.027187 -0.000000
v 1.978448 -1.047537 -0.000000
v 2.013232 -1.066859 -0.000000
v 2.049999 -1.085000 -0.000000
v 2.045674 -1.088028 -0.000000
v 2.041231 -1.091560 -0.000000
v 2.036718 -1.095516 -0.000000
v 2.032185 -1.099815 -0.000000
v 2.027679 -1.104378 -0.000000
v 2.023249 -1.109125 -0.000000
v 2.018945 -1.113976 -0.000000
v 2.014814 -1.118852 -0.000000
v 2.010906 -1.123672 -0.000000
v 2.007268 -1.128356 -0.000000
v 2.003949 -1.132826 -0.000000
v 2.000999 -1.137000 -0.000000
v 1.979081 -1.125565 -0.000000
v 1.957823 -1.113773 -0.000000
v 1.937218 -1.101641 -0.000000
v 1.917259 -1.089185 -0.000000
v 1.897938 -1.076424 -0.000000
v 1.879249 -1.063375 -0.000000
v 1.861186 -1.050055 -0.000000
v 1.843740 -1.036481 -0.000000
v 1.826905 -1.022672 -0.000000
v 1.810675 -1.008643 -0.000000
v 1.795042 -0.994414 -0.000000
v 1.779999 -0.980000 -0.000000
v 1.582999 -0.980000 -0.000000
v 1.591268 -0.996792 -0.000000
v 1.600069 -1.013167 -0.000000
v 1.609390 -1.029125 -0.000000
v 1.619221 -1.044667 -0.000000
v 1.629553 -1.059792 -0.000000
v 1.640374 -1.074500 -0.000000
v 1.651675 -1.088792 -0.000000
v 1.663444 -1.102667 -0.000000
v 1.675671 -1.116125 -0.000000
v 1.688346 -1.129167 -0.000000
v 1.701459 -1.141792 -0.000000
v 1.714999 -1.154000 -0.000000
v 1.723010 -1.146445 -0.000000
v 1.731499 -1.138810 -0.000000
v 1.740405 -1.131140 -0.000000
v 1.749666 -1.123481 -0.000000
v 1.759218 -1.115878 -0.000000
v 1.768999 -1.108375 -0.000000
v 1.778947 -1.101018 -0.000000
v 1.788999 -1.093852 -0.000000
v 1.799093 -1.086922 -0.000000
v 1.809166 -1.080273 -0.000000
v 1.819155 -1.073951 -0.000000
v 1.828999 -1.068000 -0.000000
v 3.403999 -0.687000 -0.000000
v 3.390195 -0.692277 -0.000000
v 3.375902 -0.698051 -0.000000
v 3.361296 -0.704234 -0.000000
v 3.346555 -0.710741 -0.000000
v 3.331855 -0.717483 -0.000000
v 3.317374 -0.724375 -0.000000
v 3.303289 -0.731329 -0.000000
v 3.289777 -0.738259 -0.000000
v 3.277015 -0.745078 -0.000000
v 3.265180 -0.751699 -0.000000
v 3.254449 -0.758035 -0.000000
v 3.244999 -0.764000 -0.000000
v 3.206999 -0.706000 -0.000000
v 3.216698 -0.700115 -0.000000
v 3.227670 -0.694005 -0.000000
v 3.239733 -0.687734 -0.000000
v 3.252703 -0.681370 -0.000000
v 3.266394 -0.674979 -0.000000
v 3.280624 -0.668625 -0.000000
v 3.295208 -0.662376 -0.000000
v 3.309962 -0.656296 -0.000000
v 3.324702 -0.650453 -0.000000
v 3.339244 -0.644912 -0.000000
v 3.353405 -0.639739 -0.000000
v 3.366999 -0.635000 -0.000000
v 3.328999 -0.517000 -0.000000
v 3.315195 -0.522758 -0.000000
v 3.300897 -0.528981 -0.000000
v 3.286280 -0.535594 -0.000000
v 3.271518 -0.542518 -0.000000
v 3.256783 -0.549679 -0.000000
v 3.242249 -0.557000 -0.000000
v 3.228091 -0.564404 -0.000000
v 3.214481 -0.571815 -0.000000
v 3.201593 -0.579156 -0.000000
v 3.189601 -0.586352 -0.000000
v 3.178679 -0.593325 -0.000000
v 3.168999 -0.600000 -0.000000
v 3.129999 -0.541000 -0.000000
v 3.139679 -0.534826 -0.000000
v 3.150606 -0.528356 -0.000000
v 3.162609 -0.521672 -0.000000
v 3.175518 -0.514852 -0.000000
v 3.189163 -0.507976 -0.000000
v 3.203374 -0.501125 -0.000000
v 3.217981 -0.494378 -0.000000
v 3.232814 -0.487815 -0.000000
v 3.247702 -0.481516 -0.000000
v 3.262476 -0.475560 -0.000000
v 3.276965 -0.470028 -0.000000
v 3.290999 -0.465000 -0.000000
v 3.376999 -1.005000 -0.000000
v 3.324999 -1.063000 -0.000000
v 3.309404 -1.046491 -0.000000
v 3.293652 -1.029514 -0.000000
v 3.277796 -1.012141 -0.000000
v 3.261888 -0.994444 -0.000000
v 3.245980 -0.976498 -0.000000
v 3.230124 -0.958375 -0.000000
v 3.214373 -0.940147 -0.000000
v 3.198777 -0.921889 -0.000000
v 3.183390 -0.903672 -0.000000
v 3.168263 -0.885569 -0.000000
v 3.153449 -0.867654 -0.000000
v 3.138999 -0.850000 -0.000000
v 3.179999 -0.800000 -0.000000
v 3.196289 -0.818872 -0.000000
v 3.213064 -0.837893 -0.000000
v 3.230187 -0.856922 -0.000000
v 3.247518 -0.875815 -0.000000
v 3.264918 -0.894430 -0.000000
v 3.282249 -0.912625 -0.000000
v 3.299372 -0.930257 -0.000000
v 3.316148 -0.947185 -0.000000
v 3.332437 -0.963266 -0.000000
v 3.348101 -0.978356 -0.000000
v 3.363002 -0.992315 -0.000000
v 2.984999 -1.043000 -0.000000
v 2.984999 -1.115000 -0.000000
v 3.390999 -1.115000 -0.000000
v 3.390999 -1.184000 -0.000000
v 2.984999 -1.184000 -0.000000
v 2.984999 -1.381000 -0.000000
v 2.907999 -1.381000 -0.000000
v 2.907999 -1.184000 -0.000000
v 2.492999 -1.184000 -0.000000
v 2.492999 -1.115000 -0.000000
v 2.907999 -1.115000 -0.000000
v 2.907999 -1.043000 -0.000000
v 2.862999 -0.484000 -0.000000
v 2.859711 -0.490369 -0.000000
v 2.856360 -0.496954 -0.000000
v 2.852968 -0.503719 -0.000000
v 2.849555 -0.510630 -0.000000
v 2.846141 -0.517651 -0.000000
v 2.842749 -0.524750 -0.000000
v 2.839398 -0.531890 -0.000000
v 2.836110 -0.539037 -0.000000
v 2.832905 -0.546156 -0.000000
v 2.829804 -0.553213 -0.000000
v 2.826829 -0.560172 -0.000000
v 2.823999 -0.567000 -0.000000
v 2.984999 -0.567000 -0.000000
v 2.980521 -0.559499 -0.000000
v 2.976092 -0.551995 -0.000000
v 2.971718 -0.544484 -0.000000
v 2.967407 -0.536963 -0.000000
v 2.963165 -0.529428 -0.000000
v 2.958999 -0.521875 -0.000000
v 2.954917 -0.514301 -0.000000
v 2.950925 -0.506704 -0.000000
v 2.947031 -0.499078 -0.000000
v 2.943240 -0.491421 -0.000000
v 2.939561 -0.483730 -0.000000
v 2.935999 -0.476000 -0.000000
v 3.006999 -0.454000 -0.000000
v 3.018610 -0.478940 -0.000000
v 3.031388 -0.503685 -0.000000
v 3.045249 -0.528125 -0.000000
v 3.060110 -0.552148 -0.000000
v 3.075888 -0.575643 -0.000000
v 3.092499 -0.598500 -0.000000
v 3.109860 -0.620606 -0.000000
v 3.127888 -0.641852 -0.000000
v 3.146499 -0.662125 -0.000000
v 3.165611 -0.681315 -0.000000
v 3.185138 -0.699310 -0.000000
v 3.204999 -0.716000 -0.000000
v 3.200267 -0.718777 -0.000000
v 3.195138 -0.722051 -0.000000
v 3.189718 -0.725734 -0.000000
v 3.184110 -0.729741 -0.000000
v 3.178419 -0.733983 -0.000000
v 3.172749 -0.738375 -0.000000
v 3.167204 -0.742829 -0.000000
v 3.161888 -0.747259 -0.000000
v 3.156905 -0.751578 -0.000000
v 3.152360 -0.755699 -0.000000
v 3.148357 -0.759535 -0.000000
v 3.144999 -0.763000 -0.000000
v 3.140000 -0.758458 -0.000000
v 3.135004 -0.753833 -0.000000
v 3.130015 -0.749125 -0.000000
v 3.125036 -0.744333 -0.000000
v 3.120072 -0.739458 -0.000000
v 3.115124 -0.734500 -0.000000
v 3.110198 -0.729458 -0.000000
v 3.105296 -0.724333 -0.000000
v 3.100421 -0.719125 -0.000000
v 3.095578 -0.713833 -0.000000
v 3.090770 -0.708458 -0.000000
v 3.085999 -0.703000 -0.000000
v 3.085999 -1.060000 -0.000000
v 3.012999 -1.060000 -0.000000
v 3.012999 -1.016000 -0.000000
v 2.520999 -1.016000 -0.000000
v 2.520999 -0.954000 -0.000000
v 2.759999 -0.954000 -0.000000
v 2.759999 -0.878000 -0.000000
v 2.566999 -0.878000 -0.000000
v 2.566999 -0.826000 -0.000000
v 2.759999 -0.826000 -0.000000
v 2.759999 -0.752000 -0.000000
v 2.568999 -0.752000 -0.000000
v 2.568999 -0.701000 -0.000000
v 2.759999 -0.701000 -0.000000
v 2.759999 -0.627000 -0.000000
v 2.536999 -0.627000 -0.000000
v 2.536999 -0.567000 -0.000000
v 2.739999 -0.567000 -0.000000
v 2.743390 -0.559283 -0.000000
v 2.747041 -0.551180 -0.000000
v 2.750921 -0.542766 -0.000000
v 2.754999 -0.534111 -0.000000
v 2.759244 -0.525290 -0.000000
v 2.763624 -0.516375 -0.000000
v 2.768109 -0.507439 -0.000000
v 2.772666 -0.498555 -0.000000
v 2.777265 -0.489797 -0.000000
v 2.781874 -0.481236 -0.000000
v 2.786463 -0.472946 -0.000000
v 2.790999 -0.465000 -0.000000
v 2.830999 -0.954000 -0.000000
v 3.012999 -0.954000 -0.000000
v 3.012999 -0.878000 -0.000000
v 2.830999 -0.878000 -0.000000
v 2.830999 -0.752000 -0.000000
v 2.830999 -0.826000 -0.000000
v 3.012999 -0.826000 -0.000000
v 3.012999 -0.752000 -0.000000
v 2.830999 -0.701000 -0.000000
v 3.012999 -0.701000 -0.000000
v 3.012999 -0.627000 -0.000000
v 2.830999 -0.627000 -0.000000
v 4.015999 -0.501000 -0.000000
v 4.015999 -0.568000 -0.000000
v 3.848999 -0.568000 -0.000000
v 3.854595 -0.590646 -0.000000
v 3.861518 -0.612088 -0.000000
v 3.869968 -0.632328 -0.000000
v 3.880148 -0.651370 -0.000000
v 3.892258 -0.669218 -0.000000
v 3.906500 -0.685875 -0.000000
v 3.923075 -0.701344 -0.000000
v 3.942185 -0.715630 -0.000000
v 3.964031 -0.728734 -0.000000
v 3.988815 -0.740662 -0.000000
v 4.016737 -0.751416 -0.000000
v 4.047999 -0.761000 -0.000000
v 4.044175 -0.764298 -0.000000
v 4.040236 -0.768134 -0.000000
v 4.036234 -0.772422 -0.000000
v 4.032222 -0.777074 -0.000000
v 4.028251 -0.782004 -0.000000
v 4.024374 -0.787125 -0.000000
v 4.020644 -0.792350 -0.000000
v 4.017111 -0.797592 -0.000000
v 4.013828 -0.802765 -0.000000
v 4.010847 -0.807782 -0.000000
v 4.008220 -0.812556 -0.000000
v 4.005999 -0.817000 -0.000000
v 3.969944 -0.804538 -0.000000
v 3.937638 -0.790639 -0.000000
v 3.908874 -0.775281 -0.000000
v 3.883444 -0.758444 -0.000000
v 3.861138 -0.740108 -0.000000
v 3.841749 -0.720250 -0.000000
v 3.825069 -0.698851 -0.000000
v 3.810888 -0.675889 -0.000000
v 3.798999 -0.651344 -0.000000
v 3.789194 -0.625194 -0.000000
v 3.781263 -0.597420 -0.000000
v 3.774999 -0.568000 -0.000000
v 3.595999 -0.568000 -0.000000
v 3.597753 -0.590601 -0.000000
v 3.599527 -0.610972 -0.000000
v 3.601343 -0.629219 -0.000000
v 3.603222 -0.645444 -0.000000
v 3.605183 -0.659753 -0.000000
v 3.607249 -0.672250 -0.000000
v 3.609440 -0.683038 -0.000000
v 3.611777 -0.692222 -0.000000
v 3.614280 -0.699906 -0.000000
v 3.616971 -0.706194 -0.000000
v 3.619871 -0.711191 -0.000000
v 3.622999 -0.715000 -0.000000
v 3.624793 -0.716628 -0.000000
v 3.626680 -0.718023 -0.000000
v 3.628671 -0.719203 -0.000000
v 3.630777 -0.720185 -0.000000
v 3.633008 -0.720987 -0.000000
v 3.635374 -0.721625 -0.000000
v 3.637886 -0.722117 -0.000000
v 3.640555 -0.722481 -0.000000
v 3.643390 -0.722734 -0.000000
v 3.646402 -0.722893 -0.000000
v 3.649601 -0.722976 -0.000000
v 3.652999 -0.723000 -0.000000
v 3.657507 -0.722998 -0.000000
v 3.662981 -0.722981 -0.000000
v 3.669343 -0.722937 -0.000000
v 3.676518 -0.722852 -0.000000
v 3.684429 -0.722711 -0.000000
v 3.692999 -0.722500 -0.000000
v 3.702153 -0.722206 -0.000000
v 3.711814 -0.721815 -0.000000
v 3.721906 -0.721312 -0.000000
v 3.732351 -0.720685 -0.000000
v 3.743075 -0.719919 -0.000000
v 3.753999 -0.719000 -0.000000
v 3.751334 -0.723428 -0.000000
v 3.748842 -0.728176 -0.000000
v 3.746531 -0.733187 -0.000000
v 3.744407 -0.738407 -0.000000
v 3.742477 -0.743780 -0.000000
v 3.740749 -0.749250 -0.000000
v 3.739230 -0.754762 -0.000000
v 3.737925 -0.760259 -0.000000
v 3.736843 -0.765687 -0.000000
v 3.735990 -0.770991 -0.000000
v 3.735373 -0.776113 -0.000000
v 3.734999 -0.781000 -0.000000
v 3.723532 -0.781669 -0.000000
v 3.712180 -0.782185 -0.000000
v 3.701015 -0.782562 -0.000000
v 3.690110 -0.782815 -0.000000
v 3.679539 -0.782956 -0.000000
v 3.669374 -0.783000 -0.000000
v 3.659688 -0.782961 -0.000000
v 3.650555 -0.782852 -0.000000
v 3.642046 -0.782687 -0.000000
v 3.634235 -0.782481 -0.000000
v 3.627195 -0.782248 -0.000000
v 3.620999 -0.782000 -0.000000
v 3.614682 -0.781413 -0.000000
v 3.608712 -0.780639 -0.000000
v 3.603062 -0.779656 -0.000000
v 3.597703 -0.778444 -0.000000
v 3.592608 -0.776983 -0.000000
v 3.587749 -0.775250 -0.000000
v 3.583099 -0.773226 -0.000000
v 3.578629 -0.770889 -0.000000
v 3.574312 -0.768219 -0.000000
v 3.570120 -0.765194 -0.000000
v 3.566025 -0.761795 -0.000000
v 3.561999 -0.758000 -0.000000
v 3.556973 -0.751470 -0.000000
v 3.552370 -0.743264 -0.000000
v 3.548156 -0.733203 -0.000000
v 3.544296 -0.721111 -0.000000
v 3.540755 -0.706811 -0.000000
v 3.537499 -0.690125 -0.000000
v 3.534493 -0.670877 -0.000000
v 3.531703 -0.648889 -0.000000
v 3.529093 -0.623984 -0.000000
v 3.526629 -0.595986 -0.000000
v 3.524276 -0.564717 -0.000000
v 3.521999 -0.530000 -0.000000
v 3.521750 -0.527329 -0.000000
v 3.521504 -0.524380 -0.000000
v 3.521265 -0.521250 -0.000000
v 3.521036 -0.518037 -0.000000
v 3.520821 -0.514838 -0.000000
v 3.520624 -0.511750 -0.000000
v 3.520447 -0.508870 -0.000000
v 3.520295 -0.506296 -0.000000
v 3.520171 -0.504125 -0.000000
v 3.520078 -0.502454 -0.000000
v 3.520019 -0.501380 -0.000000
v 3.519999 -0.501000 -0.000000
v 3.915999 -0.893000 -0.000000
v 3.622999 -0.893000 -0.000000
v 3.622999 -1.045000 -0.000000
v 3.915999 -1.045000 -0.000000
v 3.985999 -0.830000 -0.000000
v 3.985999 -1.108000 -0.000000
v 3.548999 -1.108000 -0.000000
v 3.548999 -0.830000 -0.000000
v 4.103999 -1.175000 -0.000000
v 4.101084 -1.191845 -0.000000
v 4.098346 -1.209264 -0.000000
v 4.095796 -1.227078 -0.000000
v 4.093444 -1.245111 -0.000000
v 4.091300 -1.263186 -0.000000
v 4.089375 -1.281125 -0.000000
v 4.087678 -1.298752 -0.000000
v 4.086222 -1.315889 -0.000000
v 4.085015 -1.332359 -0.000000
v 4.084069 -1.347986 -0.000000
v 4.083394 -1.362592 -0.000000
v 4.082999 -1.376000 -0.000000
v 4.009999 -1.365000 -0.000000
v 4.010453 -1.351843 -0.000000
v 4.011295 -1.337491 -0.000000
v 4.012499 -1.322125 -0.000000
v 4.014036 -1.305926 -0.000000
v 4.015878 -1.289074 -0.000000
v 4.017999 -1.271750 -0.000000
v 4.020369 -1.254134 -0.000000
v 4.022962 -1.236407 -0.000000
v 4.025749 -1.218750 -0.000000
v 4.028702 -1.201342 -0.000000
v 4.031795 -1.184366 -0.000000
v 4.034999 -1.168000 -0.000000
v 3.889999 -1.172000 -0.000000
v 3.883528 -1.188655 -0.000000
v 3.877147 -1.205991 -0.000000
v 3.870906 -1.223812 -0.000000
v 3.864851 -1.241926 -0.000000
v 3.859033 -1.260136 -0.000000
v 3.853499 -1.278250 -0.000000
v 3.848299 -1.296072 -0.000000
v 3.843481 -1.313407 -0.000000
v 3.839093 -1.330062 -0.000000
v 3.835184 -1.345842 -0.000000
v 3.831804 -1.360553 -0.000000
v 3.828999 -1.374000 -0.000000
v 3.754999 -1.358000 -0.000000
v 3.757863 -1.344154 -0.000000
v 3.761411 -1.329231 -0.000000
v 3.765578 -1.313406 -0.000000
v 3.770296 -1.296852 -0.000000
v 3.775500 -1.279742 -0.000000
v 3.781125 -1.262250 -0.000000
v 3.787103 -1.244550 -0.000000
v 3.793370 -1.226815 -0.000000
v 3.799859 -1.209219 -0.000000
v 3.806504 -1.191935 -0.000000
v 3.813240 -1.175138 -0.000000
v 3.819999 -1.159000 -0.000000
v 3.685999 -1.167000 -0.000000
v 3.673876 -1.184006 -0.000000
v 3.661592 -1.201884 -0.000000
v 3.649281 -1.220422 -0.000000
v 3.637073 -1.239407 -0.000000
v 3.625102 -1.258629 -0.000000
v 3.613499 -1.277875 -0.000000
v 3.602396 -1.296934 -0.000000
v 3.591925 -1.315593 -0.000000
v 3.582218 -1.333641 -0.000000
v 3.573407 -1.350866 -0.000000
v 3.565623 -1.367056 -0.000000
v 3.558999 -1.382000 -0.000000
v 3.487999 -1.350000 -0.000000
v 3.494892 -1.335116 -0.000000
v 3.502976 -1.319093 -0.000000
v 3.512109 -1.302125 -0.000000
v 3.522147 -1.284407 -0.000000
v 3.532950 -1.266134 -0.000000
v 3.544374 -1.247500 -0.000000
v 3.556278 -1.228699 -0.000000
v 3.568518 -1.209926 -0.000000
v 3.580953 -1.191375 -0.000000
v 3.593439 -1.173241 -0.000000
v 3.605836 -1.155718 -0.000000
v 3.617999 -1.139000 -0.000000
v 4.270000 -1.146000 -0.000000
v 4.278650 -1.164663 -0.000000
v 4.288036 -1.183555 -0.000000
v 4.298062 -1.202531 -0.000000
v 4.308629 -1.221444 -0.000000
v 4.319641 -1.240149 -0.000000
v 4.330999 -1.258500 -0.000000
v 4.342608 -1.276351 -0.000000
v 4.354370 -1.293556 -0.000000
v 4.366187 -1.309969 -0.000000
v 4.377962 -1.325445 -0.000000
v 4.389599 -1.339837 -0.000000
v 4.400999 -1.353000 -0.000000
v 4.329000 -1.385000 -0.000000
v 4.317427 -1.370150 -0.000000
v 4.305754 -1.354199 -0.000000
v 4.294046 -1.337297 -0.000000
v 4.282370 -1.319593 -0.000000
v 4.270791 -1.301236 -0.000000
v 4.259375 -1.282375 -0.000000
v 4.248188 -1.263160 -0.000000
v 4.237296 -1.243741 -0.000000
v 4.226765 -1.224266 -0.000000
v 4.216661 -1.204884 -0.000000
v 4.207051 -1.185746 -0.000000
v 4.197999 -1.167000 -0.000000
v 4.279999 -0.570000 -0.000000
v 4.129999 -0.570000 -0.000000
v 4.129999 -0.746000 -0.000000
v 4.279999 -0.746000 -0.000000
v 4.279999 -1.008000 -0.000000
v 4.279999 -0.812000 -0.000000
v 4.129999 -0.812000 -0.000000
v 4.129999 -1.008000 -0.000000
v 4.350999 -0.503000 -0.000000
v 4.350999 -1.127000 -0.000000
v 4.279999 -1.127000 -0.000000
v 4.279999 -1.076000 -0.000000
v 4.059999 -1.076000 -0.000000
v 4.059999 -0.503000 -0.000000
v 5.364999 -0.642000 -0.000000
v 5.355999 -0.729000 -0.000000
v 5.326108 -0.723237 -0.000000
v 5.291115 -0.717477 -0.000000
v 5.252046 -0.711766 -0.000000
v 5.209925 -0.706148 -0.000000
v 5.165776 -0.700670 -0.000000
v 5.120624 -0.695375 -0.000000
v 5.075493 -0.690310 -0.000000
v 5.031406 -0.685519 -0.000000
v 4.989389 -0.681047 -0.000000
v 4.950467 -0.676940 -0.000000
v 4.915662 -0.673242 -0.000000
v 4.885999 -0.670000 -0.000000
v 4.909005 -0.685225 -0.000000
v 4.931796 -0.703301 -0.000000
v 4.954031 -0.724078 -0.000000
v 4.975369 -0.747407 -0.000000
v 4.995472 -0.773139 -0.000000
v 5.013999 -0.801125 -0.000000
v 5.030609 -0.831215 -0.000000
v 5.044962 -0.863259 -0.000000
v 5.056718 -0.897109 -0.000000
v 5.065536 -0.932616 -0.000000
v 5.071076 -0.969629 -0.000000
v 5.072999 -1.008000 -0.000000
v 5.068741 -1.061185 -0.000000
v 5.056513 -1.109315 -0.000000
v 5.037140 -1.152500 -0.000000
v 5.011444 -1.190852 -0.000000
v 4.980247 -1.224482 -0.000000
v 4.944374 -1.253500 -0.000000
v 4.904646 -1.278019 -0.000000
v 4.861887 -1.298148 -0.000000
v 4.816920 -1.314000 -0.000000
v 4.770568 -1.325685 -0.000000
v 4.723653 -1.333315 -0.000000
v 4.676999 -1.337000 -0.000000
v 4.647999 -1.254000 -0.000000
v 4.689029 -1.251289 -0.000000
v 4.730152 -1.245977 -0.000000
v 4.770671 -1.237797 -0.000000
v 4.809888 -1.226481 -0.000000
v 4.847106 -1.211763 -0.000000
v 4.881625 -1.193375 -0.000000
v 4.912748 -1.171049 -0.000000
v 4.939777 -1.144519 -0.000000
v 4.962015 -1.113516 -0.000000
v 4.978764 -1.077773 -0.000000
v 4.989324 -1.037024 -0.000000
v 4.992999 -0.991000 -0.000000
v 4.991205 -0.960643 -0.000000
v 4.985898 -0.929393 -0.000000
v 4.977187 -0.897734 -0.000000
v 4.965184 -0.866148 -0.000000
v 4.950001 -0.835117 -0.000000
v 4.931749 -0.805125 -0.000000
v 4.910538 -0.776653 -0.000000
v 4.886480 -0.750185 -0.000000
v 4.859686 -0.726203 -0.000000
v 4.830267 -0.705190 -0.000000
v 4.798335 -0.687628 -0.000000
v 4.763999 -0.674000 -0.000000
v 4.750518 -0.670534 -0.000000
v 4.735731 -0.667606 -0.000000
v 4.719874 -0.665172 -0.000000
v 4.703184 -0.663185 -0.000000
v 4.685897 -0.661601 -0.000000
v 4.668249 -0.660375 -0.000000
v 4.650476 -0.659461 -0.000000
v 4.632813 -0.658815 -0.000000
v 4.615499 -0.658391 -0.000000
v 4.598767 -0.658143 -0.000000
v 4.582855 -0.658028 -0.000000
v 4.567999 -0.658000 -0.000000
v 4.567999 -0.578000 -0.000000
v 4.585305 -0.578812 -0.000000
v 4.603693 -0.579750 -0.000000
v 4.623124 -0.580812 -0.000000
v 4.643555 -0.582000 -0.000000
v 4.664944 -0.583312 -0.000000
v 4.687249 -0.584750 -0.000000
v 4.710430 -0.586312 -0.000000
v 4.734444 -0.588000 -0.000000
v 4.759249 -0.589812 -0.000000
v 4.784805 -0.591750 -0.000000
v 4.811069 -0.593812 -0.000000
v 4.837999 -0.596000 -0.000000
v 4.884029 -0.599824 -0.000000
v 4.929819 -0.603759 -0.000000
v 4.974921 -0.607750 -0.000000
v 5.018888 -0.611741 -0.000000
v 5.061272 -0.615676 -0.000000
v 5.101624 -0.619500 -0.000000
v 5.139498 -0.623157 -0.000000
v 5.174444 -0.626593 -0.000000
v 5.206015 -0.629750 -0.000000
v 5.233763 -0.632574 -0.000000
v 5.257240 -0.635009 -0.000000
v 5.275999 -0.637000 -0.000000
v 5.281016 -0.637499 -0.000000
v 5.286550 -0.637995 -0.000000
v 5.292577 -0.638484 -0.000000
v 5.299073 -0.638963 -0.000000
v 5.306014 -0.639428 -0.000000
v 5.313374 -0.639875 -0.000000
v 5.321130 -0.640301 -0.000000
v 5.329258 -0.640704 -0.000000
v 5.337733 -0.641078 -0.000000
v 5.346531 -0.641421 -0.000000
v 5.355628 -0.641730 -0.000000
v 4.711999 -0.781000 -0.000000
v 4.762999 -0.803000 -0.000000
v 4.755523 -0.813470 -0.000000
v 4.748106 -0.824347 -0.000000
v 4.740765 -0.835578 -0.000000
v 4.733518 -0.847111 -0.000000
v 4.726382 -0.858894 -0.000000
v 4.719374 -0.870875 -0.000000
v 4.712512 -0.883002 -0.000000
v 4.705814 -0.895222 -0.000000
v 4.699296 -0.907484 -0.000000
v 4.692976 -0.919736 -0.000000
v 4.686871 -0.931925 -0.000000
v 4.680999 -0.944000 -0.000000
v 4.629999 -0.920000 -0.000000
v 4.635585 -0.908652 -0.000000
v 4.641768 -0.896717 -0.000000
v 4.648437 -0.884359 -0.000000
v 4.655480 -0.871741 -0.000000
v 4.662788 -0.859025 -0.000000
v 4.670249 -0.846375 -0.000000
v 4.677752 -0.833954 -0.000000
v 4.685184 -0.821926 -0.000000
v 4.692437 -0.810453 -0.000000
v 4.699398 -0.799699 -0.000000
v 4.705956 -0.789827 -0.000000
v 4.602999 -0.739000 -0.000000
v 4.651999 -0.762000 -0.000000
v 4.644293 -0.772642 -0.000000
v 4.636680 -0.783551 -0.000000
v 4.629171 -0.794703 -0.000000
v 4.621777 -0.806074 -0.000000
v 4.614508 -0.817639 -0.000000
v 4.607375 -0.829375 -0.000000
v 4.600387 -0.841256 -0.000000
v 4.593555 -0.853259 -0.000000
v 4.586890 -0.865359 -0.000000
v 4.580402 -0.877532 -0.000000
v 4.574102 -0.889754 -0.000000
v 4.567999 -0.902000 -0.000000
v 4.515999 -0.877000 -0.000000
v 4.522084 -0.865672 -0.000000
v 4.528763 -0.853792 -0.000000
v 4.535921 -0.841516 -0.000000
v 4.543443 -0.829000 -0.000000
v 4.551216 -0.816401 -0.000000
v 4.559124 -0.803875 -0.000000
v 4.567052 -0.791578 -0.000000
v 4.574887 -0.779667 -0.000000
v 4.582514 -0.768297 -0.000000
v 4.589818 -0.757625 -0.000000
v 4.596684 -0.747807 -0.000000
v 5.643999 -0.631000 -0.000000
v 5.694999 -0.592000 -0.000000
v 5.699206 -0.593208 -0.000000
v 5.703819 -0.594329 -0.000000
v 5.708827 -0.595359 -0.000000
v 5.714221 -0.596296 -0.000000
v 5.719991 -0.597136 -0.000000
v 5.726124 -0.597875 -0.000000
v 5.732612 -0.598510 -0.000000
v 5.739444 -0.599037 -0.000000
v 5.746609 -0.599453 -0.000000
v 5.754097 -0.599755 -0.000000
v 5.761897 -0.599938 -0.000000
v 5.770000 -0.600000 -0.000000
v 5.784603 -0.600000 -0.000000
v 5.808661 -0.600000 -0.000000
v 5.840296 -0.600000 -0.000000
v 5.877629 -0.600000 -0.000000
v 5.918781 -0.600000 -0.000000
v 5.961874 -0.600000 -0.000000
v 6.005030 -0.600000 -0.000000
v 6.046370 -0.600000 -0.000001
v 6.084015 -0.600000 -0.000001
v 6.116087 -0.600000 -0.000001
v 6.140708 -0.600000 -0.000001
v 6.155999 -0.600000 -0.000001
v 6.164021 -0.599920 -0.000001
v 6.172925 -0.599694 -0.000001
v 6.182468 -0.599344 -0.000001
v 6.192407 -0.598889 -0.000001
v 6.202498 -0.598351 -0.000001
v 6.212499 -0.597750 -0.000001
v 6.222167 -0.597108 -0.000001
v 6.231258 -0.596444 -0.000001
v 6.239531 -0.595781 -0.000001
v 6.246740 -0.595139 -0.000001
v 6.252644 -0.594538 -0.000001
v 6.256999 -0.594000 -0.000001
v 6.256999 -0.685000 -0.000001
v 6.253370 -0.684691 -0.000001
v 6.248129 -0.684282 -0.000001
v 6.241499 -0.683797 -0.000001
v 6.233703 -0.683259 -0.000001
v 6.224962 -0.682694 -0.000001
v 6.215499 -0.682125 -0.000001
v 6.205536 -0.681577 -0.000001
v 6.195296 -0.681074 -0.000001
v 6.184999 -0.680641 -0.000001
v 6.174870 -0.680301 -0.000001
v 6.165129 -0.680079 -0.000001
v 6.155999 -0.680000 -0.000001
v 6.141661 -0.680000 -0.000001
v 6.117457 -0.680000 -0.000001
v 6.085359 -0.680000 -0.000001
v 6.047333 -0.680000 -0.000000
v 6.005348 -0.680000 -0.000000
v 5.961374 -0.680000 -0.000000
v 5.917379 -0.680000 -0.000000
v 5.875332 -0.680000 -0.000000
v 5.837202 -0.680000 -0.000000
v 5.804957 -0.680000 -0.000000
v 5.780567 -0.680000 -0.000000
v 5.765999 -0.680000 -0.000000
v 5.773219 -0.701435 -0.000000
v 5.782254 -0.724065 -0.000000
v 5.792921 -0.747625 -0.000000
v 5.805036 -0.771852 -0.000000
v 5.818415 -0.796481 -0.000000
v 5.832874 -0.821250 -0.000000
v 5.848229 -0.845894 -0.000000
v 5.864295 -0.870148 -0.000000
v 5.880890 -0.893750 -0.000000
v 5.897828 -0.916435 -0.000000
v 5.914926 -0.937940 -0.000000
v 5.931999 -0.958000 -0.000000
v 5.958668 -0.986799 -0.000000
v 5.987101 -1.015556 -0.000000
v 6.017187 -1.044062 -0.000000
v 6.048814 -1.072111 -0.000000
v 6.081872 -1.099493 -0.000000
v 6.116249 -1.126000 -0.000000
v 6.151834 -1.151424 -0.000000
v 6.188518 -1.175555 -0.000000
v 6.226187 -1.198187 -0.000000
v 6.264731 -1.219111 -0.000000
v 6.304039 -1.238118 -0.000000
v 6.343999 -1.255000 -0.000000
v 6.279999 -1.322000 -0.000000
v 6.243279 -1.304376 -0.000000
v 6.207152 -1.285093 -0.000000
v 6.171671 -1.264281 -0.000000
v 6.136889 -1.242074 -0.000000
v 6.102856 -1.218603 -0.000000
v 6.069625 -1.194000 -0.000000
v 6.037248 -1.168397 -0.000000
v 6.005778 -1.141926 -0.000000
v 5.975266 -1.114719 -0.000000
v 5.945764 -1.086908 -0.000000
v 5.917325 -1.058624 -0.000000
v 5.889999 -1.030000 -0.000000
v 5.864441 -1.053260 -0.000000
v 5.838865 -1.077417 -0.000000
v 5.813421 -1.102281 -0.000000
v 5.788259 -1.127666 -0.000000
v 5.763526 -1.153385 -0.000000
v 5.739374 -1.179250 -0.000000
v 5.715951 -1.205073 -0.000000
v 5.693407 -1.230666 -0.000000
v 5.671890 -1.255844 -0.000000
v 5.651550 -1.280416 -0.000000
v 5.632537 -1.304198 -0.000000
v 5.614999 -1.327000 -0.000000
v 5.544999 -1.267000 -0.000000
v 5.562394 -1.246240 -0.000000
v 5.581906 -1.223671 -0.000000
v 5.603280 -1.199609 -0.000000
v 5.626258 -1.174370 -0.000000
v 5.650583 -1.148270 -0.000000
v 5.675999 -1.121625 -0.000000
v 5.702248 -1.094751 -0.000000
v 5.729073 -1.067963 -0.000000
v 5.756218 -1.041578 -0.000000
v 5.783425 -1.015912 -0.000000
v 5.810438 -0.991281 -0.000000
v 5.836999 -0.968000 -0.000000
v 5.819428 -0.944971 -0.000000
v 5.802263 -0.921018 -0.000000
v 5.785577 -0.896344 -0.000000
v 5.769444 -0.871148 -0.000000
v 5.753935 -0.845633 -0.000000
v 5.739124 -0.820000 -0.000000
v 5.725084 -0.794450 -0.000000
v 5.711888 -0.769185 -0.000000
v 5.699609 -0.744406 -0.000000
v 5.688319 -0.720315 -0.000000
v 5.678092 -0.697112 -0.000000
v 5.668999 -0.675000 -0.000000
v 5.667361 -0.671346 -0.000000
v 5.665481 -0.667435 -0.000000
v 5.663405 -0.663344 -0.000000
v 5.661184 -0.659148 -0.000000
v 5.658866 -0.654925 -0.000000
v 5.656499 -0.650750 -0.000000
v 5.654132 -0.646700 -0.000000
v 5.651814 -0.642852 -0.000000
v 5.649592 -0.639281 -0.000000
v 5.647517 -0.636065 -0.000000
v 5.645637 -0.633279 -0.000000
v 6.561999 -0.693000 -0.000001
v 6.615999 -0.659000 -0.000001
v 6.619381 -0.660208 -0.000001
v 6.623055 -0.661329 -0.000001
v 6.627061 -0.662359 -0.000001
v 6.631444 -0.663296 -0.000001
v 6.636242 -0.664136 -0.000001
v 6.641499 -0.664875 -0.000001
v 6.647256 -0.665510 -0.000001
v 6.653554 -0.666037 -0.000001
v 6.660437 -0.666453 -0.000001
v 6.667943 -0.666755 -0.000001
v 6.676117 -0.666938 -0.000001
v 6.684999 -0.667000 -0.000001
v 6.908999 -0.667000 -0.000001
v 6.908999 -0.574000 -0.000001
v 6.908977 -0.568705 -0.000001
v 6.908902 -0.563305 -0.000001
v 6.908765 -0.557781 -0.000001
v 6.908555 -0.552111 -0.000001
v 6.908261 -0.546274 -0.000001
v 6.907874 -0.540250 -0.000001
v 6.907383 -0.534017 -0.000001
v 6.906777 -0.527556 -0.000001
v 6.906046 -0.520844 -0.000001
v 6.905180 -0.513861 -0.000001
v 6.904167 -0.506587 -0.000001
v 6.902999 -0.499000 -0.000001
v 6.998999 -0.499000 -0.000001
v 6.998061 -0.506587 -0.000001
v 6.997240 -0.513861 -0.000001
v 6.996531 -0.520844 -0.000001
v 6.995925 -0.527555 -0.000001
v 6.995418 -0.534017 -0.000001
v 6.995000 -0.540250 -0.000001
v 6.994666 -0.546274 -0.000001
v 6.994408 -0.552111 -0.000001
v 6.994219 -0.557781 -0.000001
v 6.994092 -0.563305 -0.000001
v 6.994022 -0.568705 -0.000001
v 6.993999 -0.574000 -0.000001
v 6.993999 -0.667000 -0.000001
v 7.214999 -0.667000 -0.000001
v 7.223628 -0.666979 -0.000001
v 7.232027 -0.666912 -0.000001
v 7.240218 -0.666797 -0.000001
v 7.248222 -0.666630 -0.000001
v 7.256059 -0.666407 -0.000001
v 7.263750 -0.666125 -0.000001
v 7.271316 -0.665781 -0.000001
v 7.278778 -0.665370 -0.000001
v 7.286156 -0.664891 -0.000001
v 7.293472 -0.664338 -0.000001
v 7.300746 -0.663709 -0.000001
v 7.307999 -0.663000 -0.000001
v 7.307310 -0.668735 -0.000001
v 7.306736 -0.674884 -0.000001
v 7.306265 -0.681359 -0.000001
v 7.305888 -0.688074 -0.000001
v 7.305595 -0.694941 -0.000001
v 7.305375 -0.701875 -0.000001
v 7.305217 -0.708788 -0.000001
v 7.305111 -0.715593 -0.000001
v 7.305047 -0.722203 -0.000001
v 7.305014 -0.728532 -0.000001
v 7.305002 -0.734494 -0.000001
v 7.304999 -0.740000 -0.000001
v 7.304999 -0.750204 -0.000001
v 7.304999 -0.762968 -0.000001
v 7.304999 -0.777766 -0.000001
v 7.304999 -0.794074 -0.000001
v 7.304999 -0.811369 -0.000001
v 7.304999 -0.829125 -0.000001
v 7.304999 -0.846819 -0.000001
v 7.304999 -0.863926 -0.000001
v 7.304999 -0.879922 -0.000001
v 7.304999 -0.894282 -0.000001
v 7.304999 -0.906483 -0.000001
v 7.304999 -0.916000 -0.000001
v 7.305020 -0.920907 -0.000001
v 7.305083 -0.926088 -0.000001
v 7.305187 -0.931484 -0.000001
v 7.305333 -0.937037 -0.000001
v 7.305520 -0.942687 -0.000001
v 7.305749 -0.948375 -0.000001
v 7.306020 -0.954042 -0.000001
v 7.306333 -0.959630 -0.000001
v 7.306687 -0.965078 -0.000001
v 7.307083 -0.970329 -0.000001
v 7.307520 -0.975322 -0.000001
v 7.307999 -0.980000 -0.000001
v 7.220999 -0.980000 -0.000001
v 7.221708 -0.975802 -0.000001
v 7.222337 -0.971250 -0.000001
v 7.222890 -0.966406 -0.000001
v 7.223370 -0.961333 -0.000001
v 7.223780 -0.956094 -0.000001
v 7.224124 -0.950750 -0.000001
v 7.224406 -0.945365 -0.000001
v 7.224628 -0.940000 -0.000001
v 7.224796 -0.934719 -0.000001
v 7.224911 -0.929583 -0.000001
v 7.224978 -0.924656 -0.000001
v 7.224999 -0.920000 -0.000001
v 7.224999 -0.910978 -0.000001
v 7.224999 -0.899241 -0.000001
v 7.224999 -0.885281 -0.000001
v 7.224999 -0.869593 -0.000001
v 7.224999 -0.852668 -0.000001
v 7.224999 -0.835000 -0.000001
v 7.224999 -0.817082 -0.000001
v 7.224999 -0.799407 -0.000001
v 7.224999 -0.782469 -0.000001
v 7.224999 -0.766759 -0.000001
v 7.224999 -0.752772 -0.000001
v 7.224999 -0.741000 -0.000001
v 6.665999 -0.741000 -0.000001
v 6.668728 -0.763188 -0.000001
v 6.672411 -0.786588 -0.000001
v 6.677046 -0.810953 -0.000001
v 6.682629 -0.836037 -0.000001
v 6.689157 -0.861593 -0.000001
v 6.696625 -0.887375 -0.000001
v 6.705030 -0.913136 -0.000001
v 6.714370 -0.938630 -0.000001
v 6.724640 -0.963609 -0.000001
v 6.735837 -0.987829 -0.000001
v 6.747958 -1.011041 -0.000001
v 6.760999 -1.033000 -0.000001
v 6.777236 -1.056300 -0.000001
v 6.795310 -1.078653 -0.000001
v 6.815015 -1.099984 -0.000001
v 6.836147 -1.120222 -0.000001
v 6.858502 -1.139293 -0.000001
v 6.881874 -1.157125 -0.000001
v 6.906059 -1.173644 -0.000001
v 6.930851 -1.188778 -0.000001
v 6.956046 -1.202453 -0.000001
v 6.981439 -1.214597 -0.000001
v 7.006825 -1.225137 -0.000001
v 7.031999 -1.234000 -0.000001
v 7.040118 -1.236976 -0.000001
v 7.048453 -1.239894 -0.000001
v 7.056968 -1.242734 -0.000001
v 7.065629 -1.245481 -0.000001
v 7.074400 -1.248117 -0.000001
v 7.083249 -1.250625 -0.000001
v 7.092139 -1.252987 -0.000001
v 7.101036 -1.255185 -0.000001
v 7.109905 -1.257203 -0.000001
v 7.118711 -1.259023 -0.000001
v 7.127421 -1.260628 -0.000001
v 7.135999 -1.262000 -0.000001
v 7.070999 -1.337000 -0.000001
v 7.026197 -1.323430 -0.000001
v 6.983332 -1.307773 -0.000001
v 6.942468 -1.290109 -0.000001
v 6.903666 -1.270518 -0.000001
v 6.866989 -1.249080 -0.000001
v 6.832499 -1.225875 -0.000001
v 6.800260 -1.200982 -0.000001
v 6.770332 -1.174481 -0.000001
v 6.742780 -1.146453 -0.000001
v 6.717666 -1.116977 -0.000001
v 6.695051 -1.086132 -0.000001
v 6.674999 -1.054000 -0.000001
v 6.661555 -1.029439 -0.000001
v 6.649198 -1.003926 -0.000001
v 6.637889 -0.977719 -0.000001
v 6.627591 -0.951074 -0.000001
v 6.618265 -0.924249 -0.000001
v 6.609873 -0.897500 -0.000001
v 6.602377 -0.871085 -0.000001
v 6.595739 -0.845259 -0.000001
v 6.589920 -0.820281 -0.000001
v 6.584882 -0.796407 -0.000001
v 6.580588 -0.773895 -0.000001
v 6.576999 -0.753000 -0.000001
v 6.575959 -0.748114 -0.000001
v 6.574846 -0.743000 -0.000001
v 6.573671 -0.737719 -0.000001
v 6.572443 -0.732333 -0.000001
v 6.571175 -0.726906 -0.000001
v 6.569874 -0.721500 -0.000001
v 6.568553 -0.716177 -0.000001
v 6.567222 -0.711000 -0.000001
v 6.565890 -0.706031 -0.000001
v 6.564569 -0.701333 -0.000001
v 6.563268 -0.696969 -0.000001
v 7.985999 -1.141000 -0.000001
v 7.969930 -1.157694 -0.000001
v 7.953360 -1.175139 -0.000001
v 7.936499 -1.193125 -0.000001
v 7.919555 -1.211444 -0.000001
v 7.902735 -1.229889 -0.000001
v 7.886249 -1.248250 -0.000001
v 7.870305 -1.266319 -0.000001
v 7.855110 -1.283889 -0.000001
v 7.840874 -1.300750 -0.000001
v 7.827805 -1.316694 -0.000001
v 7.816110 -1.331514 -0.000001
v 7.805999 -1.345000 -0.000001
v 7.732999 -1.287000 -0.000001
v 7.743621 -1.274232 -0.000001
v 7.755388 -1.260523 -0.000001
v 7.768156 -1.246016 -0.000001
v 7.781777 -1.230852 -0.000001
v 7.796107 -1.215174 -0.000001
v 7.810999 -1.199125 -0.000001
v 7.826308 -1.182847 -0.000001
v 7.841888 -1.166481 -0.000001
v 7.857593 -1.150172 -0.000001
v 7.873277 -1.134060 -0.000001
v 7.888794 -1.118289 -0.000001
v 7.903999 -1.103000 -0.000001
v 7.863551 -1.070777 -0.000001
v 7.824745 -1.037301 -0.000001
v 7.787640 -1.002859 -0.000001
v 7.752296 -0.967741 -0.000001
v 7.718771 -0.932233 -0.000001
v 7.687125 -0.896625 -0.000001
v 7.657416 -0.861204 -0.000001
v 7.629704 -0.826259 -0.000001
v 7.604047 -0.792078 -0.000001
v 7.580504 -0.758949 -0.000001
v 7.559136 -0.727160 -0.000001
v 7.539999 -0.697000 -0.000001
v 7.538438 -0.694709 -0.000001
v 7.536758 -0.692343 -0.000001
v 7.534968 -0.689906 -0.000001
v 7.533073 -0.687407 -0.000001
v 7.531082 -0.684853 -0.000001
v 7.528999 -0.682250 -0.000001
v 7.526834 -0.679605 -0.000001
v 7.524592 -0.676926 -0.000001
v 7.522281 -0.674219 -0.000001
v 7.519907 -0.671491 -0.000001
v 7.517478 -0.668749 -0.000001
v 7.514999 -0.666000 -0.000001
v 7.577999 -0.615000 -0.000001
v 7.581684 -0.616208 -0.000001
v 7.585731 -0.617329 -0.000001
v 7.590124 -0.618359 -0.000001
v 7.594851 -0.619296 -0.000001
v 7.599897 -0.620136 -0.000001
v 7.605249 -0.620875 -0.000001
v 7.610893 -0.621510 -0.000001
v 7.616814 -0.622037 -0.000001
v 7.622999 -0.622453 -0.000001
v 7.629435 -0.622755 -0.000001
v 7.636106 -0.622938 -0.000001
v 7.642999 -0.623000 -0.000001
v 7.674759 -0.623000 -0.000001
v 7.718328 -0.623000 -0.000001
v 7.771140 -0.623000 -0.000001
v 7.830629 -0.623000 -0.000001
v 7.894229 -0.623000 -0.000001
v 7.959375 -0.623000 -0.000001
v 8.023499 -0.623000 -0.000001
v 8.084037 -0.623000 -0.000001
v 8.138422 -0.623000 -0.000001
v 8.184088 -0.623000 -0.000001
v 8.218469 -0.623000 -0.000001
v 8.238999 -0.623000 -0.000001
v 8.247824 -0.622919 -0.000001
v 8.256763 -0.622685 -0.000001
v 8.265764 -0.622312 -0.000001
v 8.274776 -0.621815 -0.000001
v 8.283747 -0.621206 -0.000001
v 8.292624 -0.620500 -0.000001
v 8.301354 -0.619711 -0.000001
v 8.309888 -0.618852 -0.000001
v 8.318171 -0.617937 -0.000001
v 8.326152 -0.616981 -0.000001
v 8.333778 -0.615998 -0.000001
v 8.341000 -0.615000 -0.000001
v 8.341000 -0.705000 -0.000001
v 8.335536 -0.704462 -0.000001
v 8.329207 -0.703861 -0.000001
v 8.322108 -0.703219 -0.000001
v 8.314332 -0.702555 -0.000001
v 8.305973 -0.701892 -0.000001
v 8.297124 -0.701250 -0.000001
v 8.287879 -0.700649 -0.000001
v 8.278332 -0.700111 -0.000001
v 8.268577 -0.699656 -0.000001
v 8.258707 -0.699305 -0.000001
v 8.248816 -0.699080 -0.000001
v 8.238999 -0.699000 -0.000001
v 8.216946 -0.699000 -0.000001
v 8.181485 -0.699000 -0.000001
v 8.135171 -0.699000 -0.000001
v 8.080555 -0.699000 -0.000001
v 8.020188 -0.699000 -0.000001
v 7.956624 -0.699000 -0.000001
v 7.892414 -0.699000 -0.000001
v 7.830110 -0.699000 -0.000001
v 7.772264 -0.699000 -0.000001
v 7.721429 -0.699000 -0.000001
v 7.680157 -0.699000 -0.000001
v 7.650999 -0.699000 -0.000001
v 7.664834 -0.722633 -0.000001
v 7.681263 -0.748315 -0.000001
v 7.700171 -0.775719 -0.000001
v 7.721444 -0.804519 -0.000001
v 7.744966 -0.834388 -0.000001
v 7.770624 -0.865000 -0.000001
v 7.798303 -0.896029 -0.000001
v 7.827888 -0.927148 -0.000001
v 7.859265 -0.958031 -0.000001
v 7.892319 -0.988352 -0.000001
v 7.926935 -1.017784 -0.000001
v 7.962999 -1.046000 -0.000001
v 7.980257 -1.030671 -0.000001
v 7.997893 -1.015287 -0.000001
v 8.015702 -1.000000 -0.000001
v 8.033481 -0.984963 -0.000001
v 8.051023 -0.970329 -0.000001
v 8.068124 -0.956250 -0.000001
v 8.084579 -0.942879 -0.000001
v 8.100184 -0.930370 -0.000001
v 8.114734 -0.918875 -0.000001
v 8.128022 -0.908546 -0.000001
v 8.139846 -0.899537 -0.000001
v 8.150000 -0.892000 -0.000001
v 8.214999 -0.944000 -0.000001
v 8.200505 -0.954503 -0.000001
v 8.183800 -0.967273 -0.000001
v 8.165296 -0.981953 -0.000001
v 8.145406 -0.998185 -0.000001
v 8.124544 -1.015612 -0.000001
v 8.103124 -1.033875 -0.000001
v 8.081557 -1.052617 -0.000001
v 8.060258 -1.071481 -0.000001
v 8.039639 -1.090109 -0.000001
v 8.020115 -1.108143 -0.000001
v 8.002097 -1.125226 -0.000001
v -7.324000 0.418000 0.000001
v -7.324612 0.427091 0.000001
v -7.326389 0.435810 0.000001
v -7.329250 0.444078 0.000001
v -7.333111 0.451815 0.000001
v -7.337889 0.458940 0.000001
v -7.343500 0.465375 0.000001
v -7.349861 0.471039 0.000001
v -7.356889 0.475852 0.000001
v -7.364500 0.479734 0.000001
v -7.372611 0.482607 0.000001
v -7.381139 0.484388 0.000001
v -7.390000 0.485000 0.000001
v -7.399091 0.484388 0.000001
v -7.407811 0.482607 0.000001
v -7.416079 0.479734 0.000001
v -7.423815 0.475852 0.000001
v -7.430941 0.471039 0.000001
v -7.437375 0.465375 0.000001
v -7.443039 0.458940 0.000001
v -7.447852 0.451815 0.000001
v -7.451735 0.444078 0.000001
v -7.454607 0.435810 0.000001
v -7.456388 0.427091 0.000001
v -7.457000 0.418000 0.000001
v -7.456388 0.409139 0.000001
v -7.454607 0.400611 0.000001
v -7.451735 0.392500 0.000001
v -7.447852 0.384889 0.000001
v -7.443039 0.377861 0.000001
v -7.437375 0.371500 0.000001
v -7.430941 0.365889 0.000001
v -7.423815 0.361111 0.000001
v -7.416079 0.357250 0.000001
v -7.407811 0.354389 0.000001
v -7.399091 0.352611 0.000001
v -7.390000 0.352000 0.000001
v -7.381139 0.352611 0.000001
v -7.372612 0.354389 0.000001
v -7.364501 0.357250 0.000001
v -7.356889 0.361111 0.000001
v -7.349862 0.365889 0.000001
v -7.343501 0.371500 0.000001
v -7.337890 0.377861 0.000001
v -7.333112 0.384889 0.000001
v -7.329251 0.392500 0.000001
v -7.326390 0.400611 0.000001
v -7.324612 0.409139 0.000001
v -7.278000 0.418000 0.000001
v -7.278041 0.415251 0.000001
v -7.278162 0.412505 0.000001
v -7.278359 0.409766 0.000001
v -7.278630 0.407037 0.000001
v -7.278969 0.404322 0.000001
v -7.279375 0.401625 0.000001
v -7.279843 0.398948 0.000001
v -7.280371 0.396296 0.000001
v -7.280953 0.393672 0.000001
v -7.281588 0.391079 0.000001
v -7.282271 0.388520 0.000001
v -7.283000 0.386000 0.000001
v -7.251000 0.385000 0.000001
v -7.232548 0.385000 0.000001
v -7.201801 0.385000 0.000001
v -7.161172 0.385000 0.000001
v -7.113074 0.385000 0.000001
v -7.059921 0.385000 0.000001
v -7.004125 0.385000 0.000001
v -6.948100 0.385000 0.000001
v -6.894259 0.385000 0.000001
v -6.845016 0.385000 0.000001
v -6.802783 0.385000 0.000001
v -6.769973 0.385000 0.000001
v -6.749000 0.385000 0.000001
v -6.740635 0.385061 0.000001
v -6.732079 0.385241 0.000001
v -6.723391 0.385531 0.000001
v -6.714630 0.385926 0.000001
v -6.705855 0.386418 0.000001
v -6.697125 0.387000 0.000001
v -6.688499 0.387666 0.000001
v -6.680037 0.388407 0.000001
v -6.671797 0.389219 0.000001
v -6.663838 0.390093 0.000001
v -6.656219 0.391022 0.000001
v -6.649000 0.392000 0.000001
v -6.649000 0.303000 0.000001
v -6.655666 0.303269 0.000001
v -6.662658 0.303569 0.000001
v -6.669969 0.303891 0.000001
v -6.677593 0.304222 0.000001
v -6.685522 0.304554 0.000001
v -6.693750 0.304875 0.000001
v -6.702270 0.305175 0.000001
v -6.711074 0.305444 0.000001
v -6.720156 0.305672 0.000001
v -6.729509 0.305847 0.000001
v -6.739126 0.305960 0.000001
v -6.749000 0.306000 0.000001
v -6.769921 0.306000 0.000001
v -6.802616 0.306000 0.000001
v -6.844734 0.306000 0.000001
v -6.893926 0.306000 0.000001
v -6.947839 0.306000 0.000001
v -7.004125 0.306000 0.000001
v -7.060431 0.306000 0.000001
v -7.114407 0.306000 0.000001
v -7.163703 0.306000 0.000001
v -7.205967 0.306000 0.000001
v -7.238850 0.306000 0.000001
v -7.260000 0.306000 0.000001
v -7.256048 0.281157 0.000001
v -7.250713 0.254838 0.000001
v -7.244031 0.227359 0.000001
v -7.236037 0.199037 0.000001
v -7.226765 0.170187 0.000001
v -7.216250 0.141125 0.000001
v -7.204526 0.112167 0.000001
v -7.191629 0.083630 0.000001
v -7.177594 0.055828 0.000001
v -7.162454 0.029079 0.000001
v -7.146244 0.003697 0.000001
v -7.129000 -0.020000 0.000001
v -7.107595 -0.046283 0.000001
v -7.084764 -0.071597 0.000001
v -7.060328 -0.095891 0.000001
v -7.034111 -0.119111 0.000001
v -7.005936 -0.141207 0.000001
v -6.975625 -0.162125 0.000001
v -6.943002 -0.181814 0.000001
v -6.907889 -0.200222 0.000001
v -6.870110 -0.217297 0.000001
v -6.829486 -0.232986 0.000001
v -6.785842 -0.247238 0.000001
v -6.739000 -0.260000 0.000001
v -6.807000 -0.335000 0.000001
v -6.851667 -0.320007 0.000001
v -6.893755 -0.303556 0.000001
v -6.933391 -0.285688 0.000001
v -6.970704 -0.266444 0.000001
v -7.005823 -0.245868 0.000001
v -7.038875 -0.224000 0.000001
v -7.069990 -0.200882 0.000001
v -7.099296 -0.176556 0.000001
v -7.126922 -0.151063 0.000001
v -7.152995 -0.124444 0.000001
v -7.177645 -0.096743 0.000001
v -7.201000 -0.068000 0.000001
v -7.220126 -0.041108 0.000001
v -7.238009 -0.012194 0.000001
v -7.254656 0.018344 0.000001
v -7.270074 0.050111 0.000001
v -7.284269 0.082712 0.000001
v -7.297250 0.115750 0.000001
v -7.309022 0.148830 0.000001
v -7.319592 0.181556 0.000001
v -7.328969 0.213531 0.000001
v -7.337157 0.244361 0.000001
v -7.344165 0.273649 0.000001
v -7.350000 0.301000 0.000001
v -7.352000 0.312000 0.000001
v -7.355021 0.311042 0.000001
v -7.358079 0.310167 0.000001
v -7.361172 0.309375 0.000001
v -7.364296 0.308667 0.000001
v -7.367449 0.308042 0.000001
v -7.370625 0.307500 0.000001
v -7.373823 0.307042 0.000001
v -7.377038 0.306667 0.000001
v -7.380266 0.306375 0.000001
v -7.383505 0.306167 0.000001
v -7.386751 0.306042 0.000001
v -7.390000 0.306000 0.000001
v -7.405248 0.307020 0.000001
v -7.419899 0.309991 0.000001
v -7.433813 0.314781 0.000001
v -7.446852 0.321259 0.000001
v -7.458877 0.329293 0.000001
v -7.469750 0.338750 0.000001
v -7.479331 0.349499 0.000001
v -7.487482 0.361407 0.000001
v -7.494062 0.374344 0.000001
v -7.498935 0.388176 0.000001
v -7.501961 0.402772 0.000001
v -7.503000 0.418000 0.000001
v -7.501961 0.433248 0.000001
v -7.498935 0.447898 0.000001
v -7.494062 0.461813 0.000001
v -7.487482 0.474852 0.000001
v -7.479331 0.486877 0.000001
v -7.469750 0.497750 0.000001
v -7.458877 0.507331 0.000001
v -7.446852 0.515482 0.000001
v -7.433813 0.522063 0.000001
v -7.419899 0.526935 0.000001
v -7.405248 0.529961 0.000001
v -7.390000 0.531000 0.000001
v -7.374772 0.529961 0.000001
v -7.360176 0.526935 0.000001
v -7.346344 0.522063 0.000001
v -7.333407 0.515482 0.000001
v -7.321499 0.507331 0.000001
v -7.310750 0.497750 0.000001
v -7.301293 0.486877 0.000001
v -7.293259 0.474852 0.000001
v -7.286781 0.461813 0.000001
v -7.281991 0.447898 0.000001
v -7.279020 0.433248 0.000001
v -5.746000 0.433000 0.000000
v -5.689000 0.372000 0.000000
v -5.708490 0.358377 0.000000
v -5.729667 0.342769 0.000000
v -5.752094 0.325563 0.000000
v -5.775334 0.307148 0.000000
v -5.798948 0.287914 0.000000
v -5.822500 0.268250 0.000000
v -5.845552 0.248544 0.000001
v -5.867667 0.229185 0.000001
v -5.888407 0.210563 0.000001
v -5.907334 0.193065 0.000001
v -5.924011 0.177081 0.000001
v -5.938000 0.163000 0.000001
v -6.001000 0.226000 0.000001
v -5.985575 0.240939 0.000001
v -5.967597 0.257514 0.000001
v -5.947516 0.275359 0.000001
v -5.925778 0.294111 0.000001
v -5.902832 0.313405 0.000001
v -5.879125 0.332875 0.000000
v -5.855106 0.352158 0.000000
v -5.831222 0.370889 0.000000
v -5.807922 0.388703 0.000000
v -5.785653 0.405236 0.000000
v -5.764863 0.420123 0.000000
v -5.660000 -0.237000 0.000001
v -5.713000 -0.319000 0.000001
v -5.753695 -0.310641 0.000001
v -5.792806 -0.301130 0.000001
v -5.830375 -0.290563 0.000001
v -5.866445 -0.279037 0.000001
v -5.901056 -0.266650 0.000001
v -5.934250 -0.253500 0.000001
v -5.966070 -0.239683 0.000001
v -5.996556 -0.225296 0.000001
v -6.025750 -0.210438 0.000001
v -6.053695 -0.195204 0.000001
v -6.080431 -0.179692 0.000001
v -6.106000 -0.164000 0.000001
v -6.143033 -0.139426 0.000001
v -6.178597 -0.113324 0.000001
v -6.212641 -0.085875 0.000001
v -6.245111 -0.057259 0.000001
v -6.275957 -0.027657 0.000001
v -6.305126 0.002750 0.000001
v -6.332565 0.033782 0.000001
v -6.358223 0.065259 0.000001
v -6.382048 0.097000 0.000001
v -6.403987 0.128824 0.000001
v -6.423989 0.160551 0.000001
v -6.442000 0.192000 0.000001
v -6.394000 0.277000 0.000001
v -6.378185 0.245773 0.000001
v -6.359815 0.213769 0.000001
v -6.339000 0.181250 0.000001
v -6.315852 0.148482 0.000001
v -6.290482 0.115727 0.000001
v -6.263000 0.083250 0.000001
v -6.233519 0.051315 0.000001
v -6.202148 0.020185 0.000001
v -6.169000 -0.009875 0.000001
v -6.134185 -0.038602 0.000001
v -6.097815 -0.065731 0.000001
v -6.060000 -0.091000 0.000001
v -6.035515 -0.105770 0.000001
v -6.009537 -0.120495 0.000001
v -5.982031 -0.135047 0.000001
v -5.952962 -0.149296 0.000001
v -5.922297 -0.163115 0.000001
v -5.889999 -0.176375 0.000001
v -5.856035 -0.188947 0.000001
v -5.820370 -0.200704 0.000001
v -5.782968 -0.211516 0.000001
v -5.743795 -0.221255 0.000001
v -5.702817 -0.229792 0.000001
v -5.384000 0.175000 0.000000
v -5.334000 0.210000 0.000000
v -5.331381 0.208771 0.000000
v -5.328547 0.207583 0.000000
v -5.325531 0.206438 0.000000
v -5.322371 0.205333 0.000000
v -5.319098 0.204271 0.000000
v -5.315750 0.203250 0.000000
v -5.312360 0.202271 0.000000
v -5.308963 0.201333 0.000000
v -5.305594 0.200438 0.000000
v -5.302287 0.199583 0.000000
v -5.299078 0.198771 0.000000
v -5.296000 0.198000 0.000000
v -5.284762 0.195497 0.000000
v -5.268431 0.192060 0.000000
v -5.247578 0.187797 0.000000
v -5.222778 0.182815 0.000000
v -5.194602 0.177222 0.000000
v -5.163625 0.171125 0.000000
v -5.130419 0.164633 0.000000
v -5.095556 0.157852 0.000000
v -5.059609 0.150891 0.000000
v -5.023153 0.143856 0.000000
v -4.986759 0.136857 0.000000
v -4.951000 0.130000 0.000000
v -4.918000 0.248000 0.000000
v -4.916522 0.254186 0.000000
v -4.915088 0.260241 0.000000
v -4.913703 0.266156 0.000000
v -4.912371 0.271926 0.000000
v -4.911093 0.277543 0.000000
v -4.909875 0.283000 0.000000
v -4.908719 0.288291 0.000000
v -4.907629 0.293407 0.000000
v -4.906609 0.298344 0.000000
v -4.905662 0.303093 0.000000
v -4.904791 0.307647 0.000000
v -4.904000 0.312000 0.000000
v -4.818000 0.291000 0.000000
v -4.820229 0.287146 0.000000
v -4.822417 0.283083 0.000000
v -4.824563 0.278813 0.000000
v -4.826667 0.274333 0.000000
v -4.828729 0.269646 0.000000
v -4.830750 0.264750 0.000000
v -4.832729 0.259646 0.000000
v -4.834667 0.254333 0.000000
v -4.836563 0.248813 0.000000
v -4.838417 0.243083 0.000000
v -4.840229 0.237146 0.000000
v -4.842000 0.231000 0.000000
v -4.875000 0.116000 0.000000
v -4.753000 0.094000 0.000000
v -4.745600 0.092771 0.000000
v -4.738380 0.091588 0.000000
v -4.731313 0.090453 0.000000
v -4.724370 0.089370 0.000000
v -4.717525 0.088343 0.000000
v -4.710750 0.087375 0.000000
v -4.704016 0.086469 0.000000
v -4.697296 0.085630 0.000000
v -4.690562 0.084859 0.000000
v -4.683787 0.084162 0.000000
v -4.676942 0.083541 0.000000
v -4.670000 0.083000 0.000000
v -4.690000 0.007000 0.000000
v -4.893000 0.048000 0.000000
v -4.993000 -0.317000 0.000000
v -4.994709 -0.323268 0.000000
v -4.996334 -0.329560 0.000000
v -4.997875 -0.335859 0.000000
v -4.999333 -0.342148 0.000000
v -5.000709 -0.348409 0.000000
v -5.002000 -0.354625 0.000000
v -5.003209 -0.360778 0.000000
v -5.004333 -0.366852 0.000000
v -5.005375 -0.372828 0.000000
v -5.006333 -0.378690 0.000000
v -5.007208 -0.384420 0.000000
v -5.008000 -0.390000 0.000000
v -5.093000 -0.368000 0.000000
v -5.091421 -0.363244 0.000000
v -5.089704 -0.358032 0.000000
v -5.087875 -0.352453 0.000000
v -5.085963 -0.346593 0.000000
v -5.083995 -0.340538 0.000000
v -5.082000 -0.334375 0.000000
v -5.080004 -0.328192 0.000000
v -5.078037 -0.322074 0.000000
v -5.076125 -0.316109 0.000000
v -5.074296 -0.310384 0.000000
v -5.072578 -0.304986 0.000000
v -5.071000 -0.300000 0.000000
v -5.067026 -0.286345 0.000000
v -5.061708 -0.267759 0.000000
v -5.055203 -0.244813 0.000000
v -5.047667 -0.218074 0.000000
v -5.039256 -0.188113 0.000000
v -5.030126 -0.155500 0.000000
v -5.020433 -0.120803 0.000000
v -5.010334 -0.084593 0.000000
v -4.999985 -0.047438 0.000000
v -4.989542 -0.009907 0.000000
v -4.979162 0.027428 0.000000
v -4.969000 0.064000 0.000000
v -5.272000 0.124000 0.000000
v -5.262677 0.108374 0.000000
v -5.251829 0.091657 0.000000
v -5.239641 0.074094 0.000000
v -5.226296 0.055926 0.000000
v -5.211980 0.037397 0.000000
v -5.196875 0.018750 0.000000
v -5.181166 0.000228 0.000000
v -5.165037 -0.017926 0.000000
v -5.148672 -0.035469 0.000000
v -5.132255 -0.052157 0.000000
v -5.115969 -0.067749 0.000000
v -5.100000 -0.082000 0.000000
v -5.171000 -0.117000 0.000000
v -5.188673 -0.098803 0.000000
v -5.207472 -0.078009 0.000000
v -5.227063 -0.055062 0.000000
v -5.247111 -0.030407 0.000000
v -5.267285 -0.004488 0.000000
v -5.287250 0.022250 0.000000
v -5.306674 0.049363 0.000000
v -5.325222 0.076407 0.000000
v -5.342562 0.102938 0.000000
v -5.358361 0.128509 0.000000
v -5.372284 0.152678 0.000000
v -3.658000 -0.254000 0.000000
v -3.704000 -0.335000 0.000000
v -3.728139 -0.329696 0.000000
v -3.753866 -0.323315 0.000000
v -3.780891 -0.315906 0.000000
v -3.808926 -0.307519 0.000000
v -3.837684 -0.298200 0.000000
v -3.866875 -0.288000 0.000000
v -3.896213 -0.276966 0.000000
v -3.925408 -0.265148 0.000000
v -3.954172 -0.252594 0.000000
v -3.982218 -0.239352 0.000000
v -4.009256 -0.225471 0.000000
v -4.035000 -0.211000 0.000000
v -4.074525 -0.186788 0.000000
v -4.113032 -0.161222 0.000000
v -4.150422 -0.134406 0.000000
v -4.186593 -0.106444 0.000000
v -4.221444 -0.077441 0.000000
v -4.254875 -0.047500 0.000000
v -4.286786 -0.016726 0.000000
v -4.317074 0.014778 0.000000
v -4.345641 0.046906 0.000000
v -4.372384 0.079556 0.000000
v -4.397204 0.112621 0.000000
v -4.420000 0.146000 0.000000
v -4.372000 0.229000 0.000000
v -4.350698 0.193973 0.000000
v -4.327329 0.159454 0.000000
v -4.301953 0.125531 0.000000
v -4.274629 0.092296 0.000000
v -4.245417 0.059839 0.000000
v -4.214375 0.028250 0.000000
v -4.181561 -0.002381 0.000000
v -4.147037 -0.031963 0.000000
v -4.110859 -0.060406 0.000000
v -4.073088 -0.087620 0.000000
v -4.033782 -0.113515 0.000000
v -3.993000 -0.138000 0.000000
v -3.967273 -0.151894 0.000000
v -3.940685 -0.165065 0.000000
v -3.913375 -0.177500 0.000000
v -3.885482 -0.189185 0.000000
v -3.857144 -0.200107 0.000000
v -3.828500 -0.210250 0.000000
v -3.799690 -0.219602 0.000000
v -3.770852 -0.228148 0.000000
v -3.742125 -0.235875 0.000000
v -3.713648 -0.242769 0.000000
v -3.685560 -0.248815 0.000000
v -3.657000 0.236000 0.000000
v -3.612000 0.168000 0.000000
v -3.628168 0.159480 0.000000
v -3.645931 0.149588 0.000000
v -3.664922 0.138578 0.000000
v -3.684778 0.126704 0.000000
v -3.705134 0.114218 0.000000
v -3.725625 0.101375 0.000000
v -3.745887 0.088428 0.000000
v -3.765556 0.075630 0.000000
v -3.784266 0.063234 0.000000
v -3.801653 0.051495 0.000000
v -3.817353 0.040666 0.000000
v -3.831000 0.031000 0.000000
v -3.876000 0.101000 0.000000
v -3.863785 0.109557 0.000000
v -3.848944 0.119542 0.000000
v -3.831938 0.130672 0.000000
v -3.813222 0.142667 0.000000
v -3.793257 0.155245 0.000000
v -3.772500 0.168125 0.000000
v -3.751410 0.181026 0.000000
v -3.730444 0.193667 0.000000
v -3.710063 0.205766 0.000000
v -3.690722 0.217042 0.000000
v -3.672882 0.227214 0.000000
v -4.235000 0.446000 0.000000
v -4.180000 0.423000 0.000000
v -4.188246 0.411221 0.000000
v -4.196464 0.398935 0.000000
v -4.204626 0.386219 0.000000
v -4.212704 0.373148 0.000000
v -4.220672 0.359800 0.000000
v -4.228500 0.346250 0.000000
v -4.236162 0.332575 0.000000
v -4.243630 0.318852 0.000000
v -4.250875 0.305156 0.000000
v -4.257871 0.291565 0.000000
v -4.264588 0.278154 0.000000
v -4.271000 0.265000 0.000000
v -4.328000 0.291000 0.000000
v -4.321816 0.303236 0.000000
v -4.314861 0.316301 0.000000
v -4.307281 0.329984 0.000000
v -4.299222 0.344074 0.000000
v -4.290830 0.358358 0.000000
v -4.282250 0.372625 0.000000
v -4.273629 0.386663 0.000000
v -4.265111 0.400259 0.000000
v -4.256844 0.413203 0.000000
v -4.248972 0.425282 0.000000
v -4.241642 0.436285 0.000000
v -4.366000 0.494000 0.000000
v -4.310000 0.470000 0.000000
v -4.318496 0.458509 0.000000
v -4.326967 0.446574 0.000000
v -4.335390 0.434250 0.000000
v -4.343740 0.421593 0.000000
v -4.351994 0.408657 0.000000
v -4.360125 0.395500 0.000000
v -4.368111 0.382176 0.000000
v -4.375926 0.368741 0.000000
v -4.383547 0.355250 0.000000
v -4.390949 0.341759 0.000000
v -4.398108 0.328324 0.000000
v -4.405000 0.315000 0.000000
v -4.462000 0.341000 0.000000
v -4.455375 0.353005 0.000000
v -4.448083 0.365875 0.000000
v -4.440250 0.379391 0.000000
v -4.432000 0.393333 0.000000
v -4.423459 0.407484 0.000000
v -4.414750 0.421625 0.000000
v -4.406000 0.435537 0.000000
v -4.397334 0.449000 0.000000
v -4.388875 0.461797 0.000000
v -4.380751 0.473708 0.000000
v -4.373084 0.484516 0.000000
v -3.808000 0.461000 0.000000
v -3.763000 0.394000 0.000000
v -3.778498 0.384751 0.000000
v -3.795732 0.374171 0.000000
v -3.814312 0.362516 0.000000
v -3.833852 0.350037 0.000000
v -3.853961 0.336989 0.000000
v -3.874250 0.323625 0.000000
v -3.894331 0.310198 0.000000
v -3.913815 0.296963 0.000000
v -3.932312 0.284172 0.000000
v -3.949435 0.272079 0.000000
v -3.964794 0.260937 0.000000
v -3.978000 0.251000 0.000000
v -4.025000 0.320000 0.000000
v -4.012824 0.328656 0.000000
v -3.998093 0.338917 0.000000
v -3.981250 0.350469 0.000000
v -3.962741 0.363000 0.000000
v -3.943009 0.376198 0.000000
v -3.922500 0.389750 0.000000
v -3.901658 0.403344 0.000000
v -3.880926 0.416667 0.000000
v -3.860750 0.429406 0.000000
v -3.841574 0.441250 0.000000
v -3.823843 0.451885 0.000000
v -2.598000 0.358000 0.000000
v -2.607000 0.271000 0.000000
v -2.636892 0.276763 0.000000
v -2.671884 0.282523 0.000000
v -2.710953 0.288234 0.000000
v -2.753074 0.293852 0.000000
v -2.797223 0.299330 0.000000
v -2.842375 0.304625 0.000000
v -2.887506 0.309690 0.000000
v -2.931593 0.314481 0.000000
v -2.973609 0.318953 0.000000
v -3.012532 0.323060 0.000000
v -3.047338 0.326758 0.000000
v -3.077000 0.330000 0.000000
v -3.053994 0.314775 0.000000
v -3.031204 0.296699 0.000000
v -3.008969 0.275922 0.000000
v -2.987630 0.252593 0.000000
v -2.967527 0.226861 0.000000
v -2.949000 0.198875 0.000000
v -2.932390 0.168785 0.000000
v -2.918037 0.136741 0.000000
v -2.906282 0.102891 0.000000
v -2.897463 0.067384 0.000000
v -2.891923 0.030371 0.000000
v -2.890000 -0.008000 0.000000
v -2.894259 -0.061185 0.000000
v -2.906486 -0.109315 0.000000
v -2.925859 -0.152500 0.000000
v -2.951556 -0.190852 0.000000
v -2.982752 -0.224481 0.000000
v -3.018625 -0.253500 0.000000
v -3.058352 -0.278019 0.000000
v -3.101111 -0.298148 0.000000
v -3.146078 -0.314000 0.000000
v -3.192430 -0.325685 0.000000
v -3.239345 -0.333315 0.000000
v -3.286000 -0.337000 0.000000
v -3.315000 -0.254000 0.000000
v -3.273971 -0.251289 0.000000
v -3.232847 -0.245977 0.000000
v -3.192328 -0.237797 0.000000
v -3.153111 -0.226481 0.000000
v -3.115894 -0.211763 0.000000
v -3.081375 -0.193375 0.000000
v -3.050252 -0.171049 0.000000
v -3.023222 -0.144519 0.000000
v -3.000985 -0.113516 0.000000
v -2.984236 -0.077773 0.000000
v -2.973676 -0.037024 0.000000
v -2.970000 0.009000 0.000000
v -2.971794 0.039357 0.000000
v -2.977102 0.070606 0.000000
v -2.985813 0.102266 0.000000
v -2.997815 0.133852 0.000000
v -3.012998 0.164883 0.000000
v -3.031250 0.194875 0.000000
v -3.052461 0.223347 0.000000
v -3.076519 0.249815 0.000000
v -3.103313 0.273797 0.000000
v -3.132732 0.294810 0.000000
v -3.164665 0.312372 0.000000
v -3.199000 0.326000 0.000000
v -3.212481 0.329466 0.000000
v -3.227268 0.332394 0.000000
v -3.243125 0.334828 0.000000
v -3.259815 0.336815 0.000000
v -3.277102 0.338399 0.000000
v -3.294750 0.339625 0.000000
v -3.312523 0.340539 0.000000
v -3.330185 0.341185 0.000000
v -3.347500 0.341609 0.000000
v -3.364232 0.341856 0.000000
v -3.380144 0.341972 0.000000
v -3.395000 0.342000 0.000000
v -3.395000 0.422000 0.000000
v -3.377694 0.421188 0.000000
v -3.359306 0.420250 0.000000
v -3.339875 0.419188 0.000000
v -3.319444 0.418000 0.000000
v -3.298056 0.416688 0.000000
v -3.275750 0.415250 0.000000
v -3.252570 0.413688 0.000000
v -3.228556 0.412000 0.000000
v -3.203750 0.410188 0.000000
v -3.178195 0.408250 0.000000
v -3.151931 0.406188 0.000000
v -3.125000 0.404000 0.000000
v -3.078970 0.400176 0.000000
v -3.033180 0.396241 0.000000
v -2.988078 0.392250 0.000000
v -2.944111 0.388259 0.000000
v -2.901727 0.384324 0.000000
v -2.861375 0.380500 0.000000
v -2.823502 0.376843 0.000000
v -2.788556 0.373407 0.000000
v -2.756984 0.370250 0.000000
v -2.729236 0.367426 0.000000
v -2.705759 0.364991 0.000000
v -2.687000 0.363000 0.000000
v -2.681983 0.362501 0.000000
v -2.676449 0.362005 0.000000
v -2.670422 0.361516 0.000000
v -2.663926 0.361037 0.000000
v -2.656986 0.360572 0.000000
v -2.649625 0.360125 0.000000
v -2.641869 0.359699 0.000000
v -2.633741 0.359296 0.000000
v -2.625266 0.358922 0.000000
v -2.616467 0.358579 0.000000
v -2.607371 0.358270 0.000000
v -3.251000 0.219000 0.000000
v -3.200000 0.197000 0.000000
v -3.207476 0.186530 0.000000
v -3.214894 0.175653 0.000000
v -3.222234 0.164422 0.000000
v -3.229482 0.152889 0.000000
v -3.236618 0.141106 0.000000
v -3.243625 0.129125 0.000000
v -3.250487 0.116998 0.000000
v -3.257186 0.104778 0.000000
v -3.263704 0.092516 0.000000
v -3.270024 0.080264 0.000000
v -3.276128 0.068075 0.000000
v -3.282000 0.056000 0.000000
v -3.333000 0.080000 0.000000
v -3.327415 0.091348 0.000000
v -3.321232 0.103282 0.000000
v -3.314563 0.115641 0.000000
v -3.307518 0.128259 0.000000
v -3.300211 0.140975 0.000000
v -3.292750 0.153625 0.000000
v -3.285248 0.166046 0.000000
v -3.277815 0.178074 0.000000
v -3.270563 0.189547 0.000000
v -3.263602 0.200301 0.000000
v -3.257044 0.210173 0.000000
v -3.360000 0.261000 0.000000
v -3.311000 0.238000 0.000000
v -3.318707 0.227358 0.000000
v -3.326320 0.216449 0.000000
v -3.333828 0.205297 0.000000
v -3.341223 0.193926 0.000000
v -3.348492 0.182361 0.000000
v -3.355625 0.170625 0.000000
v -3.362613 0.158744 0.000000
v -3.369445 0.146741 0.000000
v -3.376110 0.134641 0.000000
v -3.382598 0.122468 0.000000
v -3.388898 0.110246 0.000000
v -3.395000 0.098000 0.000000
v -3.447000 0.123000 0.000000
v -3.440915 0.134328 0.000000
v -3.434236 0.146208 0.000000
v -3.427078 0.158484 0.000000
v -3.419555 0.171000 0.000000
v -3.411783 0.183599 0.000000
v -3.403875 0.196125 0.000000
v -3.395946 0.208422 0.000000
v -3.388111 0.220333 0.000000
v -3.380484 0.231703 0.000000
v -3.373181 0.242375 0.000000
v -3.366314 0.252193 0.000000
v -2.481000 0.382000 0.000000
v -2.094000 0.382000 0.000000
v -2.094000 -0.300000 0.000000
v -2.490000 -0.300000 0.000000
v -2.490000 -0.212000 0.000000
v -2.192000 -0.212000 0.000000
v -2.192000 0.000000 0.000000
v -2.471000 0.000000 0.000000
v -2.471000 0.088000 0.000000
v -2.192000 0.088000 0.000000
v -2.192000 0.294000 0.000000
v -2.481000 0.294000 0.000000
v -1.967000 0.335000 0.000000
v -1.944196 0.344295 0.000000
v -1.922236 0.352690 0.000000
v -1.901047 0.360203 0.000000
v -1.880556 0.366852 0.000000
v -1.860689 0.372653 0.000000
v -1.841375 0.377625 0.000000
v -1.822540 0.381784 0.000000
v -1.804111 0.385148 0.000000
v -1.786016 0.387734 0.000000
v -1.768180 0.389560 0.000000
v -1.750533 0.390643 0.000000
v -1.733000 0.391000 0.000000
v -1.680056 0.387889 0.000000
v -1.629949 0.378778 0.000000
v -1.583016 0.364000 0.000000
v -1.539593 0.343889 0.000000
v -1.500017 0.318778 0.000000
v -1.464625 0.289000 0.000000
v -1.433754 0.254889 0.000000
v -1.407741 0.216778 0.000000
v -1.386922 0.175000 0.000000
v -1.371634 0.129889 0.000000
v -1.362215 0.081778 0.000000
v -1.359000 0.031000 0.000000
v -1.361352 -0.005730 0.000000
v -1.368481 -0.043838 0.000000
v -1.380500 -0.082453 0.000000
v -1.397519 -0.120704 0.000000
v -1.419648 -0.157718 0.000000
v -1.447000 -0.192625 0.000000
v -1.479685 -0.224553 0.000000
v -1.517815 -0.252630 0.000000
v -1.561500 -0.275984 0.000000
v -1.610852 -0.293745 0.000000
v -1.665982 -0.305041 0.000000
v -1.727000 -0.309000 0.000000
v -1.753058 -0.308488 0.000000
v -1.777796 -0.306986 0.000000
v -1.801312 -0.304547 0.000000
v -1.823704 -0.301222 0.000000
v -1.845067 -0.297064 0.000000
v -1.865500 -0.292125 0.000000
v -1.885099 -0.286457 0.000000
v -1.903963 -0.280111 0.000000
v -1.922187 -0.273141 0.000000
v -1.939870 -0.265597 0.000000
v -1.957109 -0.257533 0.000000
v -1.974000 -0.249000 0.000000
v -1.974000 -0.142000 0.000000
v -1.954612 -0.154019 0.000000
v -1.934981 -0.165065 0.000000
v -1.915156 -0.175125 0.000000
v -1.895185 -0.184185 0.000000
v -1.875117 -0.192231 0.000000
v -1.855000 -0.199250 0.000000
v -1.834883 -0.205227 0.000000
v -1.814815 -0.210148 0.000000
v -1.794844 -0.214000 0.000000
v -1.775018 -0.216769 0.000000
v -1.755388 -0.218440 0.000000
v -1.736000 -0.219000 0.000000
v -1.696118 -0.216826 0.000000
v -1.658611 -0.210440 0.000000
v -1.623687 -0.200047 0.000000
v -1.591555 -0.185852 0.000000
v -1.562424 -0.168060 0.000000
v -1.536500 -0.146875 0.000000
v -1.513993 -0.122503 0.000000
v -1.495111 -0.095148 0.000000
v -1.480062 -0.065016 0.000000
v -1.469056 -0.032310 0.000000
v -1.462299 0.002763 0.000000
v -1.460000 0.040000 0.000000
v -1.462373 0.076646 0.000000
v -1.469315 0.111417 0.000000
v -1.480562 0.144062 0.000000
v -1.495852 0.174333 0.000000
v -1.514919 0.201979 0.000000
v -1.537500 0.226750 0.000000
v -1.563331 0.248396 0.000000
v -1.592148 0.266667 0.000000
v -1.623687 0.281312 0.000000
v -1.657685 0.292083 0.000000
v -1.693877 0.298729 0.000000
v -1.732000 0.301000 0.000000
v -1.751615 0.300539 0.000000
v -1.771005 0.299144 0.000000
v -1.790234 0.296797 0.000000
v -1.809370 0.293481 0.000000
v -1.828478 0.289180 0.000000
v -1.847625 0.283875 0.000000
v -1.866876 0.277549 0.000000
v -1.886296 0.270185 0.000000
v -1.905953 0.261766 0.000000
v -1.925912 0.252273 0.000000
v -1.946239 0.241690 0.000000
v -1.967000 0.230000 0.000000
v -1.006000 0.386000 0.000000
v -0.937000 0.386000 0.000000
v -0.644000 -0.300000 0.000000
v -0.744000 -0.300000 0.000000
v -0.830000 -0.099000 0.000000
v -1.120000 -0.099000 0.000000
v -1.211000 -0.300000 0.000000
v -1.311000 -0.300000 0.000000
v -0.970000 0.236000 0.000000
v -1.080000 -0.011000 0.000000
v -0.868000 -0.011000 0.000000
v -0.204000 0.382000 0.000000
v -0.204000 -0.300000 0.000000
v -0.302000 -0.300000 0.000000
v -0.302000 -0.005000 0.000000
v -0.404000 -0.005000 0.000000
v -0.441716 -0.003285 0.000000
v -0.475898 0.001718 0.000000
v -0.506594 0.009797 0.000000
v -0.533852 0.020741 0.000000
v -0.557721 0.034337 0.000000
v -0.578250 0.050375 0.000000
v -0.595487 0.068642 0.000000
v -0.609481 0.088926 0.000000
v -0.620281 0.111016 0.000000
v -0.627935 0.134699 0.000000
v -0.632492 0.159765 0.000000
v -0.634000 0.186000 0.000000
v -0.632576 0.212544 0.000000
v -0.628273 0.238019 0.000000
v -0.621047 0.262188 0.000000
v -0.610852 0.284815 0.000000
v -0.597643 0.305664 0.000000
v -0.581375 0.324500 0.000000
v -0.562003 0.341086 0.000000
v -0.539481 0.355185 0.000000
v -0.513765 0.366563 0.000000
v -0.484810 0.374981 0.000000
v -0.452570 0.380206 0.000000
v -0.417000 0.382000 0.000000
v -0.302000 0.294000 0.000000
v -0.417000 0.294000 0.000000
v -0.437978 0.292909 0.000000
v -0.456495 0.289769 0.000000
v -0.472672 0.284781 0.000000
v -0.486629 0.278148 0.000000
v -0.498490 0.270071 0.000000
v -0.508375 0.260750 0.000000
v -0.516405 0.250388 0.000000
v -0.522703 0.239185 0.000000
v -0.527390 0.227344 0.000000
v -0.530588 0.215065 0.000000
v -0.532417 0.202550 0.000000
v -0.533000 0.190000 0.000000
v -0.532033 0.173610 0.000000
v -0.529180 0.158463 0.000000
v -0.524515 0.144594 0.000000
v -0.518111 0.132037 0.000000
v -0.510040 0.120828 0.000000
v -0.500375 0.111000 0.000000
v -0.489189 0.102589 0.000000
v -0.476555 0.095630 0.000000
v -0.462547 0.090156 0.000000
v -0.447236 0.086204 0.000000
v -0.430696 0.083807 0.000000
v -0.413000 0.083000 0.000000
v -0.302000 0.083000 0.000000
v -0.075000 0.343000 -0.000000
v -0.062919 0.350667 -0.000000
v -0.050685 0.357667 -0.000000
v -0.038312 0.364000 -0.000000
v -0.025814 0.369667 -0.000000
v -0.013206 0.374667 -0.000000
v -0.000500 0.379000 -0.000000
v 0.012290 0.382667 -0.000000
v 0.025148 0.385667 -0.000000
v 0.038063 0.388000 -0.000000
v 0.051019 0.389667 -0.000000
v 0.064003 0.390667 -0.000000
v 0.077000 0.391000 -0.000000
v 0.107332 0.389539 -0.000000
v 0.135736 0.385227 -0.000000
v 0.162078 0.378172 -0.000000
v 0.186223 0.368481 -0.000000
v 0.208033 0.356263 -0.000000
v 0.227375 0.341625 -0.000000
v 0.244113 0.324674 -0.000000
v 0.258111 0.305519 -0.000000
v 0.269235 0.284266 -0.000000
v 0.277348 0.261023 -0.000000
v 0.282315 0.235899 -0.000000
v 0.284000 0.209000 -0.000000
v 0.278196 0.165641 -0.000000
v 0.262149 0.128380 -0.000000
v 0.237907 0.096188 -0.000000
v 0.207519 0.068037 -0.000000
v 0.173034 0.042900 -0.000000
v 0.136500 0.019750 -0.000000
v 0.099967 -0.002442 -0.000000
v 0.065482 -0.024704 -0.000000
v 0.035094 -0.048063 -0.000000
v 0.010852 -0.073546 0.000000
v -0.005195 -0.102183 0.000000
v -0.011000 -0.135000 0.000000
v -0.010267 -0.144675 0.000000
v -0.008055 -0.154565 0.000000
v -0.004343 -0.164469 0.000000
v 0.000889 -0.174185 0.000000
v 0.007664 -0.183513 0.000000
v 0.016000 -0.192250 0.000000
v 0.025920 -0.200196 0.000000
v 0.037445 -0.207148 0.000000
v 0.050594 -0.212906 0.000000
v 0.065389 -0.217269 0.000000
v 0.081851 -0.220034 0.000000
v 0.100000 -0.221000 0.000000
v 0.116662 -0.220274 -0.000000
v 0.133125 -0.218111 -0.000000
v 0.149360 -0.214531 -0.000000
v 0.165334 -0.209556 -0.000000
v 0.181016 -0.203205 -0.000000
v 0.196375 -0.195500 -0.000000
v 0.211381 -0.186462 -0.000000
v 0.226000 -0.176111 -0.000000
v 0.240203 -0.164469 -0.000000
v 0.253959 -0.151556 -0.000000
v 0.267235 -0.137392 -0.000000
v 0.280000 -0.122000 -0.000000
v 0.280000 -0.246000 -0.000000
v 0.265682 -0.256273 -0.000000
v 0.251199 -0.265597 -0.000000
v 0.236516 -0.273984 -0.000000
v 0.221593 -0.281444 -0.000000
v 0.206392 -0.287988 -0.000000
v 0.190875 -0.293625 -0.000000
v 0.175004 -0.298366 -0.000000
v 0.158741 -0.302222 -0.000000
v 0.142047 -0.305203 0.000000
v 0.124885 -0.307319 0.000000
v 0.107215 -0.308582 0.000000
v 0.089000 -0.309000 0.000000
v 0.062135 -0.307403 0.000000
v 0.036658 -0.302727 0.000000
v 0.012750 -0.295141 0.000000
v -0.009407 -0.284815 0.000000
v -0.029634 -0.271920 0.000000
v -0.047750 -0.256625 0.000000
v -0.063574 -0.239101 0.000000
v -0.076926 -0.219519 0.000000
v -0.087625 -0.198047 0.000000
v -0.095490 -0.174856 0.000000
v -0.100342 -0.150117 0.000000
v -0.102000 -0.124000 0.000000
v -0.096195 -0.074109 0.000000
v -0.080148 -0.032120 0.000000
v -0.055906 0.003187 0.000000
v -0.025518 0.033037 0.000000
v 0.008967 0.058650 -0.000000
v 0.045500 0.081250 -0.000000
v 0.082034 0.102058 -0.000000
v 0.116519 0.122296 -0.000000
v 0.146907 0.143188 -0.000000
v 0.171148 0.165954 -0.000000
v 0.187196 0.191817 -0.000000
v 0.193000 0.222000 -0.000000
v 0.192078 0.233677 -0.000000
v 0.189375 0.244667 -0.000000
v 0.184985 0.254906 -0.000000
v 0.179000 0.264333 -0.000000
v 0.171516 0.272885 -0.000000
v 0.162625 0.280500 -0.000000
v 0.152422 0.287115 -0.000000
v 0.141000 0.292667 -0.000000
v 0.128453 0.297094 -0.000000
v 0.114875 0.300333 -0.000000
v 0.100360 0.302323 -0.000000
v 0.085000 0.303000 -0.000000
v 0.073297 0.302653 -0.000000
v 0.061204 0.301560 -0.000000
v 0.048750 0.299641 -0.000000
v 0.035963 0.296815 -0.000000
v 0.022871 0.293003 -0.000000
v 0.009500 0.288125 -0.000000
v -0.004120 0.282101 -0.000000
v -0.017963 0.274852 -0.000000
v -0.032000 0.266297 -0.000000
v -0.046203 0.256356 -0.000000
v -0.060546 0.244951 -0.000000
v -0.075000 0.232000 -0.000000
v 0.947000 0.527000 -0.000000
v 0.947001 0.508042 -0.000000
v 0.947009 0.489171 -0.000000
v 0.947031 0.470391 -0.000000
v 0.947074 0.451704 -0.000000
v 0.947145 0.433114 -0.000000
v 0.947250 0.414625 -0.000000
v 0.947397 0.396240 -0.000000
v 0.947593 0.377963 -0.000000
v 0.947844 0.359797 -0.000000
v 0.948158 0.341745 -0.000000
v 0.948541 0.323812 -0.000000
v 0.949000 0.306000 -0.000000
v 1.068000 0.306000 -0.000000
v 1.068000 0.237000 -0.000000
v 0.951000 0.237000 -0.000000
v 0.953630 0.190302 -0.000000
v 0.957121 0.144750 -0.000000
v 0.961625 0.100406 -0.000000
v 0.967297 0.057333 -0.000000
v 0.974287 0.015594 -0.000000
v 0.982750 -0.024750 -0.000000
v 0.992838 -0.063635 -0.000000
v 1.004704 -0.101000 -0.000000
v 1.018500 -0.136781 -0.000000
v 1.034380 -0.170917 -0.000000
v 1.052496 -0.203344 -0.000000
v 1.073000 -0.234000 -0.000000
v 1.073000 -0.230000 -0.000000
v 1.274000 -0.251000 -0.000000
v 1.274000 -0.171000 -0.000000
v 1.077000 -0.171000 -0.000000
v 1.077000 -0.113000 -0.000000
v 1.274000 -0.113000 -0.000000
v 1.274000 -0.052000 -0.000000
v 1.079000 -0.052000 -0.000000
v 1.079000 0.247000 -0.000000
v 1.274000 0.247000 -0.000000
v 1.274000 0.310000 -0.000000
v 1.060000 0.310000 -0.000000
v 1.060000 0.369000 -0.000000
v 1.274000 0.369000 -0.000000
v 1.274000 0.443000 -0.000000
v 1.255840 0.445022 -0.000000
v 1.237884 0.447093 -0.000000
v 1.220172 0.449219 -0.000000
v 1.202741 0.451407 -0.000000
v 1.185629 0.453666 -0.000000
v 1.168875 0.456000 -0.000000
v 1.152517 0.458418 -0.000000
v 1.136593 0.460926 -0.000000
v 1.121141 0.463531 -0.000000
v 1.106199 0.466241 -0.000000
v 1.091806 0.469061 -0.000000
v 1.078000 0.472000 -0.000000
v 1.115000 0.530000 -0.000000
v 1.142560 0.524128 -0.000000
v 1.172982 0.518523 -0.000000
v 1.205875 0.513203 -0.000000
v 1.240852 0.508185 -0.000000
v 1.277523 0.503487 -0.000000
v 1.315500 0.499125 -0.000000
v 1.354394 0.495117 -0.000000
v 1.393815 0.491481 -0.000000
v 1.433375 0.488234 -0.000000
v 1.472686 0.485394 -0.000000
v 1.511357 0.482976 -0.000000
v 1.549000 0.481000 -0.000000
v 1.547233 0.476843 -0.000000
v 1.545445 0.472407 -0.000000
v 1.543657 0.467750 -0.000000
v 1.541889 0.462926 -0.000000
v 1.540164 0.457991 -0.000000
v 1.538500 0.453000 -0.000000
v 1.536920 0.448009 -0.000000
v 1.535445 0.443074 -0.000000
v 1.534094 0.438250 -0.000000
v 1.532889 0.433593 -0.000000
v 1.531851 0.429157 -0.000000
v 1.531000 0.425000 -0.000000
v 1.516129 0.425541 -0.000000
v 1.501033 0.426162 -0.000000
v 1.485735 0.426859 -0.000000
v 1.470259 0.427630 -0.000000
v 1.454632 0.428469 -0.000000
v 1.438875 0.429375 -0.000000
v 1.423015 0.430343 -0.000000
v 1.407074 0.431370 -0.000000
v 1.391078 0.432453 -0.000000
v 1.375051 0.433588 -0.000000
v 1.359017 0.434771 -0.000000
v 1.343000 0.436000 -0.000000
v 1.343000 0.369000 -0.000000
v 1.560000 0.369000 -0.000000
v 1.560000 0.310000 -0.000000
v 1.343000 0.310000 -0.000000
v 1.343000 0.247000 -0.000000
v 1.530000 0.247000 -0.000000
v 1.530000 -0.052000 -0.000000
v 1.343000 -0.052000 -0.000000
v 1.343000 -0.113000 -0.000000
v 1.533000 -0.113000 -0.000000
v 1.533000 -0.171000 -0.000000
v 1.343000 -0.171000 -0.000000
v 1.343000 -0.258000 -0.000000
v 1.560000 -0.278000 -0.000000
v 1.550000 -0.344000 -0.000000
v 1.520881 -0.340878 -0.000000
v 1.490130 -0.337528 -0.000000
v 1.457906 -0.333969 -0.000000
v 1.424371 -0.330222 -0.000000
v 1.389682 -0.326309 -0.000000
v 1.354000 -0.322250 -0.000000
v 1.317485 -0.318066 -0.000000
v 1.280297 -0.313778 -0.000000
v 1.242594 -0.309406 -0.000000
v 1.204537 -0.304972 -0.000000
v 1.166286 -0.300497 -0.000000
v 1.128000 -0.296000 -0.000000
v 1.131291 -0.298999 -0.000000
v 1.134658 -0.301995 -0.000000
v 1.138094 -0.304984 -0.000000
v 1.141593 -0.307963 -0.000000
v 1.145147 -0.310928 -0.000000
v 1.148750 -0.313875 -0.000000
v 1.152395 -0.316801 -0.000000
v 1.156074 -0.319704 -0.000000
v 1.159781 -0.322578 -0.000000
v 1.163509 -0.325421 -0.000000
v 1.167251 -0.328230 -0.000000
v 1.171000 -0.331000 -0.000000
v 1.166347 -0.334259 -0.000000
v 1.161440 -0.337986 -0.000000
v 1.156360 -0.342109 -0.000000
v 1.151186 -0.346556 -0.000000
v 1.145997 -0.351252 -0.000000
v 1.140875 -0.356125 -0.000000
v 1.135899 -0.361102 -0.000000
v 1.131148 -0.366111 -0.000000
v 1.126703 -0.371078 -0.000000
v 1.122644 -0.375931 -0.000000
v 1.119049 -0.380596 -0.000000
v 1.116000 -0.385000 -0.000000
v 1.073983 -0.349940 -0.000000
v 1.037195 -0.311356 -0.000000
v 1.005281 -0.269391 -0.000000
v 0.977889 -0.224185 -0.000000
v 0.954663 -0.175883 -0.000000
v 0.935250 -0.124625 -0.000000
v 0.919295 -0.070555 -0.000000
v 0.906445 -0.013815 -0.000000
v 0.896344 0.045453 -0.000000
v 0.888639 0.107107 -0.000000
v 0.882976 0.171003 -0.000000
v 0.879000 0.237000 -0.000000
v 0.737000 0.237000 -0.000000
v 0.739548 0.150279 -0.000000
v 0.742213 0.072815 -0.000000
v 0.745031 0.004156 -0.000000
v 0.748037 -0.056148 -0.000000
v 0.751265 -0.108550 -0.000000
v 0.754750 -0.153500 -0.000000
v 0.758527 -0.191450 -0.000000
v 0.762630 -0.222852 -0.000000
v 0.767094 -0.248156 -0.000000
v 0.771954 -0.267815 -0.000000
v 0.777244 -0.282279 -0.000000
v 0.783000 -0.292000 -0.000000
v 0.785274 -0.295026 -0.000000
v 0.787607 -0.297625 -0.000000
v 0.790016 -0.299828 -0.000000
v 0.792519 -0.301667 -0.000000
v 0.795133 -0.303172 -0.000000
v 0.797875 -0.304375 -0.000000
v 0.800764 -0.305307 -0.000000
v 0.803815 -0.306000 -0.000000
v 0.807047 -0.306484 -0.000000
v 0.810477 -0.306792 -0.000000
v 0.814122 -0.306953 -0.000000
v 0.818000 -0.307000 -0.000000
v 0.823279 -0.306998 -0.000000
v 0.829565 -0.306981 -0.000000
v 0.836782 -0.306937 -0.000000
v 0.844852 -0.306852 -0.000000
v 0.853700 -0.306711 -0.000000
v 0.863250 -0.306500 -0.000000
v 0.873425 -0.306206 -0.000000
v 0.884148 -0.305815 -0.000000
v 0.895344 -0.305312 -0.000000
v 0.906935 -0.304685 -0.000000
v 0.918846 -0.303919 -0.000000
v 0.931000 -0.303000 -0.000000
v 0.928085 -0.308217 -0.000000
v 0.925343 -0.313819 -0.000000
v 0.922781 -0.319734 -0.000000
v 0.920408 -0.325889 -0.000000
v 0.918228 -0.332210 -0.000000
v 0.916250 -0.338625 -0.000000
v 0.914481 -0.345061 -0.000000
v 0.912926 -0.351444 -0.000000
v 0.911594 -0.357703 -0.000000
v 0.910491 -0.363764 -0.000000
v 0.909624 -0.369554 -0.000000
v 0.909000 -0.375000 -0.000000
v 0.897261 -0.375477 -0.000000
v 0.885584 -0.375898 -0.000000
v 0.874031 -0.376250 -0.000000
v 0.862667 -0.376519 -0.000000
v 0.851552 -0.376690 -0.000000
v 0.840750 -0.376750 -0.000000
v 0.830323 -0.376685 -0.000000
v 0.820334 -0.376482 -0.000000
v 0.810844 -0.376125 -0.000000
v 0.801917 -0.375602 -0.000000
v 0.793615 -0.374898 -0.000000
v 0.786000 -0.374000 -0.000000
v 0.778704 -0.373138 -0.000000
v 0.771801 -0.372019 -0.000000
v 0.765266 -0.370594 -0.000000
v 0.759074 -0.368815 -0.000000
v 0.753202 -0.366633 -0.000000
v 0.747625 -0.364000 -0.000000
v 0.742319 -0.360867 -0.000000
v 0.737259 -0.357185 -0.000000
v 0.732422 -0.352906 -0.000000
v 0.727783 -0.347982 -0.000000
v 0.723317 -0.342362 -0.000000
v 0.719000 -0.336000 -0.000000
v 0.710986 -0.323351 -0.000000
v 0.703884 -0.305977 -0.000000
v 0.697610 -0.283234 -0.000000
v 0.692074 -0.254481 -0.000000
v 0.687192 -0.219076 -0.000000
v 0.682875 -0.176375 -0.000000
v 0.679038 -0.125737 -0.000000
v 0.675593 -0.066519 -0.000000
v 0.672453 0.001922 -0.000000
v 0.669533 0.080227 -0.000000
v 0.666744 0.169039 -0.000000
v 0.664000 0.269000 -0.000000
v 0.664000 0.271619 -0.000000
v 0.664000 0.274866 -0.000000
v 0.664000 0.278578 -0.000000
v 0.664000 0.282593 -0.000000
v 0.664000 0.286746 -0.000000
v 0.664000 0.290875 -0.000000
v 0.664000 0.294817 -0.000000
v 0.664000 0.298407 -0.000000
v 0.664000 0.301484 -0.000000
v 0.664000 0.303884 -0.000000
v 0.664000 0.305444 -0.000000
v 0.664000 0.306000 -0.000000
v 0.877000 0.306000 -0.000000
v 0.876521 0.323812 -0.000000
v 0.876084 0.341745 -0.000000
v 0.875688 0.359797 -0.000000
v 0.875334 0.377963 -0.000000
v 0.875021 0.396240 -0.000000
v 0.874750 0.414625 -0.000000
v 0.874521 0.433114 -0.000000
v 0.874334 0.451704 -0.000000
v 0.874188 0.470391 -0.000000
v 0.874083 0.489171 -0.000000
v 0.874021 0.508042 -0.000000
v 0.874000 0.527000 -0.000000
v 1.468000 0.073000 -0.000000
v 1.343000 0.073000 -0.000000
v 1.343000 0.000000 -0.000000
v 1.468000 0.000000 -0.000000
v 1.274000 0.073000 -0.000000
v 1.143000 0.073000 -0.000000
v 1.143000 0.000000 -0.000000
v 1.274000 0.000000 -0.000000
v 1.468000 0.195000 -0.000000
v 1.343000 0.195000 -0.000000
v 1.343000 0.123000 -0.000000
v 1.468000 0.123000 -0.000000
v 1.274000 0.195000 -0.000000
v 1.143000 0.195000 -0.000000
v 1.143000 0.123000 -0.000000
v 1.274000 0.123000 -0.000000
v 2.262000 0.531000 -0.000000
v 2.279733 0.523296 -0.000000
v 2.299283 0.515704 -0.000000
v 2.320422 0.508250 -0.000000
v 2.342926 0.500963 -0.000000
v 2.366569 0.493870 -0.000000
v 2.391125 0.487000 -0.000000
v 2.416369 0.480380 -0.000000
v 2.442074 0.474037 -0.000000
v 2.468016 0.468000 -0.000000
v 2.493968 0.462296 -0.000000
v 2.519705 0.456954 -0.000000
v 2.545000 0.452000 -0.000000
v 2.542734 0.447593 -0.000000
v 2.540454 0.442912 -0.000000
v 2.538188 0.438016 -0.000000
v 2.535964 0.432963 -0.000000
v 2.533808 0.427813 -0.000000
v 2.531751 0.422625 -0.000000
v 2.529818 0.417458 -0.000000
v 2.528038 0.412370 -0.000000
v 2.526438 0.407422 -0.000000
v 2.525047 0.402671 -0.000000
v 2.523892 0.398178 -0.000000
v 2.523000 0.394000 -0.000000
v 2.513439 0.395521 -0.000000
v 2.503764 0.397088 -0.000000
v 2.493985 0.398703 -0.000000
v 2.484112 0.400370 -0.000000
v 2.474155 0.402093 -0.000000
v 2.464125 0.403875 -0.000000
v 2.454033 0.405719 -0.000000
v 2.443889 0.407630 -0.000000
v 2.433704 0.409609 -0.000000
v 2.423487 0.411662 -0.000000
v 2.413249 0.413791 -0.000000
v 2.403000 0.416000 -0.000000
v 2.403000 0.253000 -0.000000
v 2.555000 0.253000 -0.000000
v 2.555000 0.183000 -0.000000
v 2.418000 0.183000 -0.000000
v 2.427254 0.154190 -0.000000
v 2.437449 0.124935 -0.000000
v 2.448484 0.095500 -0.000000
v 2.460259 0.066148 -0.000000
v 2.472673 0.037144 -0.000000
v 2.485625 0.008750 -0.000000
v 2.499014 -0.018769 -0.000000
v 2.512740 -0.045148 -0.000000
v 2.526703 -0.070125 -0.000000
v 2.540800 -0.093435 -0.000000
v 2.554933 -0.114815 -0.000000
v 2.569000 -0.134000 -0.000000
v 2.565885 -0.138738 -0.000000
v 2.562574 -0.143903 -0.000000
v 2.559125 -0.149422 -0.000000
v 2.555593 -0.155222 -0.000000
v 2.552033 -0.161231 -0.000000
v 2.548501 -0.167375 -0.000000
v 2.545052 -0.173582 -0.000000
v 2.541741 -0.179778 -0.000000
v 2.538626 -0.185891 -0.000000
v 2.535760 -0.191847 -0.000000
v 2.533200 -0.197575 -0.000000
v 2.531000 -0.203000 -0.000000
v 2.519506 -0.186459 -0.000000
v 2.508046 -0.168426 -0.000000
v 2.496656 -0.149031 -0.000000
v 2.485371 -0.128407 -0.000000
v 2.474224 -0.106686 -0.000000
v 2.463250 -0.084000 -0.000000
v 2.452485 -0.060480 -0.000000
v 2.441963 -0.036259 -0.000000
v 2.431719 -0.011469 -0.000000
v 2.421787 0.013759 -0.000000
v 2.412203 0.039293 -0.000000
v 2.403000 0.065000 -0.000000
v 2.403000 -0.381000 -0.000000
v 2.333000 -0.381000 -0.000000
v 2.333000 0.080000 -0.000000
v 2.325641 0.068503 -0.000000
v 2.318125 0.056606 -0.000000
v 2.310547 0.044453 -0.000000
v 2.303000 0.032185 -0.000000
v 2.295578 0.019945 -0.000000
v 2.288375 0.007875 -0.000000
v 2.281485 -0.003883 -0.000000
v 2.275000 -0.015185 -0.000000
v 2.269016 -0.025891 -0.000000
v 2.263625 -0.035856 -0.000000
v 2.258922 -0.044940 -0.000000
v 2.255000 -0.053000 -0.000000
v 2.211000 0.007000 -0.000000
v 2.216704 0.014727 -0.000000
v 2.224551 0.025069 -0.000000
v 2.234141 0.037516 -0.000000
v 2.245074 0.051556 -0.000000
v 2.256952 0.066679 -0.000000
v 2.269375 0.082375 -0.000000
v 2.281944 0.098134 -0.000000
v 2.294260 0.113444 -0.000000
v 2.305922 0.127797 -0.000000
v 2.316533 0.140681 -0.000000
v 2.325692 0.151585 -0.000000
v 2.333000 0.160000 -0.000000
v 2.333000 0.183000 -0.000000
v 2.210000 0.183000 -0.000000
v 2.210000 0.253000 -0.000000
v 2.333000 0.253000 -0.000000
v 2.333000 0.433000 -0.000000
v 2.322295 0.435791 -0.000000
v 2.311690 0.438662 -0.000000
v 2.301203 0.441609 -0.000000
v 2.290852 0.444630 -0.000000
v 2.280654 0.447719 -0.000000
v 2.270625 0.450875 -0.000000
v 2.260784 0.454093 -0.000000
v 2.251148 0.457370 -0.000000
v 2.241735 0.460703 -0.000000
v 2.232561 0.464088 -0.000000
v 2.223643 0.467521 -0.000000
v 2.215000 0.471000 -0.000000
v 2.091000 0.289000 -0.000000
v 2.082675 0.283840 -0.000000
v 2.074231 0.278384 -0.000000
v 2.065719 0.272672 -0.000000
v 2.057185 0.266741 -0.000000
v 2.048679 0.260629 -0.000000
v 2.040250 0.254375 -0.000000
v 2.031946 0.248017 -0.000000
v 2.023815 0.241593 -0.000000
v 2.015906 0.235141 -0.000000
v 2.008269 0.228699 -0.000000
v 2.000950 0.222306 -0.000000
v 1.994000 0.216000 -0.000000
v 2.011432 0.206708 -0.000000
v 2.029208 0.197833 -0.000000
v 2.047297 0.189375 -0.000000
v 2.065667 0.181333 -0.000000
v 2.084287 0.173708 -0.000000
v 2.103125 0.166500 -0.000000
v 2.122151 0.159708 -0.000000
v 2.141334 0.153333 -0.000000
v 2.160641 0.147375 -0.000000
v 2.180042 0.141833 -0.000000
v 2.199506 0.136708 -0.000000
v 2.219000 0.132000 -0.000000
v 2.215655 0.128052 -0.000000
v 2.212153 0.123745 -0.000000
v 2.208547 0.119141 -0.000000
v 2.204889 0.114296 -0.000000
v 2.201231 0.109271 -0.000000
v 2.197625 0.104125 -0.000000
v 2.194124 0.098916 -0.000000
v 2.190778 0.093704 -0.000000
v 2.187641 0.088547 -0.000000
v 2.184764 0.083505 -0.000000
v 2.182200 0.078636 -0.000000
v 2.180000 0.074000 -0.000000
v 2.130184 0.088391 -0.000000
v 2.080973 0.105130 -0.000000
v 2.032719 0.124313 -0.000000
v 1.985778 0.146037 -0.000000
v 1.940504 0.170400 -0.000000
v 1.897250 0.197500 -0.000000
v 1.856372 0.227433 -0.000000
v 1.818223 0.260296 -0.000000
v 1.783157 0.296188 -0.000000
v 1.751528 0.335204 -0.000000
v 1.723691 0.377442 -0.000000
v 1.700000 0.423000 -0.000000
v 1.748000 0.447000 -0.000000
v 1.761000 0.444000 -0.000000
v 1.949000 0.444000 -0.000000
v 1.943292 0.450750 -0.000000
v 1.937671 0.457500 -0.000000
v 1.932141 0.464250 -0.000000
v 1.926704 0.471000 -0.000000
v 1.921364 0.477750 -0.000000
v 1.916125 0.484500 -0.000000
v 1.910990 0.491250 -0.000000
v 1.905963 0.498000 -0.000000
v 1.901047 0.504750 -0.000000
v 1.896245 0.511500 -0.000000
v 1.891562 0.518250 -0.000000
v 1.887000 0.525000 -0.000000
v 1.964000 0.540000 -0.000000
v 1.976162 0.521291 -0.000000
v 1.990125 0.502245 -0.000000
v 2.005860 0.482984 -0.000000
v 2.023334 0.463630 -0.000000
v 2.042516 0.444303 -0.000000
v 2.063375 0.425125 -0.000000
v 2.085881 0.406218 -0.000000
v 2.110000 0.387704 -0.000000
v 2.135704 0.369703 -0.000000
v 2.162959 0.352338 -0.000000
v 2.191735 0.335730 -0.000000
v 2.222000 0.320000 -0.000000
v 2.217865 0.317201 -0.000000
v 2.213500 0.313861 -0.000000
v 2.208969 0.310062 -0.000000
v 2.204334 0.305889 -0.000000
v 2.199657 0.301424 -0.000000
v 2.195000 0.296750 -0.000000
v 2.190428 0.291951 -0.000000
v 2.186000 0.287111 -0.000000
v 2.181782 0.282312 -0.000000
v 2.177834 0.277639 -0.000000
v 2.174219 0.273174 -0.000000
v 2.171000 0.269000 -0.000000
v 2.155936 0.277352 -0.000000
v 2.141241 0.285903 -0.000000
v 2.126906 0.294641 -0.000000
v 2.112926 0.303556 -0.000000
v 2.099293 0.312637 -0.000000
v 2.086000 0.321875 -0.000000
v 2.073041 0.331259 -0.000000
v 2.060408 0.340778 -0.000000
v 2.048094 0.350422 -0.000000
v 2.036093 0.360181 -0.000000
v 2.024397 0.370043 -0.000000
v 2.013000 0.380000 -0.000000
v 1.804000 0.380000 -0.000000
v 1.812268 0.367895 -0.000000
v 1.821056 0.356079 -0.000000
v 1.830344 0.344547 -0.000000
v 1.840111 0.333296 -0.000000
v 1.850337 0.322324 -0.000000
v 1.861000 0.311625 -0.000000
v 1.872080 0.301197 -0.000000
v 1.883556 0.291037 -0.000000
v 1.895406 0.281141 -0.000000
v 1.907611 0.271505 -0.000000
v 1.920150 0.262126 -0.000000
v 1.933000 0.253000 -0.000000
v 1.940470 0.259325 -0.000000
v 1.948338 0.265769 -0.000000
v 1.956547 0.272281 -0.000000
v 1.965037 0.278815 -0.000000
v 1.973750 0.285321 -0.000000
v 1.982625 0.291750 -0.000000
v 1.991605 0.298054 -0.000000
v 2.000630 0.304185 -0.000000
v 2.009641 0.310094 -0.000000
v 2.018579 0.315732 -0.000000
v 2.027385 0.321050 -0.000000
v 2.036000 0.326000 -0.000000
v 2.043000 -0.106000 -0.000000
v 2.033156 -0.112469 -0.000000
v 2.023167 -0.119338 -0.000000
v 2.013094 -0.126547 -0.000000
v 2.003000 -0.134037 -0.000000
v 1.992948 -0.141749 -0.000000
v 1.983000 -0.149625 -0.000000
v 1.973219 -0.157605 -0.000000
v 1.963667 -0.165630 -0.000000
v 1.954406 -0.173641 -0.000000
v 1.945500 -0.181579 -0.000000
v 1.937011 -0.189385 -0.000000
v 1.929000 -0.197000 -0.000000
v 1.952116 -0.212064 -0.000000
v 1.975931 -0.226259 -0.000000
v 2.000391 -0.239594 -0.000000
v 2.025445 -0.252074 -0.000000
v 2.051040 -0.263707 -0.000000
v 2.077125 -0.274500 -0.000000
v 2.103648 -0.284460 -0.000000
v 2.130556 -0.293593 -0.000000
v 2.157797 -0.301906 -0.000000
v 2.185319 -0.309407 -0.000000
v 2.213071 -0.316103 -0.000000
v 2.241000 -0.322000 -0.000000
v 2.237655 -0.326218 -0.000000
v 2.234153 -0.330829 -0.000000
v 2.230547 -0.335766 -0.000000
v 2.226889 -0.340963 -0.000000
v 2.223231 -0.346355 -0.000000
v 2.219625 -0.351875 -0.000000
v 2.216124 -0.357458 -0.000000
v 2.212778 -0.363037 -0.000000
v 2.209641 -0.368547 -0.000000
v 2.206764 -0.373921 -0.000000
v 2.204200 -0.379094 -0.000000
v 2.202000 -0.384000 -0.000000
v 2.140814 -0.367984 -0.000000
v 2.081014 -0.348792 -0.000000
v 2.022985 -0.326203 -0.000000
v 1.967111 -0.300000 -0.000000
v 1.913780 -0.269964 -0.000000
v 1.863375 -0.235875 -0.000000
v 1.816283 -0.197516 -0.000000
v 1.772889 -0.154667 -0.000000
v 1.733578 -0.107109 -0.000000
v 1.698736 -0.054625 -0.000000
v 1.668748 0.003005 -0.000000
v 1.644000 0.066000 -0.000000
v 1.693000 0.088000 -0.000000
v 1.706000 0.085000 -0.000000
v 1.880000 0.085000 -0.000000
v 1.874832 0.091270 -0.000000
v 1.869820 0.097579 -0.000000
v 1.864953 0.103922 -0.000000
v 1.860222 0.110296 -0.000000
v 1.855616 0.116699 -0.000000
v 1.851125 0.123125 -0.000000
v 1.846738 0.129572 -0.000000
v 1.842445 0.136037 -0.000000
v 1.838234 0.142516 -0.000000
v 1.834097 0.149005 -0.000000
v 1.830023 0.155501 -0.000000
v 1.826000 0.162000 -0.000000
v 1.903000 0.177000 -0.000000
v 1.916621 0.154275 -0.000000
v 1.932468 0.131204 -0.000000
v 1.950516 0.107938 -0.000000
v 1.970741 0.084630 -0.000000
v 1.993119 0.061433 -0.000000
v 2.017625 0.038500 -0.000000
v 2.044236 0.015984 -0.000000
v 2.072926 -0.005963 -0.000000
v 2.103672 -0.027188 -0.000000
v 2.136449 -0.047537 -0.000000
v 2.171233 -0.066859 -0.000000
v 2.208000 -0.085000 -0.000000
v 2.203675 -0.088028 -0.000000
v 2.199232 -0.091560 -0.000000
v 2.194719 -0.095516 -0.000000
v 2.190186 -0.099815 -0.000000
v 2.185680 -0.104378 -0.000000
v 2.181250 -0.109125 -0.000000
v 2.176946 -0.113976 -0.000000
v 2.172815 -0.118852 -0.000000
v 2.168906 -0.123672 -0.000000
v 2.165269 -0.128356 -0.000000
v 2.161950 -0.132826 -0.000000
v 2.159000 -0.137000 -0.000000
v 2.137082 -0.125565 -0.000000
v 2.115824 -0.113773 -0.000000
v 2.095219 -0.101641 -0.000000
v 2.075259 -0.089185 -0.000000
v 2.055939 -0.076424 -0.000000
v 2.037250 -0.063375 -0.000000
v 2.019187 -0.050055 -0.000000
v 2.001741 -0.036481 -0.000000
v 1.984907 -0.022672 -0.000000
v 1.968676 -0.008644 -0.000000
v 1.953043 0.005586 -0.000000
v 1.938000 0.020000 -0.000000
v 1.741000 0.020000 -0.000000
v 1.749269 0.003208 -0.000000
v 1.758070 -0.013167 -0.000000
v 1.767391 -0.029125 -0.000000
v 1.777222 -0.044667 -0.000000
v 1.787554 -0.059792 -0.000000
v 1.798375 -0.074500 -0.000000
v 1.809676 -0.088792 -0.000000
v 1.821445 -0.102667 -0.000000
v 1.833672 -0.116125 -0.000000
v 1.846347 -0.129167 -0.000000
v 1.859460 -0.141792 -0.000000
v 1.873000 -0.154000 -0.000000
v 1.881011 -0.146445 -0.000000
v 1.889500 -0.138810 -0.000000
v 1.898406 -0.131141 -0.000000
v 1.907667 -0.123481 -0.000000
v 1.917219 -0.115878 -0.000000
v 1.927000 -0.108375 -0.000000
v 1.936948 -0.101018 -0.000000
v 1.947000 -0.093852 -0.000000
v 1.957094 -0.086922 -0.000000
v 1.967167 -0.080273 -0.000000
v 1.977156 -0.073951 -0.000000
v 1.987000 -0.068000 -0.000000
v 3.523000 0.358000 -0.000000
v 3.514000 0.271000 -0.000000
v 3.484108 0.276763 -0.000000
v 3.449116 0.282523 -0.000000
v 3.410047 0.288234 -0.000000
v 3.367926 0.293852 -0.000000
v 3.323777 0.299330 -0.000000
v 3.278625 0.304625 -0.000000
v 3.233494 0.309690 -0.000000
v 3.189407 0.314481 -0.000000
v 3.147391 0.318953 -0.000000
v 3.108468 0.323060 -0.000000
v 3.073663 0.326758 -0.000000
v 3.044000 0.330000 -0.000000
v 3.067006 0.314775 -0.000000
v 3.089796 0.296699 -0.000000
v 3.112031 0.275922 -0.000000
v 3.133370 0.252593 -0.000000
v 3.153473 0.226861 -0.000000
v 3.172000 0.198875 -0.000000
v 3.188610 0.168785 -0.000000
v 3.202963 0.136741 -0.000000
v 3.214718 0.102891 -0.000000
v 3.223537 0.067384 -0.000000
v 3.229077 0.030371 -0.000000
v 3.231000 -0.008000 -0.000000
v 3.226741 -0.061185 -0.000000
v 3.214514 -0.109315 -0.000000
v 3.195141 -0.152500 -0.000000
v 3.169444 -0.190852 -0.000000
v 3.138248 -0.224481 -0.000000
v 3.102375 -0.253500 -0.000000
v 3.062648 -0.278019 -0.000000
v 3.019889 -0.298148 -0.000000
v 2.974922 -0.314000 -0.000000
v 2.928570 -0.325685 -0.000000
v 2.881655 -0.333315 -0.000000
v 2.835000 -0.337000 -0.000000
v 2.806000 -0.254000 -0.000000
v 2.847029 -0.251289 -0.000000
v 2.888153 -0.245977 -0.000000
v 2.928672 -0.237797 -0.000000
v 2.967889 -0.226481 -0.000000
v 3.005106 -0.211763 -0.000000
v 3.039625 -0.193375 -0.000000
v 3.070748 -0.171049 -0.000000
v 3.097778 -0.144519 -0.000000
v 3.120016 -0.113516 -0.000000
v 3.136764 -0.077773 -0.000000
v 3.147325 -0.037024 -0.000000
v 3.151000 0.009000 -0.000000
v 3.149206 0.039357 -0.000000
v 3.143898 0.070606 -0.000000
v 3.135187 0.102266 -0.000000
v 3.123185 0.133852 -0.000000
v 3.108002 0.164883 -0.000000
v 3.089750 0.194875 -0.000000
v 3.068539 0.223347 -0.000000
v 3.044481 0.249815 -0.000000
v 3.017687 0.273797 -0.000000
v 2.988268 0.294810 -0.000000
v 2.956336 0.312372 -0.000000
v 2.922000 0.326000 -0.000000
v 2.908519 0.329466 -0.000000
v 2.893732 0.332394 -0.000000
v 2.877875 0.334828 -0.000000
v 2.861185 0.336815 -0.000000
v 2.843898 0.338399 -0.000000
v 2.826250 0.339625 -0.000000
v 2.808477 0.340539 -0.000000
v 2.790815 0.341185 -0.000000
v 2.773500 0.341609 -0.000000
v 2.756768 0.341856 -0.000000
v 2.740856 0.341972 -0.000000
v 2.726000 0.342000 -0.000000
v 2.726000 0.422000 -0.000000
v 2.743305 0.421188 -0.000000
v 2.761694 0.420250 -0.000000
v 2.781125 0.419188 -0.000000
v 2.801556 0.418000 -0.000000
v 2.822945 0.416688 -0.000000
v 2.845250 0.415250 -0.000000
v 2.868431 0.413688 -0.000000
v 2.892445 0.412000 -0.000000
v 2.917250 0.410188 -0.000000
v 2.942806 0.408250 -0.000000
v 2.969070 0.406188 -0.000000
v 2.996000 0.404000 -0.000000
v 3.042030 0.400176 -0.000000
v 3.087820 0.396241 -0.000000
v 3.132922 0.392250 -0.000000
v 3.176889 0.388259 -0.000000
v 3.219273 0.384324 -0.000000
v 3.259625 0.380500 -0.000000
v 3.297498 0.376843 -0.000000
v 3.332444 0.373407 -0.000000
v 3.364016 0.370250 -0.000000
v 3.391764 0.367426 -0.000000
v 3.415241 0.364991 -0.000000
v 3.434000 0.363000 -0.000000
v 3.439017 0.362501 -0.000000
v 3.444551 0.362005 -0.000000
v 3.450578 0.361516 -0.000000
v 3.457074 0.361037 -0.000000
v 3.464015 0.360572 -0.000000
v 3.471375 0.360125 -0.000000
v 3.479131 0.359699 -0.000000
v 3.487259 0.359296 -0.000000
v 3.495734 0.358922 -0.000000
v 3.504533 0.358579 -0.000000
v 3.513629 0.358270 -0.000000
v 2.870000 0.219000 -0.000000
v 2.921000 0.197000 -0.000000
v 2.913524 0.186530 -0.000000
v 2.906106 0.175653 -0.000000
v 2.898766 0.164422 -0.000000
v 2.891518 0.152889 -0.000000
v 2.884382 0.141106 -0.000000
v 2.877375 0.129125 -0.000000
v 2.870513 0.116998 -0.000000
v 2.863814 0.104778 -0.000000
v 2.857296 0.092516 -0.000000
v 2.850976 0.080264 -0.000000
v 2.844872 0.068075 -0.000000
v 2.839000 0.056000 -0.000000
v 2.788000 0.080000 -0.000000
v 2.793586 0.091348 -0.000000
v 2.799769 0.103282 -0.000000
v 2.806438 0.115641 -0.000000
v 2.813482 0.128259 -0.000000
v 2.820789 0.140975 -0.000000
v 2.828250 0.153625 -0.000000
v 2.835752 0.166046 -0.000000
v 2.843185 0.178074 -0.000000
v 2.850437 0.189547 -0.000000
v 2.857398 0.200301 -0.000000
v 2.863956 0.210173 -0.000000
v 2.761000 0.261000 -0.000000
v 2.810000 0.238000 -0.000000
v 2.802293 0.227358 -0.000000
v 2.794680 0.216449 -0.000000
v 2.787172 0.205297 -0.000000
v 2.779778 0.193926 -0.000000
v 2.772508 0.182361 -0.000000
v 2.765375 0.170625 -0.000000
v 2.758387 0.158744 -0.000000
v 2.751555 0.146741 -0.000000
v 2.744890 0.134641 -0.000000
v 2.738402 0.122468 -0.000000
v 2.732102 0.110246 -0.000000
v 2.726000 0.098000 -0.000000
v 2.674000 0.123000 -0.000000
v 2.680085 0.134328 -0.000000
v 2.686764 0.146208 -0.000000
v 2.693922 0.158484 -0.000000
v 2.701445 0.171000 -0.000000
v 2.709217 0.183599 -0.000000
v 2.717125 0.196125 -0.000000
v 2.725054 0.208422 -0.000000
v 2.732889 0.220333 -0.000000
v 2.740516 0.231703 -0.000000
v 2.747819 0.242375 -0.000000
v 2.754686 0.252193 -0.000000
v 4.276000 -0.300000 -0.000000
v 4.010000 -0.300000 -0.000000
v 3.955612 -0.296633 -0.000000
v 3.905061 -0.286894 -0.000000
v 3.858516 -0.271328 -0.000000
v 3.816149 -0.250481 -0.000000
v 3.778128 -0.224899 -0.000000
v 3.744625 -0.195125 -0.000000
v 3.715810 -0.161705 -0.000000
v 3.691852 -0.125185 -0.000000
v 3.672922 -0.086109 -0.000000
v 3.659190 -0.045023 -0.000000
v 3.650826 -0.002472 -0.000000
v 3.648000 0.041000 -0.000000
v 3.650330 0.081531 -0.000000
v 3.657389 0.122162 -0.000000
v 3.669281 0.162203 -0.000000
v 3.686111 0.200963 -0.000000
v 3.707983 0.237751 -0.000000
v 3.735000 0.271875 -0.000000
v 3.767268 0.302645 -0.000000
v 3.804889 0.329370 -0.000000
v 3.847969 0.351359 -0.000000
v 3.896611 0.367921 -0.000000
v 3.950920 0.378365 -0.000000
v 4.011000 0.382000 -0.000000
v 4.276000 0.382000 -0.000000
v 4.178000 0.294000 -0.000000
v 4.027000 0.294000 -0.000000
v 3.981407 0.291638 -0.000000
v 3.940088 0.284773 -0.000000
v 3.902985 0.273734 -0.000000
v 3.870037 0.258852 -0.000000
v 3.841187 0.240455 -0.000000
v 3.816375 0.218875 -0.000000
v 3.795542 0.194440 -0.000000
v 3.778630 0.167481 -0.000000
v 3.765578 0.138328 -0.000000
v 3.756329 0.107310 -0.000000
v 3.750823 0.074758 -0.000000
v 3.749000 0.041000 -0.000000
v 3.750132 0.018376 -0.000000
v 3.753806 -0.006907 -0.000000
v 3.760437 -0.033969 -0.000000
v 3.770444 -0.061926 -0.000000
v 3.784243 -0.089897 -0.000000
v 3.802250 -0.117000 -0.000000
v 3.824882 -0.142353 -0.000000
v 3.852556 -0.165074 -0.000000
v 3.885688 -0.184281 -0.000000
v 3.924695 -0.199093 -0.000000
v 3.969993 -0.208626 -0.000000
v 4.022000 -0.212000 -0.000000
v 4.178000 -0.212000 -0.000000
v 4.411000 0.343000 -0.000000
v 4.423081 0.350667 -0.000000
v 4.435315 0.357667 -0.000000
v 4.447687 0.364000 -0.000000
v 4.460185 0.369667 -0.000000
v 4.472794 0.374667 -0.000000
v 4.485500 0.379000 -0.000000
v 4.498289 0.382667 -0.000000
v 4.511148 0.385667 -0.000000
v 4.524062 0.388000 -0.000000
v 4.537018 0.389667 -0.000000
v 4.550002 0.390667 -0.000000
v 4.563000 0.391000 -0.000000
v 4.593331 0.389539 -0.000000
v 4.621736 0.385227 -0.000000
v 4.648078 0.378172 -0.000000
v 4.672222 0.368481 -0.000000
v 4.694033 0.356263 -0.000000
v 4.713375 0.341625 -0.000000
v 4.730113 0.324674 -0.000000
v 4.744112 0.305519 -0.000000
v 4.755235 0.284266 -0.000000
v 4.763348 0.261023 -0.000000
v 4.768315 0.235899 -0.000000
v 4.770000 0.209000 -0.000000
v 4.764195 0.165641 -0.000000
v 4.748148 0.128380 -0.000000
v 4.723906 0.096188 -0.000000
v 4.693518 0.068037 -0.000000
v 4.659033 0.042900 -0.000000
v 4.622500 0.019750 -0.000000
v 4.585967 -0.002442 -0.000000
v 4.551482 -0.024704 -0.000000
v 4.521094 -0.048063 -0.000000
v 4.496852 -0.073546 -0.000000
v 4.480804 -0.102183 -0.000000
v 4.475000 -0.135000 -0.000000
v 4.475732 -0.144675 -0.000000
v 4.477944 -0.154565 -0.000000
v 4.481656 -0.164469 -0.000000
v 4.486888 -0.174185 -0.000000
v 4.493663 -0.183513 -0.000000
v 4.502000 -0.192250 -0.000000
v 4.511920 -0.200196 -0.000000
v 4.523444 -0.207148 -0.000000
v 4.536593 -0.212906 -0.000000
v 4.551389 -0.217269 -0.000000
v 4.567851 -0.220034 -0.000000
v 4.586000 -0.221000 -0.000000
v 4.602662 -0.220274 -0.000000
v 4.619125 -0.218111 -0.000000
v 4.635360 -0.214531 -0.000000
v 4.651334 -0.209556 -0.000000
v 4.667016 -0.203205 -0.000000
v 4.682375 -0.195500 -0.000000
v 4.697381 -0.186462 -0.000000
v 4.712000 -0.176111 -0.000000
v 4.726203 -0.164469 -0.000000
v 4.739959 -0.151556 -0.000000
v 4.753235 -0.137392 -0.000000
v 4.766000 -0.122000 -0.000000
v 4.766000 -0.246000 -0.000000
v 4.751681 -0.256273 -0.000000
v 4.737199 -0.265597 -0.000000
v 4.722516 -0.273984 -0.000000
v 4.707592 -0.281444 -0.000000
v 4.692392 -0.287988 -0.000000
v 4.676875 -0.293625 -0.000000
v 4.661004 -0.298366 -0.000000
v 4.644741 -0.302222 -0.000000
v 4.628047 -0.305203 -0.000000
v 4.610884 -0.307319 -0.000000
v 4.593214 -0.308582 -0.000000
v 4.575000 -0.309000 -0.000000
v 4.548134 -0.307403 -0.000000
v 4.522657 -0.302727 -0.000000
v 4.498750 -0.295141 -0.000000
v 4.476593 -0.284815 -0.000000
v 4.456366 -0.271920 -0.000000
v 4.438251 -0.256625 -0.000000
v 4.422426 -0.239101 -0.000000
v 4.409074 -0.219519 -0.000000
v 4.398375 -0.198047 -0.000000
v 4.390509 -0.174856 -0.000000
v 4.385657 -0.150117 -0.000000
v 4.384000 -0.124000 -0.000000
v 4.389804 -0.074109 -0.000000
v 4.405852 -0.032120 -0.000000
v 4.430094 0.003187 -0.000000
v 4.460482 0.033037 -0.000000
v 4.494967 0.058650 -0.000000
v 4.531500 0.081250 -0.000000
v 4.568033 0.102058 -0.000000
v 4.602518 0.122296 -0.000000
v 4.632906 0.143188 -0.000000
v 4.657148 0.165954 -0.000000
v 4.673195 0.191817 -0.000000
v 4.679000 0.222000 -0.000000
v 4.678078 0.233677 -0.000000
v 4.675375 0.244667 -0.000000
v 4.670984 0.254906 -0.000000
v 4.665000 0.264333 -0.000000
v 4.657516 0.272885 -0.000000
v 4.648625 0.280500 -0.000000
v 4.638422 0.287115 -0.000000
v 4.627000 0.292667 -0.000000
v 4.614453 0.297094 -0.000000
v 4.600875 0.300333 -0.000000
v 4.586360 0.302323 -0.000000
v 4.571000 0.303000 -0.000000
v 4.559297 0.302653 -0.000000
v 4.547204 0.301560 -0.000000
v 4.534750 0.299641 -0.000000
v 4.521964 0.296815 -0.000000
v 4.508871 0.293003 -0.000000
v 4.495501 0.288125 -0.000000
v 4.481880 0.282101 -0.000000
v 4.468038 0.274852 -0.000000
v 4.454000 0.266297 -0.000000
v 4.439797 0.256356 -0.000000
v 4.425454 0.244951 -0.000000
v 4.411000 0.232000 -0.000000
v 5.115000 0.386000 -0.000000
v 5.184000 0.386000 -0.000000
v 5.477000 -0.300000 -0.000000
v 5.377000 -0.300000 -0.000000
v 5.291000 -0.099000 -0.000000
v 5.001000 -0.099000 -0.000000
v 4.910000 -0.300000 -0.000000
v 4.810000 -0.300000 -0.000000
v 5.151000 0.236000 -0.000000
v 5.041000 -0.011000 -0.000000
v 5.253000 -0.011000 -0.000000
v 5.478000 0.382000 -0.000000
v 5.575000 0.382000 -0.000001
v 5.761000 -0.088000 -0.000000
v 5.951000 0.382000 -0.000001
v 6.044000 0.382000 -0.000001
v 6.233000 -0.088000 -0.000001
v 6.421000 0.382000 -0.000001
v 6.519000 0.382000 -0.000001
v 6.243000 -0.306000 -0.000001
v 6.224000 -0.306000 -0.000001
v 5.998000 0.252000 -0.000001
v 5.774000 -0.306000 -0.000000
v 5.755000 -0.306000 -0.000000
v -1.338000 1.151000 0.000000
v -1.338000 0.952000 0.000000
v -1.151000 0.952000 0.000000
v -1.151000 1.151000 0.000000
v -1.338000 1.219000 0.000000
v -1.151000 1.219000 0.000000
v -1.151000 1.410000 0.000000
v -1.338000 1.410000 0.000000
v -1.080000 1.479000 0.000000
v -1.080000 0.788000 0.000000
v -1.151000 0.788000 0.000000
v -1.151000 0.882000 0.000000
v -1.408000 0.882000 0.000000
v -1.408000 1.479000 0.000000
v -1.854000 1.427000 0.000000
v -1.854000 1.254000 0.000000
v -1.574000 1.254000 0.000000
v -1.574000 1.427000 0.000000
v -1.501000 1.497000 0.000000
v -1.501000 1.141000 0.000000
v -1.500567 1.101327 0.000000
v -1.498954 1.060532 0.000000
v -1.495688 1.018953 0.000000
v -1.490296 0.976926 0.000000
v -1.482308 0.934788 0.000000
v -1.471250 0.892875 0.000000
v -1.456650 0.851525 0.000000
v -1.438037 0.811074 0.000000
v -1.414937 0.771859 0.000000
v -1.386880 0.734217 0.000000
v -1.353391 0.698485 0.000000
v -1.314000 0.665000 0.000000
v -1.318233 0.661972 0.000000
v -1.322866 0.658440 0.000000
v -1.327797 0.654484 0.000000
v -1.332926 0.650185 0.000000
v -1.338152 0.645622 0.000000
v -1.343375 0.640875 0.000000
v -1.348494 0.636024 0.000000
v -1.353407 0.631148 0.000000
v -1.358016 0.626328 0.000000
v -1.362218 0.621643 0.000000
v -1.365913 0.617174 0.000000
v -1.369000 0.613000 0.000000
v -1.396437 0.635667 0.000000
v -1.421333 0.659588 0.000000
v -1.443812 0.684641 0.000000
v -1.464000 0.710704 0.000000
v -1.482021 0.737656 0.000000
v -1.498000 0.765375 0.000000
v -1.512062 0.793740 0.000000
v -1.524333 0.822630 0.000000
v -1.534937 0.851922 0.000000
v -1.544000 0.881495 0.000000
v -1.551646 0.911229 0.000000
v -1.558000 0.941000 0.000000
v -1.854000 0.941000 0.000000
v -1.854000 0.719000 0.000000
v -1.853852 0.714747 0.000000
v -1.853398 0.710972 0.000000
v -1.852625 0.707656 0.000000
v -1.851519 0.704778 0.000000
v -1.850065 0.702316 0.000000
v -1.848250 0.700250 0.000000
v -1.846060 0.698559 0.000000
v -1.843481 0.697222 0.000000
v -1.840500 0.696219 0.000000
v -1.837102 0.695528 0.000000
v -1.833273 0.695129 0.000000
v -1.829000 0.695000 0.000000
v -1.823817 0.694752 0.000000
v -1.816870 0.694519 0.000000
v -1.808312 0.694313 0.000000
v -1.798296 0.694148 0.000000
v -1.786974 0.694039 0.000000
v -1.774500 0.694000 0.000000
v -1.761025 0.694044 0.000000
v -1.746704 0.694185 0.000000
v -1.731687 0.694438 0.000000
v -1.716129 0.694815 0.000000
v -1.700183 0.695331 0.000000
v -1.684000 0.696000 0.000000
v -1.686785 0.690534 0.000000
v -1.689611 0.684685 0.000000
v -1.692437 0.678531 0.000000
v -1.695222 0.672148 0.000000
v -1.697924 0.665612 0.000000
v -1.700500 0.659000 0.000000
v -1.702910 0.652388 0.000000
v -1.705111 0.645852 0.000000
v -1.707062 0.639469 0.000000
v -1.708722 0.633315 0.000000
v -1.710049 0.627466 0.000000
v -1.711000 0.622000 0.000000
v -1.732069 0.622046 0.000000
v -1.751806 0.622204 0.000000
v -1.770250 0.622500 0.000000
v -1.787445 0.622963 0.000000
v -1.803431 0.623620 0.000000
v -1.818250 0.624500 0.000000
v -1.831944 0.625630 0.000000
v -1.844556 0.627037 0.000000
v -1.856125 0.628750 0.000000
v -1.866694 0.630796 0.000000
v -1.876306 0.633204 0.000000
v -1.885000 0.636000 0.000000
v -1.892568 0.639256 0.000000
v -1.899296 0.643051 0.000000
v -1.905219 0.647422 0.000000
v -1.910370 0.652407 0.000000
v -1.914786 0.658046 0.000000
v -1.918500 0.664375 0.000000
v -1.921548 0.671433 0.000000
v -1.923963 0.679259 0.000000
v -1.925781 0.687891 0.000000
v -1.927037 0.697366 0.000000
v -1.927765 0.707723 0.000000
v -1.928000 0.719000 0.000000
v -1.928000 1.497000 0.000000
v -1.854000 1.186000 0.000000
v -1.854000 1.009000 0.000000
v -1.568000 1.009000 0.000000
v -1.569168 1.020248 0.000000
v -1.570181 1.031482 0.000000
v -1.571047 1.042688 0.000000
v -1.571778 1.053852 0.000000
v -1.572384 1.064961 0.000000
v -1.572875 1.076000 0.000000
v -1.573262 1.086956 0.000000
v -1.573555 1.097815 0.000000
v -1.573766 1.108562 0.000000
v -1.573903 1.119185 0.000000
v -1.573977 1.129669 0.000000
v -1.574000 1.140000 0.000000
v -1.574000 1.186000 0.000000
v -0.153000 1.514000 -0.000000
v -0.159611 1.503648 -0.000000
v -0.166389 1.492685 -0.000000
v -0.173250 1.481250 -0.000000
v -0.180111 1.469481 -0.000000
v -0.186889 1.457518 -0.000000
v -0.193500 1.445500 -0.000000
v -0.199861 1.433565 -0.000000
v -0.205889 1.421852 -0.000000
v -0.211500 1.410500 -0.000000
v -0.216611 1.399648 -0.000000
v -0.221139 1.389435 -0.000000
v -0.225000 1.380000 -0.000000
v -0.286000 1.415000 -0.000000
v -0.281697 1.424337 -0.000000
v -0.276829 1.434278 -0.000000
v -0.271453 1.444719 -0.000000
v -0.265630 1.455556 -0.000000
v -0.259417 1.466684 -0.000000
v -0.252875 1.478000 -0.000000
v -0.246062 1.489399 -0.000000
v -0.239037 1.500778 -0.000000
v -0.231859 1.512031 -0.000000
v -0.224588 1.523056 -0.000000
v -0.217282 1.533746 -0.000000
v -0.210000 1.544000 -0.000000
v -0.523000 1.271000 -0.000000
v -0.832000 1.271000 0.000000
v -0.832000 1.076000 0.000000
v -0.523000 1.076000 -0.000000
v -0.082000 1.238000 -0.000000
v -0.082000 1.178000 -0.000000
v -0.369000 1.178000 -0.000000
v -0.369000 1.238000 -0.000000
v -0.082000 1.106000 -0.000000
v -0.082000 1.047000 -0.000000
v -0.369000 1.047000 -0.000000
v -0.369000 1.106000 -0.000000
v -0.041000 1.370000 -0.000000
v -0.041000 1.308000 -0.000000
v -0.403000 1.308000 -0.000000
v -0.403000 1.370000 -0.000000
v -0.454000 1.338000 -0.000000
v -0.454000 1.010000 -0.000000
v -0.555000 1.010000 0.000000
v -0.551202 0.974628 0.000000
v -0.546116 0.940111 0.000000
v -0.539453 0.906594 0.000000
v -0.530926 0.874222 0.000000
v -0.520246 0.843142 0.000000
v -0.507125 0.813500 0.000000
v -0.491275 0.785441 0.000000
v -0.472407 0.759111 0.000000
v -0.450234 0.734656 0.000000
v -0.424468 0.712222 0.000000
v -0.394819 0.691955 0.000000
v -0.361000 0.674000 0.000000
v -0.365094 0.670282 0.000000
v -0.369338 0.666171 0.000000
v -0.373672 0.661734 0.000000
v -0.378037 0.657037 0.000000
v -0.382374 0.652145 0.000000
v -0.386625 0.647125 0.000000
v -0.390730 0.642042 0.000000
v -0.394630 0.636963 0.000000
v -0.398266 0.631953 0.000000
v -0.401579 0.627079 0.000000
v -0.404510 0.622406 0.000000
v -0.407000 0.618000 0.000000
v -0.443966 0.639100 0.000000
v -0.476565 0.662801 0.000000
v -0.505094 0.688953 0.000000
v -0.529852 0.717407 0.000000
v -0.551138 0.748014 0.000000
v -0.569250 0.780625 0.000000
v -0.584487 0.815090 0.000000
v -0.597148 0.851259 0.000000
v -0.607531 0.888984 0.000000
v -0.615935 0.928116 0.000000
v -0.622659 0.968504 0.000000
v -0.628000 1.010000 0.000000
v -0.710000 1.010000 0.000000
v -0.710000 0.729000 0.000000
v -0.710373 0.711566 0.000000
v -0.711569 0.696194 0.000000
v -0.713703 0.682781 0.000000
v -0.716889 0.671222 0.000000
v -0.721241 0.661413 0.000000
v -0.726875 0.653250 0.000000
v -0.733905 0.646628 0.000000
v -0.742444 0.641445 0.000000
v -0.752609 0.637594 0.000000
v -0.764514 0.634972 0.000000
v -0.778273 0.633476 0.000000
v -0.794000 0.633000 0.000000
v -0.798327 0.633000 0.000000
v -0.804116 0.633000 0.000000
v -0.811078 0.633000 0.000000
v -0.818926 0.633000 0.000000
v -0.827371 0.633000 0.000000
v -0.836125 0.633000 0.000000
v -0.844900 0.633000 0.000000
v -0.853407 0.633000 0.000000
v -0.861359 0.633000 0.000000
v -0.868468 0.633000 0.000000
v -0.874444 0.633000 0.000000
v -0.879000 0.633000 0.000000
v -0.892453 0.633725 0.000000
v -0.904375 0.636046 0.000000
v -0.914859 0.640188 0.000000
v -0.924000 0.646370 0.000000
v -0.931891 0.654817 0.000000
v -0.938625 0.665750 0.000000
v -0.944297 0.679391 0.000000
v -0.949000 0.695963 0.000000
v -0.952828 0.715688 0.000000
v -0.955875 0.738787 0.000000
v -0.958234 0.765484 0.000000
v -0.960000 0.796000 0.000000
v -0.955037 0.797373 0.000000
v -0.949708 0.798981 0.000000
v -0.944109 0.800812 0.000000
v -0.938333 0.802852 0.000000
v -0.932474 0.805086 0.000000
v -0.926625 0.807500 0.000000
v -0.920880 0.810081 0.000000
v -0.915333 0.812815 0.000000
v -0.910078 0.815687 0.000000
v -0.905208 0.818685 0.000000
v -0.900818 0.821794 0.000000
v -0.897000 0.825000 0.000000
v -0.896450 0.799433 0.000000
v -0.895764 0.777546 0.000000
v -0.894891 0.759062 0.000000
v -0.893778 0.743704 0.000000
v -0.892373 0.731192 0.000000
v -0.890625 0.721250 0.000000
v -0.888481 0.713600 0.000000
v -0.885889 0.707963 0.000000
v -0.882797 0.704063 0.000000
v -0.879153 0.701620 0.000000
v -0.874905 0.700359 0.000000
v -0.870000 0.700000 0.000000
v -0.866372 0.700000 0.000000
v -0.861639 0.700000 0.000000
v -0.856031 0.700000 0.000000
v -0.849778 0.700000 0.000000
v -0.843108 0.700000 0.000000
v -0.836250 0.700000 0.000000
v -0.829434 0.700000 0.000000
v -0.822889 0.700000 0.000000
v -0.816844 0.700000 0.000000
v -0.811528 0.700000 0.000000
v -0.807170 0.700000 0.000000
v -0.804000 0.700000 0.000000
v -0.799556 0.700094 0.000000
v -0.795699 0.700417 0.000000
v -0.792391 0.701031 0.000000
v -0.789593 0.702000 0.000000
v -0.787267 0.703385 0.000000
v -0.785375 0.705250 0.000000
v -0.783879 0.707656 0.000000
v -0.782741 0.710667 0.000000
v -0.781922 0.714344 0.000000
v -0.781384 0.718750 0.000000
v -0.781090 0.723948 0.000000
v -0.781000 0.730000 0.000000
v -0.781000 1.010000 0.000000
v -0.904000 1.010000 0.000000
v -0.904000 1.338000 0.000000
v -0.811000 1.338000 0.000000
v -0.817807 1.351280 0.000000
v -0.824708 1.365070 0.000000
v -0.831672 1.379297 0.000000
v -0.838667 1.393889 0.000000
v -0.845661 1.408773 0.000000
v -0.852625 1.423875 0.000000
v -0.859526 1.439123 0.000000
v -0.866333 1.454444 0.000000
v -0.873016 1.469766 0.000000
v -0.879542 1.485014 0.000000
v -0.885880 1.500116 0.000000
v -0.892000 1.515000 0.000000
v -0.819000 1.541000 0.000000
v -0.813929 1.525280 0.000000
v -0.808269 1.508741 0.000000
v -0.802094 1.491562 0.000000
v -0.795481 1.473926 0.000000
v -0.788508 1.456012 0.000000
v -0.781250 1.438000 0.000000
v -0.773784 1.420072 0.000000
v -0.766185 1.402408 0.000000
v -0.758531 1.385188 0.000000
v -0.750898 1.368593 0.000000
v -0.743362 1.352803 0.000000
v -0.736000 1.338000 0.000000
v -0.564000 1.338000 -0.000000
v -0.628000 1.368000 -0.000000
v -0.623995 1.379976 -0.000000
v -0.619046 1.392810 -0.000000
v -0.613250 1.406359 -0.000000
v -0.606704 1.420482 -0.000000
v -0.599505 1.435034 -0.000000
v -0.591750 1.449875 -0.000000
v -0.583537 1.464862 -0.000000
v -0.574963 1.479852 -0.000000
v -0.566125 1.494703 -0.000000
v -0.557120 1.509273 -0.000000
v -0.548046 1.523420 -0.000000
v -0.539000 1.537000 -0.000000
v -0.478000 1.511000 -0.000000
v -0.486757 1.496921 -0.000000
v -0.495472 1.482283 -0.000000
v -0.504063 1.467234 -0.000000
v -0.512444 1.451926 -0.000000
v -0.520535 1.436506 -0.000000
v -0.528250 1.421125 -0.000000
v -0.535507 1.405931 -0.000000
v -0.542222 1.391074 -0.000000
v -0.548313 1.376703 -0.000000
v -0.553695 1.362968 -0.000000
v -0.558285 1.350017 -0.000000
v -0.562000 1.338000 -0.000000
v -0.081000 0.973000 -0.000000
v -0.081000 0.633000 -0.000000
v -0.145000 0.633000 -0.000000
v -0.145000 0.681000 -0.000000
v -0.375000 0.681000 0.000000
v -0.375000 0.973000 -0.000000
v -0.145000 0.910000 -0.000000
v -0.309000 0.910000 -0.000000
v -0.309000 0.744000 -0.000000
v -0.145000 0.744000 -0.000000
v 0.474000 1.528000 -0.000000
v 0.487133 1.491320 -0.000000
v 0.501481 1.454894 -0.000000
v 0.516969 1.418891 -0.000000
v 0.533518 1.383482 -0.000000
v 0.551054 1.348836 -0.000000
v 0.569500 1.315125 -0.000000
v 0.588779 1.282518 -0.000000
v 0.608815 1.251185 -0.000000
v 0.629531 1.221297 -0.000000
v 0.650852 1.193023 -0.000000
v 0.672700 1.166534 -0.000000
v 0.695000 1.142000 -0.000000
v 0.690517 1.138724 -0.000000
v 0.685634 1.134958 -0.000000
v 0.680453 1.130797 -0.000000
v 0.675074 1.126333 -0.000000
v 0.669598 1.121662 -0.000000
v 0.664125 1.116875 -0.000000
v 0.658756 1.112068 -0.000000
v 0.653593 1.107333 -0.000000
v 0.648734 1.102766 -0.000000
v 0.644282 1.098458 -0.000000
v 0.640337 1.094505 -0.000000
v 0.637000 1.091000 -0.000000
v 0.624294 1.105349 -0.000000
v 0.611685 1.120375 -0.000000
v 0.599187 1.136047 -0.000000
v 0.586815 1.152333 -0.000000
v 0.574581 1.169203 -0.000000
v 0.562500 1.186625 -0.000000
v 0.550586 1.204568 -0.000000
v 0.538852 1.223000 -0.000000
v 0.527313 1.241891 -0.000000
v 0.515981 1.261208 -0.000000
v 0.504873 1.280922 -0.000000
v 0.494000 1.301000 -0.000000
v 0.425000 1.301000 -0.000000
v 0.425000 0.621000 -0.000000
v 0.349000 0.621000 -0.000000
v 0.349000 0.864000 -0.000000
v 0.048000 0.864000 -0.000000
v 0.048000 0.935000 -0.000000
v 0.349000 0.935000 -0.000000
v 0.349000 1.087000 -0.000000
v 0.061000 1.087000 -0.000000
v 0.061000 1.156000 -0.000000
v 0.349000 1.156000 -0.000000
v 0.349000 1.301000 -0.000000
v 0.038000 1.301000 -0.000000
v 0.038000 1.373000 -0.000000
v 0.458000 1.373000 -0.000000
v 0.452792 1.384041 -0.000000
v 0.447671 1.395157 -0.000000
v 0.442641 1.406344 -0.000000
v 0.437704 1.417593 -0.000000
v 0.432864 1.428897 -0.000000
v 0.428125 1.440250 -0.000000
v 0.423490 1.451645 -0.000000
v 0.418963 1.463074 -0.000000
v 0.414547 1.474531 -0.000000
v 0.410245 1.486009 -0.000000
v 0.406062 1.497501 -0.000000
v 0.402000 1.509000 -0.000000
v 0.715000 1.536000 -0.000000
v 0.729773 1.498071 -0.000000
v 0.746014 1.460403 -0.000000
v 0.763609 1.423172 -0.000000
v 0.782444 1.386556 -0.000000
v 0.802404 1.350731 -0.000000
v 0.823375 1.315875 -0.000000
v 0.845241 1.282165 -0.000000
v 0.867889 1.249778 -0.000000
v 0.891203 1.218891 -0.000000
v 0.915069 1.189681 -0.000000
v 0.939373 1.162325 -0.000000
v 0.964000 1.137000 -0.000000
v 0.960346 1.132278 -0.000000
v 0.956435 1.126722 -0.000000
v 0.952344 1.120500 -0.000000
v 0.948148 1.113778 -0.000000
v 0.943925 1.106722 -0.000000
v 0.939750 1.099500 -0.000000
v 0.935700 1.092278 -0.000000
v 0.931852 1.085222 -0.000000
v 0.928281 1.078500 -0.000000
v 0.925065 1.072278 -0.000000
v 0.922279 1.066722 -0.000000
v 0.920000 1.062000 -0.000000
v 0.911521 1.070854 -0.000000
v 0.903083 1.079912 -0.000000
v 0.894687 1.089172 -0.000000
v 0.886333 1.098630 -0.000000
v 0.878021 1.108282 -0.000000
v 0.869750 1.118125 -0.000000
v 0.861521 1.128155 -0.000000
v 0.853333 1.138370 -0.000000
v 0.845187 1.148765 -0.000000
v 0.837083 1.159338 -0.000000
v 0.829021 1.170084 -0.000000
v 0.821000 1.181000 -0.000000
v 0.821000 0.622000 -0.000000
v 0.746000 0.622000 -0.000000
v 0.746000 1.299000 -0.000000
v 0.736315 1.316121 -0.000000
v 0.726773 1.333468 -0.000000
v 0.717391 1.351016 -0.000000
v 0.708185 1.368741 -0.000000
v 0.699174 1.386619 -0.000000
v 0.690375 1.404625 -0.000000
v 0.681805 1.422736 -0.000000
v 0.673481 1.440926 -0.000000
v 0.665422 1.459172 -0.000000
v 0.657643 1.477449 -0.000000
v 0.650164 1.495733 -0.000000
v 0.643000 1.514000 -0.000000
v 1.580000 1.180000 -0.000000
v 1.448000 1.180000 -0.000000
v 1.448000 1.066000 -0.000000
v 1.580000 1.066000 -0.000000
v 1.270000 1.180000 -0.000000
v 1.134000 1.180000 -0.000000
v 1.134000 1.066000 -0.000000
v 1.270000 1.066000 -0.000000
v 1.841000 1.540000 -0.000000
v 1.841000 1.338000 -0.000000
v 1.954000 1.338000 -0.000000
v 1.954000 1.268000 -0.000000
v 1.841000 1.268000 -0.000000
v 1.841000 1.049000 -0.000000
v 1.852414 1.045042 -0.000000
v 1.863648 1.041171 -0.000000
v 1.874688 1.037391 -0.000000
v 1.885519 1.033704 -0.000000
v 1.896127 1.030114 -0.000000
v 1.906500 1.026625 -0.000000
v 1.916623 1.023240 -0.000000
v 1.926481 1.019963 -0.000000
v 1.936063 1.016797 -0.000000
v 1.945352 1.013745 -0.000000
v 1.954336 1.010812 -0.000000
v 1.963000 1.008000 -0.000000
v 1.944000 0.936000 -0.000000
v 1.841000 0.975000 -0.000000
v 1.841000 0.708000 -0.000000
v 1.841065 0.705184 -0.000000
v 1.841273 0.702722 -0.000000
v 1.841641 0.700594 -0.000000
v 1.842185 0.698778 -0.000000
v 1.842924 0.697253 -0.000000
v 1.843875 0.696000 -0.000000
v 1.845055 0.694996 -0.000000
v 1.846481 0.694222 -0.000000
v 1.848172 0.693656 -0.000000
v 1.850143 0.693278 -0.000000
v 1.852414 0.693066 -0.000000
v 1.855000 0.693000 -0.000000
v 1.857678 0.692981 -0.000000
v 1.861171 0.692931 -0.000000
v 1.865422 0.692859 -0.000000
v 1.870370 0.692778 -0.000000
v 1.875958 0.692696 -0.000000
v 1.882125 0.692625 -0.000000
v 1.888813 0.692575 -0.000000
v 1.895963 0.692556 -0.000000
v 1.903516 0.692578 -0.000000
v 1.911412 0.692653 -0.000000
v 1.919593 0.692790 -0.000000
v 1.928000 0.693000 -0.000000
v 1.925524 0.688015 -0.000000
v 1.923107 0.682620 -0.000000
v 1.920766 0.676906 -0.000000
v 1.918519 0.670963 -0.000000
v 1.916383 0.664881 -0.000000
v 1.914375 0.658750 -0.000000
v 1.912513 0.652661 -0.000000
v 1.910815 0.646704 -0.000000
v 1.909297 0.640969 -0.000000
v 1.907977 0.635546 -0.000000
v 1.906872 0.630527 -0.000000
v 1.906000 0.626000 -0.000000
v 1.893621 0.626046 -0.000000
v 1.881968 0.626199 -0.000000
v 1.871016 0.626484 -0.000000
v 1.860741 0.626926 -0.000000
v 1.851119 0.627548 -0.000000
v 1.842125 0.628375 -0.000000
v 1.833736 0.629431 -0.000000
v 1.825926 0.630741 -0.000000
v 1.818672 0.632328 -0.000000
v 1.811949 0.634218 -0.000000
v 1.805733 0.636433 -0.000000
v 1.800000 0.639000 -0.000000
v 1.794788 0.642153 -0.000000
v 1.790139 0.645639 -0.000000
v 1.786031 0.649500 -0.000000
v 1.782444 0.653778 -0.000000
v 1.779358 0.658514 -0.000000
v 1.776750 0.663750 -0.000000
v 1.774601 0.669528 -0.000000
v 1.772889 0.675889 -0.000000
v 1.771594 0.682875 -0.000000
v 1.770694 0.690528 -0.000000
v 1.770170 0.698889 -0.000000
v 1.770000 0.708000 -0.000000
v 1.770000 1.002000 -0.000000
v 1.671000 1.040000 -0.000000
v 1.683000 1.107000 -0.000000
v 1.770000 1.075000 -0.000000
v 1.770000 1.268000 -0.000000
v 1.677000 1.268000 -0.000000
v 1.677000 1.338000 -0.000000
v 1.770000 1.338000 -0.000000
v 1.770000 1.540000 -0.000000
v 1.394000 1.010000 -0.000000
v 1.394000 0.934000 -0.000000
v 1.658000 0.934000 -0.000000
v 1.658000 0.871000 -0.000000
v 1.441000 0.871000 -0.000000
v 1.459057 0.852721 -0.000000
v 1.478625 0.834935 -0.000000
v 1.499547 0.817719 -0.000000
v 1.521667 0.801148 -0.000000
v 1.544828 0.785300 -0.000000
v 1.568875 0.770250 -0.000000
v 1.593651 0.756075 -0.000000
v 1.619000 0.742852 -0.000000
v 1.644766 0.730656 -0.000000
v 1.670792 0.719565 -0.000000
v 1.696922 0.709654 -0.000000
v 1.723000 0.701000 -0.000000
v 1.719115 0.697242 -0.000000
v 1.715005 0.693018 -0.000000
v 1.710734 0.688406 -0.000000
v 1.706370 0.683481 -0.000000
v 1.701978 0.678321 -0.000000
v 1.697625 0.673000 -0.000000
v 1.693375 0.667596 -0.000000
v 1.689296 0.662185 -0.000000
v 1.685453 0.656844 -0.000000
v 1.681912 0.651648 -0.000000
v 1.678739 0.646675 -0.000000
v 1.676000 0.642000 -0.000000
v 1.650418 0.651906 -0.000000
v 1.624764 0.663079 -0.000000
v 1.599172 0.675453 -0.000000
v 1.573778 0.688963 -0.000000
v 1.548717 0.703542 -0.000000
v 1.524125 0.719125 -0.000000
v 1.500137 0.735645 -0.000000
v 1.476889 0.753037 -0.000000
v 1.454516 0.771234 -0.000000
v 1.433153 0.790171 -0.000000
v 1.412936 0.809782 -0.000000
v 1.394000 0.830000 -0.000000
v 1.394000 0.619000 -0.000000
v 1.323000 0.619000 -0.000000
v 1.323000 0.835000 -0.000000
v 1.306647 0.816121 -0.000000
v 1.289176 0.797551 -0.000000
v 1.270719 0.779391 -0.000000
v 1.251407 0.761741 -0.000000
v 1.231374 0.744702 -0.000000
v 1.210750 0.728375 -0.000000
v 1.189668 0.712861 -0.000000
v 1.168259 0.698259 -0.000000
v 1.146656 0.684672 -0.000000
v 1.124991 0.672199 -0.000000
v 1.103395 0.660941 -0.000000
v 1.082000 0.651000 -0.000000
v 1.078821 0.655655 -0.000000
v 1.075315 0.660574 -0.000000
v 1.071531 0.665688 -0.000000
v 1.067518 0.670926 -0.000000
v 1.063325 0.676220 -0.000000
v 1.059000 0.681500 -0.000000
v 1.054591 0.686697 -0.000000
v 1.050148 0.691741 -0.000000
v 1.045719 0.696562 -0.000000
v 1.041352 0.701093 -0.000000
v 1.037096 0.705262 -0.000000
v 1.033000 0.709000 -0.000000
v 1.055142 0.717401 -0.000000
v 1.077468 0.727042 -0.000000
v 1.099828 0.737828 -0.000000
v 1.122074 0.749667 -0.000000
v 1.144056 0.762464 -0.000000
v 1.165625 0.776125 -0.000000
v 1.186631 0.790557 -0.000000
v 1.206926 0.805667 -0.000000
v 1.226359 0.821359 -0.000000
v 1.244782 0.837542 -0.000000
v 1.262046 0.854120 -0.000000
v 1.278000 0.871000 -0.000000
v 1.049000 0.871000 -0.000000
v 1.049000 0.934000 -0.000000
v 1.323000 0.934000 -0.000000
v 1.323000 1.010000 -0.000000
v 1.071000 1.010000 -0.000000
v 1.071000 1.235000 -0.000000
v 1.330000 1.235000 -0.000000
v 1.330000 1.010000 -0.000000
v 1.387000 1.010000 -0.000000
v 1.387000 1.235000 -0.000000
v 1.639000 1.235000 -0.000000
v 1.639000 1.010000 -0.000000
v 1.473000 1.442000 -0.000000
v 1.242000 1.442000 -0.000000
v 1.242000 1.337000 -0.000000
v 1.473000 1.337000 -0.000000
v 1.539000 1.499000 -0.000000
v 1.539000 1.280000 -0.000000
v 1.173000 1.280000 -0.000000
v 1.173000 1.499000 -0.000000
vn -0.0000 -0.0000 -1.0000
vn -0.0000 -0.0000 1.0000
vt 0.710084 0.000000
vt 1.000000 0.000000
vt 0.705882 0.000000
vt 0.995798 0.000000
vt 0.718487 0.000000
vt 0.714286 0.000000
vt 0.991597 0.000000
vt 0.987395 0.000000
vt 0.722689 0.000000
vt 0.726891 0.000000
vt 0.983193 0.000000
vt 0.978992 0.000000
vt 0.596639 0.000000
vt 0.697479 0.000000
vt 0.701681 0.000000
vt 0.693277 0.000000
vt 0.600840 0.000000
vt 0.689076 0.000000
vt 0.605042 0.000000
vt 0.684874 0.000000
vt 0.609244 0.000000
vt 0.680672 0.000000
vt 0.613445 0.000000
vt 0.676471 0.000000
vt 0.617647 0.000000
vt 0.672269 0.000000
vt 0.621849 0.000000
vt 0.668067 0.000000
vt 0.626050 0.000000
vt 0.663866 0.000000
vt 0.630252 0.000000
vt 0.659664 0.000000
vt 0.634454 0.000000
vt 0.655462 0.000000
vt 0.638655 0.000000
vt 0.651260 0.000000
vt 0.642857 0.000000
vt 0.647059 0.000000
vt 0.731092 0.000000
vt 0.974790 0.000000
vt 0.735294 0.000000
vt 0.739496 0.000000
vt 0.743697 0.000000
vt 0.970588 0.000000
vt 0.747899 0.000000
vt 0.752101 0.000000
vt 0.756303 0.000000
vt 0.760504 0.000000
vt 0.764706 0.000000
vt 0.966387 0.000000
vt 0.768908 0.000000
vt 0.831933 0.000000
vt 0.823529 0.000000
vt 0.827731 0.000000
vt 0.773109 0.000000
vt 0.819328 0.000000
vt 0.777311 0.000000
vt 0.815126 0.000000
vt 0.781513 0.000000
vt 0.810924 0.000000
vt 0.785714 0.000000
vt 0.806723 0.000000
vt 0.789916 0.000000
vt 0.802521 0.000000
vt 0.794118 0.000000
vt 0.798319 0.000000
vt 0.836134 0.000000
vt 0.962185 0.000000
vt 0.840336 0.000000
vt 0.844538 0.000000
vt 0.957983 0.000000
vt 0.848740 0.000000
vt 0.953781 0.000000
vt 0.852941 0.000000
vt 0.949580 0.000000
vt 0.857143 0.000000
vt 0.945378 0.000000
vt 0.941176 0.000000
vt 0.861345 0.000000
vt 0.936975 0.000000
vt 0.865546 0.000000
vt 0.932773 0.000000
vt 0.928571 0.000000
vt 0.869748 0.000000
vt 0.924370 0.000000
vt 0.920168 0.000000
vt 0.873950 0.000000
vt 0.915966 0.000000
vt 0.911765 0.000000
vt 0.878151 0.000000
vt 0.907563 0.000000
vt 0.903361 0.000000
vt 0.899160 0.000000
vt 0.894958 0.000000
vt 0.890756 0.000000
vt 0.882353 0.000000
vt 0.886555 0.000000
vt 0.537815 0.000000
vt 0.529412 0.000000
vt 0.533613 0.000000
vt 0.542017 0.000000
vt 0.525210 0.000000
vt 0.546219 0.000000
vt 0.521008 0.000000
vt 0.550420 0.000000
vt 0.516807 0.000000
vt 0.554622 0.000000
vt 0.512605 0.000000
vt 0.558824 0.000000
vt 0.508403 0.000000
vt 0.504202 0.000000
vt 0.563025 0.000000
vt 0.500000 0.000000
vt 0.567227 0.000000
vt 0.495798 0.000000
vt 0.571429 0.000000
vt 0.491597 0.000000
vt 0.575630 0.000000
vt 0.487395 0.000000
vt 0.579832 0.000000
vt 0.483193 0.000000
vt 0.584034 0.000000
vt 0.478992 0.000000
vt 0.592437 0.000000
vt 0.021008 0.000000
vt 0.588235 0.000000
vt 0.474790 0.000000
vt 0.025210 0.000000
vt 0.470588 0.000000
vt 0.016807 0.000000
vt 0.029412 0.000000
vt 0.000000 0.000000
vt 0.004202 0.000000
vt 0.012605 0.000000
vt 0.008403 0.000000
vt 0.033613 0.000000
vt 0.037815 0.000000
vt 0.046218 0.000000
vt 0.042017 0.000000
vt 0.054622 0.000000
vt 0.050420 0.000000
vt 0.058824 0.000000
vt 0.210084 0.000000
vt 0.214286 0.000000
vt 0.063025 0.000000
vt 0.205882 0.000000
vt 0.218487 0.000000
vt 0.067227 0.000000
vt 0.201681 0.000000
vt 0.071429 0.000000
vt 0.197479 0.000000
vt 0.075630 0.000000
vt 0.193277 0.000000
vt 0.079832 0.000000
vt 0.084034 0.000000
vt 0.189076 0.000000
vt 0.088235 0.000000
vt 0.184874 0.000000
vt 0.092437 0.000000
vt 0.180672 0.000000
vt 0.096639 0.000000
vt 0.100840 0.000000
vt 0.176471 0.000000
vt 0.105042 0.000000
vt 0.172269 0.000000
vt 0.109244 0.000000
vt 0.113445 0.000000
vt 0.168067 0.000000
vt 0.117647 0.000000
vt 0.121849 0.000000
vt 0.126050 0.000000
vt 0.222689 0.000000
vt 0.466387 0.000000
vt 0.130252 0.000000
vt 0.226891 0.000000
vt 0.163866 0.000000
vt 0.134454 0.000000
vt 0.231092 0.000000
vt 0.235294 0.000000
vt 0.462185 0.000000
vt 0.138655 0.000000
vt 0.239496 0.000000
vt 0.243697 0.000000
vt 0.247899 0.000000
vt 0.142857 0.000000
vt 0.252101 0.000000
vt 0.256303 0.000000
vt 0.260504 0.000000
vt 0.457983 0.000000
vt 0.264706 0.000000
vt 0.268908 0.000000
vt 0.323529 0.000000
vt 0.315126 0.000000
vt 0.319328 0.000000
vt 0.273109 0.000000
vt 0.277311 0.000000
vt 0.310924 0.000000
vt 0.281513 0.000000
vt 0.285714 0.000000
vt 0.306723 0.000000
vt 0.289916 0.000000
vt 0.302521 0.000000
vt 0.294118 0.000000
vt 0.298319 0.000000
vt 0.147059 0.000000
vt 0.151261 0.000000
vt 0.155462 0.000000
vt 0.159664 0.000000
vt 0.327731 0.000000
vt 0.453782 0.000000
vt 0.331933 0.000000
vt 0.449580 0.000000
vt 0.336134 0.000000
vt 0.340336 0.000000
vt 0.445378 0.000000
vt 0.344538 0.000000
vt 0.441176 0.000000
vt 0.348740 0.000000
vt 0.436975 0.000000
vt 0.432773 0.000000
vt 0.352941 0.000000
vt 0.428571 0.000000
vt 0.357143 0.000000
vt 0.424370 0.000000
vt 0.361345 0.000000
vt 0.420168 0.000000
vt 0.415966 0.000000
vt 0.365546 0.000000
vt 0.411765 0.000000
vt 0.407563 0.000000
vt 0.403361 0.000000
vt 0.369748 0.000000
vt 0.399160 0.000000
vt 0.394958 0.000000
vt 0.390756 0.000000
vt 0.386555 0.000000
vt 0.382353 0.000000
vt 0.378151 0.000000
vt 0.373950 0.000000
vt 0.175141 0.000000
vt 0.169492 0.000000
vt 0.172316 0.000000
vt 0.107345 0.000000
vt 0.101695 0.000000
vt 0.104520 0.000000
vt 0.166667 0.000000
vt 0.110169 0.000000
vt 0.177966 0.000000
vt 0.163842 0.000000
vt 0.112994 0.000000
vt 0.161017 0.000000
vt 0.115819 0.000000
vt 0.251412 0.000000
vt 0.245763 0.000000
vt 0.248588 0.000000
vt 0.257062 0.000000
vt 0.254237 0.000000
vt 0.158192 0.000000
vt 0.118644 0.000000
vt 0.098870 0.000000
vt 0.180791 0.000000
vt 0.155367 0.000000
vt 0.121469 0.000000
vt 0.096045 0.000000
vt 0.242938 0.000000
vt 0.152542 0.000000
vt 0.124294 0.000000
vt 0.093220 0.000000
vt 0.149718 0.000000
vt 0.127119 0.000000
vt 0.090395 0.000000
vt 0.183616 0.000000
vt 0.146893 0.000000
vt 0.129944 0.000000
vt 0.259887 0.000000
vt 0.240113 0.000000
vt 0.087571 0.000000
vt 0.144068 0.000000
vt 0.132768 0.000000
vt 0.084746 0.000000
vt 0.262712 0.000000
vt 0.141243 0.000000
vt 0.135593 0.000000
vt 0.186441 0.000000
vt 0.081921 0.000000
vt 0.138418 0.000000
vt 0.265537 0.000000
vt 0.237288 0.000000
vt 0.002825 0.000000
vt 0.985876 0.000000
vt 0.079096 0.000000
vt 0.268362 0.000000
vt 0.005650 0.000000
vt 0.076271 0.000000
vt 0.271186 0.000000
vt 0.330508 0.000000
vt 0.324859 0.000000
vt 0.327684 0.000000
vt 0.008475 0.000000
vt 0.189266 0.000000
vt 0.234463 0.000000
vt 0.073446 0.000000
vt 0.322034 0.000000
vt 0.274011 0.000000
vt 0.011299 0.000000
vt 0.319209 0.000000
vt 0.070621 0.000000
vt 0.983051 0.000000
vt 0.276836 0.000000
vt 0.316384 0.000000
vt 0.014124 0.000000
vt 0.067797 0.000000
vt 0.231638 0.000000
vt 0.313559 0.000000
vt 0.192090 0.000000
vt 0.980226 0.000000
vt 0.279661 0.000000
vt 0.064972 0.000000
vt 0.016949 0.000000
vt 0.333333 0.000000
vt 0.310734 0.000000
vt 0.062147 0.000000
vt 0.977401 0.000000
vt 0.282486 0.000000
vt 0.019774 0.000000
vt 0.059322 0.000000
vt 0.336158 0.000000
vt 0.307910 0.000000
vt 0.056497 0.000000
vt 0.974576 0.000000
vt 0.285311 0.000000
vt 0.228814 0.000000
vt 0.338983 0.000000
vt 0.305085 0.000000
vt 0.022599 0.000000
vt 0.194915 0.000000
vt 0.053672 0.000000
vt 0.341808 0.000000
vt 0.302260 0.000000
vt 0.288136 0.000000
vt 0.971751 0.000000
vt 0.050847 0.000000
vt 0.025424 0.000000
vt 0.048023 0.000000
vt 0.299435 0.000000
vt 0.344633 0.000000
vt 0.290960 0.000000
vt 0.968927 0.000000
vt 0.028249 0.000000
vt 0.045198 0.000000
vt 0.225989 0.000000
vt 0.296610 0.000000
vt 0.347458 0.000000
vt 0.042373 0.000000
vt 0.293785 0.000000
vt 0.197740 0.000000
vt 0.966102 0.000000
vt 0.031073 0.000000
vt 0.350282 0.000000
vt 0.039548 0.000000
vt 0.036723 0.000000
vt 0.963277 0.000000
vt 0.033898 0.000000
vt 0.353107 0.000000
vt 0.223164 0.000000
vt 0.355932 0.000000
vt 0.960452 0.000000
vt 0.200565 0.000000
vt 0.358757 0.000000
vt 0.957627 0.000000
vt 0.220339 0.000000
vt 0.361582 0.000000
vt 0.954802 0.000000
vt 0.364407 0.000000
vt 0.203390 0.000000
vt 0.951977 0.000000
vt 0.367232 0.000000
vt 0.217514 0.000000
vt 0.949153 0.000000
vt 0.370057 0.000000
vt 0.946328 0.000000
vt 0.206215 0.000000
vt 0.214689 0.000000
vt 0.372881 0.000000
vt 0.943503 0.000000
vt 0.375706 0.000000
vt 0.940678 0.000000
vt 0.209040 0.000000
vt 0.211864 0.000000
vt 0.937853 0.000000
vt 0.378531 0.000000
vt 0.935028 0.000000
vt 0.381356 0.000000
vt 0.932203 0.000000
vt 0.384181 0.000000
vt 0.929379 0.000000
vt 0.387006 0.000000
vt 0.850282 0.000000
vt 0.926554 0.000000
vt 0.389830 0.000000
vt 0.466102 0.000000
vt 0.463277 0.000000
vt 0.468927 0.000000
vt 0.847458 0.000000
vt 0.853107 0.000000
vt 0.923729 0.000000
vt 0.392655 0.000000
vt 0.855932 0.000000
vt 0.460452 0.000000
vt 0.920904 0.000000
vt 0.395480 0.000000
vt 0.918079 0.000000
vt 0.858757 0.000000
vt 0.457627 0.000000
vt 0.915254 0.000000
vt 0.398305 0.000000
vt 0.861582 0.000000
vt 0.454802 0.000000
vt 0.912429 0.000000
vt 0.401130 0.000000
vt 0.909605 0.000000
vt 0.864407 0.000000
vt 0.451977 0.000000
vt 0.403955 0.000000
vt 0.906780 0.000000
vt 0.471751 0.000000
vt 0.474576 0.000000
vt 0.988701 0.000000
vt 0.991525 0.000000
vt 0.994350 0.000000
vt 0.844633 0.000000
vt 0.841808 0.000000
vt 0.406780 0.000000
vt 0.867232 0.000000
vt 0.449153 0.000000
vt 0.903955 0.000000
vt 0.409605 0.000000
vt 0.901130 0.000000
vt 0.870057 0.000000
vt 0.412429 0.000000
vt 0.446328 0.000000
vt 0.898305 0.000000
vt 0.415254 0.000000
vt 0.872881 0.000000
vt 0.443503 0.000000
vt 0.418079 0.000000
vt 0.895480 0.000000
vt 0.875706 0.000000
vt 0.440678 0.000000
vt 0.420904 0.000000
vt 0.892655 0.000000
vt 0.878531 0.000000
vt 0.423729 0.000000
vt 0.437853 0.000000
vt 0.889831 0.000000
vt 0.426554 0.000000
vt 0.881356 0.000000
vt 0.435028 0.000000
vt 0.887006 0.000000
vt 0.429379 0.000000
vt 0.884181 0.000000
vt 0.432203 0.000000
vt 0.477401 0.000000
vt 0.997175 0.000000
vt 0.483051 0.000000
vt 0.480226 0.000000
vt 0.838983 0.000000
vt 0.836158 0.000000
vt 0.485876 0.000000
vt 0.488701 0.000000
vt 0.587571 0.000000
vt 0.584746 0.000000
vt 0.590395 0.000000
vt 0.593220 0.000000
vt 0.833333 0.000000
vt 0.830508 0.000000
vt 0.491525 0.000000
vt 0.581921 0.000000
vt 0.494350 0.000000
vt 0.579096 0.000000
vt 0.497175 0.000000
vt 0.731638 0.000000
vt 0.725989 0.000000
vt 0.728814 0.000000
vt 0.723164 0.000000
vt 0.720339 0.000000
vt 0.576271 0.000000
vt 0.717514 0.000000
vt 0.714689 0.000000
vt 0.711864 0.000000
vt 0.709040 0.000000
vt 0.706215 0.000000
vt 0.703390 0.000000
vt 0.734463 0.000000
vt 0.700565 0.000000
vt 0.697740 0.000000
vt 0.694915 0.000000
vt 0.502825 0.000000
vt 0.692090 0.000000
vt 0.573446 0.000000
vt 0.737288 0.000000
vt 0.505650 0.000000
vt 0.570621 0.000000
vt 0.689266 0.000000
vt 0.740113 0.000000
vt 0.508475 0.000000
vt 0.742938 0.000000
vt 0.567797 0.000000
vt 0.511299 0.000000
vt 0.686441 0.000000
vt 0.596045 0.000000
vt 0.827684 0.000000
vt 0.745763 0.000000
vt 0.824859 0.000000
vt 0.514124 0.000000
vt 0.822034 0.000000
vt 0.748588 0.000000
vt 0.564972 0.000000
vt 0.598870 0.000000
vt 0.819209 0.000000
vt 0.683616 0.000000
vt 0.751412 0.000000
vt 0.816384 0.000000
vt 0.813559 0.000000
vt 0.754237 0.000000
vt 0.516949 0.000000
vt 0.810734 0.000000
vt 0.757062 0.000000
vt 0.807910 0.000000
vt 0.805085 0.000000
vt 0.759887 0.000000
vt 0.802260 0.000000
vt 0.601695 0.000000
vt 0.799435 0.000000
vt 0.762712 0.000000
vt 0.796610 0.000000
vt 0.793785 0.000000
vt 0.790960 0.000000
vt 0.788136 0.000000
vt 0.785311 0.000000
vt 0.782486 0.000000
vt 0.779661 0.000000
vt 0.776836 0.000000
vt 0.774011 0.000000
vt 0.771186 0.000000
vt 0.768362 0.000000
vt 0.765537 0.000000
vt 0.562147 0.000000
vt 0.680791 0.000000
vt 0.519774 0.000000
vt 0.604520 0.000000
vt 0.677966 0.000000
vt 0.522599 0.000000
vt 0.559322 0.000000
vt 0.525424 0.000000
vt 0.607345 0.000000
vt 0.528249 0.000000
vt 0.675141 0.000000
vt 0.531073 0.000000
vt 0.610169 0.000000
vt 0.533898 0.000000
vt 0.556497 0.000000
vt 0.536723 0.000000
vt 0.672316 0.000000
vt 0.612994 0.000000
vt 0.539548 0.000000
vt 0.615819 0.000000
vt 0.669492 0.000000
vt 0.542373 0.000000
vt 0.618644 0.000000
vt 0.545198 0.000000
vt 0.666667 0.000000
vt 0.548023 0.000000
vt 0.550847 0.000000
vt 0.553672 0.000000
vt 0.621469 0.000000
vt 0.663842 0.000000
vt 0.624294 0.000000
vt 0.661017 0.000000
vt 0.627119 0.000000
vt 0.629943 0.000000
vt 0.632768 0.000000
vt 0.635593 0.000000
vt 0.638418 0.000000
vt 0.641243 0.000000
vt 0.644068 0.000000
vt 0.646893 0.000000
vt 0.649718 0.000000
vt 0.652542 0.000000
vt 0.655367 0.000000
vt 0.658192 0.000000
vt 0.705128 0.000000
vt 0.692308 0.000000
vt 0.698718 0.000000
vt 0.685897 0.000000
vt 0.711538 0.000000
vt 0.679487 0.000000
vt 0.717949 0.000000
vt 0.673077 0.000000
vt 0.724359 0.000000
vt 0.730769 0.000000
vt 0.307692 0.000000
vt 0.314103 0.000000
vt 0.301282 0.000000
vt 0.006410 0.000000
vt 0.660256 0.000000
vt 0.320513 0.000000
vt 0.294872 0.000000
vt 0.737179 0.000000
vt 0.326923 0.000000
vt 0.993590 0.000000
vt 0.288462 0.000000
vt 0.012821 0.000000
vt 0.653846 0.000000
vt 0.282051 0.000000
vt 0.987179 0.000000
vt 0.743590 0.000000
vt 0.019231 0.000000
vt 0.339744 0.000000
vt 0.275641 0.000000
vt 0.647436 0.000000
vt 0.346154 0.000000
vt 0.025641 0.000000
vt 0.980769 0.000000
vt 0.750000 0.000000
vt 0.269231 0.000000
vt 0.032051 0.000000
vt 0.352564 0.000000
vt 0.974359 0.000000
vt 0.641026 0.000000
vt 0.038462 0.000000
vt 0.967949 0.000000
vt 0.358974 0.000000
vt 0.262821 0.000000
vt 0.756410 0.000000
vt 0.044872 0.000000
vt 0.961538 0.000000
vt 0.634615 0.000000
vt 0.365385 0.000000
vt 0.256410 0.000000
vt 0.051282 0.000000
vt 0.955128 0.000000
vt 0.762821 0.000000
vt 0.371795 0.000000
vt 0.057692 0.000000
vt 0.250000 0.000000
vt 0.948718 0.000000
vt 0.628205 0.000000
vt 0.064103 0.000000
vt 0.942308 0.000000
vt 0.378205 0.000000
vt 0.243590 0.000000
vt 0.769231 0.000000
vt 0.070513 0.000000
vt 0.935897 0.000000
vt 0.621795 0.000000
vt 0.076923 0.000000
vt 0.384615 0.000000
vt 0.237179 0.000000
vt 0.929487 0.000000
vt 0.083333 0.000000
vt 0.775641 0.000000
vt 0.923077 0.000000
vt 0.391026 0.000000
vt 0.230769 0.000000
vt 0.615385 0.000000
vt 0.089744 0.000000
vt 0.224359 0.000000
vt 0.397436 0.000000
vt 0.782051 0.000000
vt 0.916667 0.000000
vt 0.608974 0.000000
vt 0.096154 0.000000
vt 0.217949 0.000000
vt 0.403846 0.000000
vt 0.788462 0.000000
vt 0.102564 0.000000
vt 0.211538 0.000000
vt 0.910256 0.000000
vt 0.602564 0.000000
vt 0.410256 0.000000
vt 0.205128 0.000000
vt 0.108974 0.000000
vt 0.794872 0.000000
vt 0.903846 0.000000
vt 0.198718 0.000000
vt 0.115385 0.000000
vt 0.596154 0.000000
vt 0.416667 0.000000
vt 0.801282 0.000000
vt 0.192308 0.000000
vt 0.121795 0.000000
vt 0.897436 0.000000
vt 0.185897 0.000000
vt 0.423077 0.000000
vt 0.128205 0.000000
vt 0.807692 0.000000
vt 0.179487 0.000000
vt 0.589744 0.000000
vt 0.134615 0.000000
vt 0.173077 0.000000
vt 0.429487 0.000000
vt 0.891026 0.000000
vt 0.141026 0.000000
vt 0.147436 0.000000
vt 0.160256 0.000000
vt 0.814103 0.000000
vt 0.153846 0.000000
vt 0.435897 0.000000
vt 0.583333 0.000000
vt 0.884615 0.000000
vt 0.820513 0.000000
vt 0.442308 0.000000
vt 0.878205 0.000000
vt 0.826923 0.000000
vt 0.576923 0.000000
vt 0.448718 0.000000
vt 0.871795 0.000000
vt 0.455128 0.000000
vt 0.461538 0.000000
vt 0.865385 0.000000
vt 0.839744 0.000000
vt 0.570513 0.000000
vt 0.467949 0.000000
vt 0.474359 0.000000
vt 0.480769 0.000000
vt 0.858974 0.000000
vt 0.846154 0.000000
vt 0.487179 0.000000
vt 0.493590 0.000000
vt 0.506410 0.000000
vt 0.512821 0.000000
vt 0.519231 0.000000
vt 0.852564 0.000000
vt 0.525641 0.000000
vt 0.532051 0.000000
vt 0.538462 0.000000
vt 0.544872 0.000000
vt 0.564103 0.000000
vt 0.557692 0.000000
vt 0.551282 0.000000
vt 0.634783 0.000000
vt 0.739130 0.000000
vt 0.743478 0.000000
vt 0.752174 0.000000
vt 0.930435 0.000000
vt 0.747826 0.000000
vt 0.734783 0.000000
vt 0.639130 0.000000
vt 0.521739 0.000000
vt 0.626087 0.000000
vt 0.630435 0.000000
vt 0.756522 0.000000
vt 0.730435 0.000000
vt 0.643478 0.000000
vt 0.621739 0.000000
vt 0.926087 0.000000
vt 0.526087 0.000000
vt 0.760870 0.000000
vt 0.726087 0.000000
vt 0.617391 0.000000
vt 0.647826 0.000000
vt 0.530435 0.000000
vt 0.921739 0.000000
vt 0.721739 0.000000
vt 0.765217 0.000000
vt 0.613043 0.000000
vt 0.652174 0.000000
vt 0.534783 0.000000
vt 0.917391 0.000000
vt 0.717391 0.000000
vt 0.608696 0.000000
vt 0.656522 0.000000
vt 0.769565 0.000000
vt 0.539130 0.000000
vt 0.913043 0.000000
vt 0.713043 0.000000
vt 0.604348 0.000000
vt 0.660870 0.000000
vt 0.773913 0.000000
vt 0.543478 0.000000
vt 0.600000 0.000000
vt 0.708696 0.000000
vt 0.908696 0.000000
vt 0.665217 0.000000
vt 0.547826 0.000000
vt 0.778261 0.000000
vt 0.595652 0.000000
vt 0.704348 0.000000
vt 0.904348 0.000000
vt 0.669565 0.000000
vt 0.552174 0.000000
vt 0.591304 0.000000
vt 0.700000 0.000000
vt 0.782609 0.000000
vt 0.900000 0.000000
vt 0.673913 0.000000
vt 0.556522 0.000000
vt 0.586957 0.000000
vt 0.695652 0.000000
vt 0.895652 0.000000
vt 0.786957 0.000000
vt 0.678261 0.000000
vt 0.560870 0.000000
vt 0.582609 0.000000
vt 0.691304 0.000000
vt 0.891304 0.000000
vt 0.682609 0.000000
vt 0.791304 0.000000
vt 0.565217 0.000000
vt 0.578261 0.000000
vt 0.686957 0.000000
vt 0.886957 0.000000
vt 0.569565 0.000000
vt 0.573913 0.000000
vt 0.795652 0.000000
vt 0.882609 0.000000
vt 0.800000 0.000000
vt 0.878261 0.000000
vt 0.804348 0.000000
vt 0.813043 0.000000
vt 0.969565 0.000000
vt 0.808696 0.000000
vt 0.873913 0.000000
vt 0.973913 0.000000
vt 0.986957 0.000000
vt 0.991304 0.000000
vt 0.869565 0.000000
vt 0.982609 0.000000
vt 0.978261 0.000000
vt 0.995652 0.000000
vt 0.934783 0.000000
vt 0.939130 0.000000
vt 0.952174 0.000000
vt 0.956522 0.000000
vt 0.947826 0.000000
vt 0.943478 0.000000
vt 0.965217 0.000000
vt 0.960870 0.000000
vt 0.817391 0.000000
vt 0.821739 0.000000
vt 0.865217 0.000000
vt 0.860870 0.000000
vt 0.830435 0.000000
vt 0.826087 0.000000
vt 0.856522 0.000000
vt 0.852174 0.000000
vt 0.834783 0.000000
vt 0.839130 0.000000
vt 0.847826 0.000000
vt 0.843478 0.000000
vt 0.508696 0.000000
vt 0.504348 0.000000
vt 0.513043 0.000000
vt 0.495652 0.000000
vt 0.517391 0.000000
vt 0.004348 0.000000
vt 0.008696 0.000000
vt 0.013043 0.000000
vt 0.491304 0.000000
vt 0.486957 0.000000
vt 0.017391 0.000000
vt 0.021739 0.000000
vt 0.026087 0.000000
vt 0.030435 0.000000
vt 0.034783 0.000000
vt 0.482609 0.000000
vt 0.478261 0.000000
vt 0.473913 0.000000
vt 0.469565 0.000000
vt 0.465217 0.000000
vt 0.460870 0.000000
vt 0.039130 0.000000
vt 0.456522 0.000000
vt 0.452174 0.000000
vt 0.447826 0.000000
vt 0.443478 0.000000
vt 0.439130 0.000000
vt 0.434783 0.000000
vt 0.430435 0.000000
vt 0.065217 0.000000
vt 0.426087 0.000000
vt 0.043478 0.000000
vt 0.047826 0.000000
vt 0.060870 0.000000
vt 0.056522 0.000000
vt 0.069565 0.000000
vt 0.052174 0.000000
vt 0.421739 0.000000
vt 0.073913 0.000000
vt 0.417391 0.000000
vt 0.078261 0.000000
vt 0.413043 0.000000
vt 0.082609 0.000000
vt 0.086957 0.000000
vt 0.408696 0.000000
vt 0.091304 0.000000
vt 0.404348 0.000000
vt 0.095652 0.000000
vt 0.100000 0.000000
vt 0.400000 0.000000
vt 0.104348 0.000000
vt 0.395652 0.000000
vt 0.108696 0.000000
vt 0.113043 0.000000
vt 0.391304 0.000000
vt 0.117391 0.000000
vt 0.121739 0.000000
vt 0.126087 0.000000
vt 0.130435 0.000000
vt 0.134783 0.000000
vt 0.226087 0.000000
vt 0.217391 0.000000
vt 0.221739 0.000000
vt 0.139130 0.000000
vt 0.213043 0.000000
vt 0.208696 0.000000
vt 0.143478 0.000000
vt 0.204348 0.000000
vt 0.147826 0.000000
vt 0.200000 0.000000
vt 0.195652 0.000000
vt 0.152174 0.000000
vt 0.191304 0.000000
vt 0.186957 0.000000
vt 0.156522 0.000000
vt 0.182609 0.000000
vt 0.178261 0.000000
vt 0.173913 0.000000
vt 0.169565 0.000000
vt 0.165217 0.000000
vt 0.160870 0.000000
vt 0.386957 0.000000
vt 0.230435 0.000000
vt 0.234783 0.000000
vt 0.239130 0.000000
vt 0.382609 0.000000
vt 0.243478 0.000000
vt 0.247826 0.000000
vt 0.378261 0.000000
vt 0.252174 0.000000
vt 0.256522 0.000000
vt 0.373913 0.000000
vt 0.369565 0.000000
vt 0.260870 0.000000
vt 0.365217 0.000000
vt 0.265217 0.000000
vt 0.360870 0.000000
vt 0.356522 0.000000
vt 0.269565 0.000000
vt 0.352174 0.000000
vt 0.347826 0.000000
vt 0.273913 0.000000
vt 0.343478 0.000000
vt 0.339130 0.000000
vt 0.334783 0.000000
vt 0.330435 0.000000
vt 0.326087 0.000000
vt 0.278261 0.000000
vt 0.321739 0.000000
vt 0.282609 0.000000
vt 0.317391 0.000000
vt 0.286957 0.000000
vt 0.313043 0.000000
vt 0.291304 0.000000
vt 0.308696 0.000000
vt 0.295652 0.000000
vt 0.304348 0.000000
vt 0.300000 0.000000
vt 0.469136 0.000000
vt 0.456790 0.000000
vt 0.462963 0.000000
vt 0.475309 0.000000
vt 0.481481 0.000000
vt 0.487654 0.000000
vt 0.493827 0.000000
vt 0.506173 0.000000
vt 0.512346 0.000000
vt 0.518519 0.000000
vt 0.524691 0.000000
vt 0.530864 0.000000
vt 0.537037 0.000000
vt 0.543210 0.000000
vt 0.549383 0.000000
vt 0.555556 0.000000
vt 0.561728 0.000000
vt 0.567901 0.000000
vt 0.574074 0.000000
vt 0.580247 0.000000
vt 0.586420 0.000000
vt 0.592593 0.000000
vt 0.598765 0.000000
vt 0.604938 0.000000
vt 0.611111 0.000000
vt 0.617284 0.000000
vt 0.623457 0.000000
vt 0.629630 0.000000
vt 0.635802 0.000000
vt 0.641975 0.000000
vt 0.648148 0.000000
vt 0.654321 0.000000
vt 0.660494 0.000000
vt 0.672840 0.000000
vt 0.679012 0.000000
vt 0.006173 0.000000
vt 0.012346 0.000000
vt 0.018519 0.000000
vt 0.024691 0.000000
vt 0.030864 0.000000
vt 0.037037 0.000000
vt 0.043210 0.000000
vt 0.049383 0.000000
vt 0.055556 0.000000
vt 0.080247 0.000000
vt 0.425926 0.000000
vt 0.432099 0.000000
vt 0.438272 0.000000
vt 0.444444 0.000000
vt 0.450617 0.000000
vt 0.419753 0.000000
vt 0.413580 0.000000
vt 0.407407 0.000000
vt 0.401235 0.000000
vt 0.395062 0.000000
vt 0.388889 0.000000
vt 0.061728 0.000000
vt 0.074074 0.000000
vt 0.086420 0.000000
vt 0.382716 0.000000
vt 0.067901 0.000000
vt 0.376543 0.000000
vt 0.092593 0.000000
vt 0.370370 0.000000
vt 0.098765 0.000000
vt 0.364198 0.000000
vt 0.104938 0.000000
vt 0.358025 0.000000
vt 0.851852 0.000000
vt 0.845679 0.000000
vt 0.111111 0.000000
vt 0.993827 0.000000
vt 0.351852 0.000000
vt 0.987654 0.000000
vt 0.858025 0.000000
vt 0.981481 0.000000
vt 0.864198 0.000000
vt 0.117284 0.000000
vt 0.345679 0.000000
vt 0.975309 0.000000
vt 0.691358 0.000000
vt 0.839506 0.000000
vt 0.685185 0.000000
vt 0.870370 0.000000
vt 0.969136 0.000000
vt 0.876543 0.000000
vt 0.827160 0.000000
vt 0.123457 0.000000
vt 0.697531 0.000000
vt 0.962963 0.000000
vt 0.339506 0.000000
vt 0.882716 0.000000
vt 0.820988 0.000000
vt 0.703704 0.000000
vt 0.956790 0.000000
vt 0.888889 0.000000
vt 0.814815 0.000000
vt 0.709877 0.000000
vt 0.950617 0.000000
vt 0.895062 0.000000
vt 0.129630 0.000000
vt 0.808642 0.000000
vt 0.716049 0.000000
vt 0.901235 0.000000
vt 0.944444 0.000000
vt 0.802469 0.000000
vt 0.722222 0.000000
vt 0.907407 0.000000
vt 0.938272 0.000000
vt 0.728395 0.000000
vt 0.796296 0.000000
vt 0.135802 0.000000
vt 0.913580 0.000000
vt 0.932099 0.000000
vt 0.327161 0.000000
vt 0.734568 0.000000
vt 0.790123 0.000000
vt 0.919753 0.000000
vt 0.925926 0.000000
vt 0.740741 0.000000
vt 0.783951 0.000000
vt 0.746914 0.000000
vt 0.777778 0.000000
vt 0.141975 0.000000
vt 0.320988 0.000000
vt 0.753086 0.000000
vt 0.771605 0.000000
vt 0.759259 0.000000
vt 0.765432 0.000000
vt 0.314815 0.000000
vt 0.148148 0.000000
vt 0.308642 0.000000
vt 0.154321 0.000000
vt 0.302469 0.000000
vt 0.160494 0.000000
vt 0.296296 0.000000
vt 0.290123 0.000000
vt 0.172840 0.000000
vt 0.283951 0.000000
vt 0.277778 0.000000
vt 0.179012 0.000000
vt 0.271605 0.000000
vt 0.185185 0.000000
vt 0.265432 0.000000
vt 0.259259 0.000000
vt 0.191358 0.000000
vt 0.253086 0.000000
vt 0.246914 0.000000
vt 0.240741 0.000000
vt 0.234568 0.000000
vt 0.197531 0.000000
vt 0.228395 0.000000
vt 0.203704 0.000000
vt 0.209877 0.000000
vt 0.216049 0.000000
vt 0.222222 0.000000
vt 0.015873 0.000000
vt 0.007937 0.000000
vt 0.023810 0.000000
vt 0.031746 0.000000
vt 0.039683 0.000000
vt 0.047619 0.000000
vt 0.992063 0.000000
vt 0.063492 0.000000
vt 0.984127 0.000000
vt 0.976190 0.000000
vt 0.079365 0.000000
vt 0.968254 0.000000
vt 0.087302 0.000000
vt 0.960317 0.000000
vt 0.095238 0.000000
vt 0.952381 0.000000
vt 0.103175 0.000000
vt 0.936508 0.000000
vt 0.920635 0.000000
vt 0.119048 0.000000
vt 0.912698 0.000000
vt 0.904762 0.000000
vt 0.126984 0.000000
vt 0.809524 0.000000
vt 0.793651 0.000000
vt 0.801587 0.000000
vt 0.817460 0.000000
vt 0.825397 0.000000
vt 0.841270 0.000000
vt 0.849206 0.000000
vt 0.865079 0.000000
vt 0.873016 0.000000
vt 0.880952 0.000000
vt 0.896825 0.000000
vt 0.134921 0.000000
vt 0.769841 0.000000
vt 0.761905 0.000000
vt 0.753968 0.000000
vt 0.746032 0.000000
vt 0.738095 0.000000
vt 0.730159 0.000000
vt 0.150794 0.000000
vt 0.301587 0.000000
vt 0.309524 0.000000
vt 0.293651 0.000000
vt 0.317460 0.000000
vt 0.706349 0.000000
vt 0.698413 0.000000
vt 0.690476 0.000000
vt 0.158730 0.000000
vt 0.325397 0.000000
vt 0.682540 0.000000
vt 0.269841 0.000000
vt 0.674603 0.000000
vt 0.341270 0.000000
vt 0.174603 0.000000
vt 0.261905 0.000000
vt 0.349206 0.000000
vt 0.253968 0.000000
vt 0.182540 0.000000
vt 0.658730 0.000000
vt 0.246032 0.000000
vt 0.190476 0.000000
vt 0.238095 0.000000
vt 0.650794 0.000000
vt 0.365079 0.000000
vt 0.198413 0.000000
vt 0.230159 0.000000
vt 0.373016 0.000000
vt 0.206349 0.000000
vt 0.380952 0.000000
vt 0.634921 0.000000
vt 0.626984 0.000000
vt 0.396825 0.000000
vt 0.619048 0.000000
vt 0.404762 0.000000
vt 0.412698 0.000000
vt 0.603175 0.000000
vt 0.420635 0.000000
vt 0.595238 0.000000
vt 0.587302 0.000000
vt 0.436508 0.000000
vt 0.579365 0.000000
vt 0.452381 0.000000
vt 0.460317 0.000000
vt 0.563492 0.000000
vt 0.468254 0.000000
vt 0.476190 0.000000
vt 0.547619 0.000000
vt 0.484127 0.000000
vt 0.539683 0.000000
vt 0.492063 0.000000
vt 0.531746 0.000000
vt 0.507937 0.000000
vt 0.523810 0.000000
vt 0.515873 0.000000
vt 0.008850 0.000000
vt 0.221239 0.000000
vt 0.212389 0.000000
vt 0.017699 0.000000
vt 0.203540 0.000000
vt 0.247788 0.000000
vt 0.230089 0.000000
vt 0.238938 0.000000
vt 0.026549 0.000000
vt 0.194690 0.000000
vt 0.787611 0.000000
vt 0.778761 0.000000
vt 0.035398 0.000000
vt 0.769912 0.000000
vt 0.256637 0.000000
vt 0.761062 0.000000
vt 0.991150 0.000000
vt 0.185841 0.000000
vt 0.752212 0.000000
vt 0.743363 0.000000
vt 0.044248 0.000000
vt 0.734513 0.000000
vt 0.982301 0.000000
vt 0.796460 0.000000
vt 0.725664 0.000000
vt 0.716814 0.000000
vt 0.176991 0.000000
vt 0.707965 0.000000
vt 0.805310 0.000000
vt 0.053097 0.000000
vt 0.699115 0.000000
vt 0.265487 0.000000
vt 0.690265 0.000000
vt 0.973451 0.000000
vt 0.681416 0.000000
vt 0.672566 0.000000
vt 0.814159 0.000000
vt 0.663717 0.000000
vt 0.168142 0.000000
vt 0.061947 0.000000
vt 0.964602 0.000000
vt 0.823009 0.000000
vt 0.274336 0.000000
vt 0.159292 0.000000
vt 0.654867 0.000000
vt 0.070796 0.000000
vt 0.955752 0.000000
vt 0.831858 0.000000
vt 0.150442 0.000000
vt 0.079646 0.000000
vt 0.283186 0.000000
vt 0.946903 0.000000
vt 0.646018 0.000000
vt 0.840708 0.000000
vt 0.141593 0.000000
vt 0.088496 0.000000
vt 0.938053 0.000000
vt 0.849558 0.000000
vt 0.292035 0.000000
vt 0.132743 0.000000
vt 0.637168 0.000000
vt 0.097345 0.000000
vt 0.123894 0.000000
vt 0.929204 0.000000
vt 0.858407 0.000000
vt 0.106195 0.000000
vt 0.628319 0.000000
vt 0.300885 0.000000
vt 0.115044 0.000000
vt 0.920354 0.000000
vt 0.867257 0.000000
vt 0.619469 0.000000
vt 0.911504 0.000000
vt 0.309735 0.000000
vt 0.876106 0.000000
vt 0.902655 0.000000
vt 0.610619 0.000000
vt 0.884956 0.000000
vt 0.318584 0.000000
vt 0.893805 0.000000
vt 0.601770 0.000000
vt 0.327434 0.000000
vt 0.592920 0.000000
vt 0.336283 0.000000
vt 0.584071 0.000000
vt 0.345133 0.000000
vt 0.575221 0.000000
vt 0.353982 0.000000
vt 0.566372 0.000000
vt 0.362832 0.000000
vt 0.557522 0.000000
vt 0.371681 0.000000
vt 0.548673 0.000000
vt 0.380531 0.000000
vt 0.389381 0.000000
vt 0.539823 0.000000
vt 0.398230 0.000000
vt 0.530973 0.000000
vt 0.407080 0.000000
vt 0.522124 0.000000
vt 0.415929 0.000000
vt 0.424779 0.000000
vt 0.513274 0.000000
vt 0.433628 0.000000
vt 0.504425 0.000000
vt 0.442478 0.000000
vt 0.451327 0.000000
vt 0.495575 0.000000
vt 0.460177 0.000000
vt 0.486726 0.000000
vt 0.477876 0.000000
vt 0.469027 0.000000
vt 0.432749 0.000000
vt 0.438596 0.000000
vt 0.450292 0.000000
vt 0.994152 0.000000
vt 0.456140 0.000000
vt 0.988304 0.000000
vt 0.461988 0.000000
vt 0.982456 0.000000
vt 0.467836 0.000000
vt 0.976608 0.000000
vt 0.473684 0.000000
vt 0.970760 0.000000
vt 0.479532 0.000000
vt 0.964912 0.000000
vt 0.485380 0.000000
vt 0.959064 0.000000
vt 0.491228 0.000000
vt 0.953216 0.000000
vt 0.497076 0.000000
vt 0.947368 0.000000
vt 0.502924 0.000000
vt 0.941520 0.000000
vt 0.508772 0.000000
vt 0.935673 0.000000
vt 0.514620 0.000000
vt 0.929825 0.000000
vt 0.520468 0.000000
vt 0.923977 0.000000
vt 0.526316 0.000000
vt 0.918129 0.000000
vt 0.532164 0.000000
vt 0.912281 0.000000
vt 0.538012 0.000000
vt 0.906433 0.000000
vt 0.543860 0.000000
vt 0.900585 0.000000
vt 0.549708 0.000000
vt 0.894737 0.000000
vt 0.561404 0.000000
vt 0.883041 0.000000
vt 0.567251 0.000000
vt 0.877193 0.000000
vt 0.573099 0.000000
vt 0.871345 0.000000
vt 0.578947 0.000000
vt 0.865497 0.000000
vt 0.584795 0.000000
vt 0.859649 0.000000
vt 0.590643 0.000000
vt 0.853801 0.000000
vt 0.596491 0.000000
vt 0.847953 0.000000
vt 0.602339 0.000000
vt 0.842105 0.000000
vt 0.608187 0.000000
vt 0.614035 0.000000
vt 0.836257 0.000000
vt 0.619883 0.000000
vt 0.830409 0.000000
vt 0.625731 0.000000
vt 0.824561 0.000000
vt 0.631579 0.000000
vt 0.637427 0.000000
vt 0.818713 0.000000
vt 0.643275 0.000000
vt 0.812865 0.000000
vt 0.649123 0.000000
vt 0.807018 0.000000
vt 0.654971 0.000000
vt 0.801170 0.000000
vt 0.660819 0.000000
vt 0.795322 0.000000
vt 0.672515 0.000000
vt 0.789474 0.000000
vt 0.678363 0.000000
vt 0.684211 0.000000
vt 0.783626 0.000000
vt 0.690058 0.000000
vt 0.695906 0.000000
vt 0.701754 0.000000
vt 0.771930 0.000000
vt 0.707602 0.000000
vt 0.713450 0.000000
vt 0.766082 0.000000
vt 0.719298 0.000000
vt 0.725146 0.000000
vt 0.760234 0.000000
vt 0.754386 0.000000
vt 0.748538 0.000000
vt 0.742690 0.000000
vt 0.736842 0.000000
vt 0.730994 0.000000
vt 0.011696 0.000000
vt 0.005848 0.000000
vt 0.426901 0.000000
vt 0.421053 0.000000
vt 0.017544 0.000000
vt 0.415205 0.000000
vt 0.023392 0.000000
vt 0.409357 0.000000
vt 0.029240 0.000000
vt 0.403509 0.000000
vt 0.035088 0.000000
vt 0.397661 0.000000
vt 0.040936 0.000000
vt 0.391813 0.000000
vt 0.046784 0.000000
vt 0.385965 0.000000
vt 0.052632 0.000000
vt 0.380117 0.000000
vt 0.058480 0.000000
vt 0.374269 0.000000
vt 0.064327 0.000000
vt 0.368421 0.000000
vt 0.070175 0.000000
vt 0.362573 0.000000
vt 0.076023 0.000000
vt 0.081871 0.000000
vt 0.356725 0.000000
vt 0.087719 0.000000
vt 0.350877 0.000000
vt 0.093567 0.000000
vt 0.345029 0.000000
vt 0.099415 0.000000
vt 0.339181 0.000000
vt 0.105263 0.000000
vt 0.327485 0.000000
vt 0.116959 0.000000
vt 0.321637 0.000000
vt 0.122807 0.000000
vt 0.315789 0.000000
vt 0.128655 0.000000
vt 0.309942 0.000000
vt 0.134503 0.000000
vt 0.304094 0.000000
vt 0.140351 0.000000
vt 0.298246 0.000000
vt 0.146199 0.000000
vt 0.292398 0.000000
vt 0.152047 0.000000
vt 0.286550 0.000000
vt 0.280702 0.000000
vt 0.157895 0.000000
vt 0.274854 0.000000
vt 0.163743 0.000000
vt 0.269006 0.000000
vt 0.169591 0.000000
vt 0.263158 0.000000
vt 0.175439 0.000000
vt 0.257310 0.000000
vt 0.181287 0.000000
vt 0.251462 0.000000
vt 0.187135 0.000000
vt 0.245614 0.000000
vt 0.192982 0.000000
vt 0.239766 0.000000
vt 0.198830 0.000000
vt 0.233918 0.000000
vt 0.204678 0.000000
vt 0.228070 0.000000
vt 0.210526 0.000000
vt 0.216374 0.000000
vt 0.011111 0.000000
vt 0.988889 0.000000
vt 0.022222 0.000000
vt 0.977778 0.000000
vt 0.033333 0.000000
vt 0.966667 0.000000
vt 0.044444 0.000000
vt 0.955556 0.000000
vt 0.066667 0.000000
vt 0.933333 0.000000
vt 0.077778 0.000000
vt 0.922222 0.000000
vt 0.088889 0.000000
vt 0.911111 0.000000
vt 0.122222 0.000000
vt 0.877778 0.000000
vt 0.133333 0.000000
vt 0.866667 0.000000
vt 0.155556 0.000000
vt 0.144444 0.000000
vt 0.855556 0.000000
vt 0.844444 0.000000
vt 0.177778 0.000000
vt 0.822222 0.000000
vt 0.811111 0.000000
vt 0.788889 0.000000
vt 0.188889 0.000000
vt 0.766667 0.000000
vt 0.755556 0.000000
vt 0.744444 0.000000
vt 0.733333 0.000000
vt 0.211111 0.000000
vt 0.711111 0.000000
vt 0.566667 0.000000
vt 0.688889 0.000000
vt 0.677778 0.000000
vt 0.577778 0.000000
vt 0.544444 0.000000
vt 0.233333 0.000000
vt 0.588889 0.000000
vt 0.655556 0.000000
vt 0.533333 0.000000
vt 0.244444 0.000000
vt 0.522222 0.000000
vt 0.255556 0.000000
vt 0.511111 0.000000
vt 0.266667 0.000000
vt 0.488889 0.000000
vt 0.477778 0.000000
vt 0.288889 0.000000
vt 0.466667 0.000000
vt 0.455556 0.000000
vt 0.311111 0.000000
vt 0.322222 0.000000
vt 0.344444 0.000000
vt 0.622222 0.000000
vt 0.644444 0.000000
vt 0.633333 0.000000
vt 0.355556 0.000000
vt 0.366667 0.000000
vt 0.377778 0.000000
vt 0.411111 0.000000
vt 0.422222 0.000000
vt 0.433333 0.000000
vt 0.192857 0.000000
vt 0.196429 0.000000
vt 0.003571 0.000000
vt 0.942857 0.000000
vt 0.939286 0.000000
vt 0.203571 0.000000
vt 0.207143 0.000000
vt 0.210714 0.000000
vt 0.007143 0.000000
vt 0.935714 0.000000
vt 0.217857 0.000000
vt 0.221429 0.000000
vt 0.225000 0.000000
vt 0.228571 0.000000
vt 0.010714 0.000000
vt 0.932143 0.000000
vt 0.232143 0.000000
vt 0.235714 0.000000
vt 0.239286 0.000000
vt 0.242857 0.000000
vt 0.246429 0.000000
vt 0.189286 0.000000
vt 0.014286 0.000000
vt 0.185714 0.000000
vt 0.253571 0.000000
vt 0.182143 0.000000
vt 0.178571 0.000000
vt 0.257143 0.000000
vt 0.175000 0.000000
vt 0.171429 0.000000
vt 0.260714 0.000000
vt 0.167857 0.000000
vt 0.164286 0.000000
vt 0.264286 0.000000
vt 0.017857 0.000000
vt 0.925000 0.000000
vt 0.160714 0.000000
vt 0.157143 0.000000
vt 0.267857 0.000000
vt 0.153571 0.000000
vt 0.150000 0.000000
vt 0.271429 0.000000
vt 0.325000 0.000000
vt 0.146429 0.000000
vt 0.275000 0.000000
vt 0.321429 0.000000
vt 0.328571 0.000000
vt 0.317857 0.000000
vt 0.278571 0.000000
vt 0.314286 0.000000
vt 0.021429 0.000000
vt 0.921429 0.000000
vt 0.310714 0.000000
vt 0.307143 0.000000
vt 0.303571 0.000000
vt 0.282143 0.000000
vt 0.296429 0.000000
vt 0.292857 0.000000
vt 0.289286 0.000000
vt 0.025000 0.000000
vt 0.917857 0.000000
vt 0.028571 0.000000
vt 0.914286 0.000000
vt 0.032143 0.000000
vt 0.910714 0.000000
vt 0.335714 0.000000
vt 0.332143 0.000000
vt 0.139286 0.000000
vt 0.035714 0.000000
vt 0.907143 0.000000
vt 0.039286 0.000000
vt 0.903571 0.000000
vt 0.042857 0.000000
vt 0.339286 0.000000
vt 0.342857 0.000000
vt 0.135714 0.000000
vt 0.132143 0.000000
vt 0.050000 0.000000
vt 0.046429 0.000000
vt 0.896429 0.000000
vt 0.892857 0.000000
vt 0.889286 0.000000
vt 0.885714 0.000000
vt 0.882143 0.000000
vt 0.878571 0.000000
vt 0.875000 0.000000
vt 0.871429 0.000000
vt 0.867857 0.000000
vt 0.864286 0.000000
vt 0.860714 0.000000
vt 0.853571 0.000000
vt 0.550000 0.000000
vt 0.553571 0.000000
vt 0.850000 0.000000
vt 0.350000 0.000000
vt 0.975000 0.000000
vt 0.346429 0.000000
vt 0.128571 0.000000
vt 0.978571 0.000000
vt 0.989286 0.000000
vt 0.992857 0.000000
vt 0.125000 0.000000
vt 0.053571 0.000000
vt 0.057143 0.000000
vt 0.546429 0.000000
vt 0.557143 0.000000
vt 0.985714 0.000000
vt 0.982143 0.000000
vt 0.996429 0.000000
vt 0.060714 0.000000
vt 0.542857 0.000000
vt 0.846429 0.000000
vt 0.560714 0.000000
vt 0.064286 0.000000
vt 0.946429 0.000000
vt 0.950000 0.000000
vt 0.960714 0.000000
vt 0.964286 0.000000
vt 0.539286 0.000000
vt 0.067857 0.000000
vt 0.842857 0.000000
vt 0.957143 0.000000
vt 0.953571 0.000000
vt 0.971429 0.000000
vt 0.967857 0.000000
vt 0.564286 0.000000
vt 0.535714 0.000000
vt 0.075000 0.000000
vt 0.567857 0.000000
vt 0.839286 0.000000
vt 0.532143 0.000000
vt 0.078571 0.000000
vt 0.353571 0.000000
vt 0.121429 0.000000
vt 0.117857 0.000000
vt 0.082143 0.000000
vt 0.835714 0.000000
vt 0.528571 0.000000
vt 0.085714 0.000000
vt 0.575000 0.000000
vt 0.364286 0.000000
vt 0.360714 0.000000
vt 0.114286 0.000000
vt 0.110714 0.000000
vt 0.525000 0.000000
vt 0.832143 0.000000
vt 0.089286 0.000000
vt 0.578571 0.000000
vt 0.092857 0.000000
vt 0.367857 0.000000
vt 0.371429 0.000000
vt 0.107143 0.000000
vt 0.103571 0.000000
vt 0.521429 0.000000
vt 0.828571 0.000000
vt 0.582143 0.000000
vt 0.096429 0.000000
vt 0.825000 0.000000
vt 0.585714 0.000000
vt 0.517857 0.000000
vt 0.589286 0.000000
vt 0.821429 0.000000
vt 0.375000 0.000000
vt 0.592857 0.000000
vt 0.421429 0.000000
vt 0.514286 0.000000
vt 0.378571 0.000000
vt 0.596429 0.000000
vt 0.817857 0.000000
vt 0.603571 0.000000
vt 0.417857 0.000000
vt 0.425000 0.000000
vt 0.607143 0.000000
vt 0.610714 0.000000
vt 0.414286 0.000000
vt 0.614286 0.000000
vt 0.432143 0.000000
vt 0.685714 0.000000
vt 0.678571 0.000000
vt 0.682143 0.000000
vt 0.617857 0.000000
vt 0.675000 0.000000
vt 0.621429 0.000000
vt 0.671429 0.000000
vt 0.410714 0.000000
vt 0.435714 0.000000
vt 0.625000 0.000000
vt 0.667857 0.000000
vt 0.664286 0.000000
vt 0.814286 0.000000
vt 0.628571 0.000000
vt 0.660714 0.000000
vt 0.632143 0.000000
vt 0.657143 0.000000
vt 0.653571 0.000000
vt 0.635714 0.000000
vt 0.650000 0.000000
vt 0.646429 0.000000
vt 0.639286 0.000000
vt 0.439286 0.000000
vt 0.689286 0.000000
vt 0.407143 0.000000
vt 0.442857 0.000000
vt 0.510714 0.000000
vt 0.403571 0.000000
vt 0.692857 0.000000
vt 0.446429 0.000000
vt 0.450000 0.000000
vt 0.453571 0.000000
vt 0.696429 0.000000
vt 0.396429 0.000000
vt 0.457143 0.000000
vt 0.810714 0.000000
vt 0.460714 0.000000
vt 0.392857 0.000000
vt 0.464286 0.000000
vt 0.389286 0.000000
vt 0.467857 0.000000
vt 0.703571 0.000000
vt 0.385714 0.000000
vt 0.471429 0.000000
vt 0.807143 0.000000
vt 0.382143 0.000000
vt 0.475000 0.000000
vt 0.707143 0.000000
vt 0.478571 0.000000
vt 0.803571 0.000000
vt 0.710714 0.000000
vt 0.482143 0.000000
vt 0.485714 0.000000
vt 0.489286 0.000000
vt 0.492857 0.000000
vt 0.496429 0.000000
vt 0.503571 0.000000
vt 0.507143 0.000000
vt 0.796429 0.000000
vt 0.792857 0.000000
vt 0.717857 0.000000
vt 0.789286 0.000000
vt 0.721429 0.000000
vt 0.782143 0.000000
vt 0.778571 0.000000
vt 0.725000 0.000000
vt 0.775000 0.000000
vt 0.771429 0.000000
vt 0.767857 0.000000
vt 0.764286 0.000000
vt 0.760714 0.000000
vt 0.728571 0.000000
vt 0.732143 0.000000
vt 0.757143 0.000000
vt 0.735714 0.000000
vt 0.753571 0.000000
vt 0.739286 0.000000
vt 0.742857 0.000000
vt 0.746429 0.000000
vt 0.501341 0.000000
vt 0.495979 0.000000
vt 0.498660 0.000000
vt 0.002681 0.000000
vt 0.324397 0.000000
vt 0.493298 0.000000
vt 0.005362 0.000000
vt 0.504021 0.000000
vt 0.490617 0.000000
vt 0.008043 0.000000
vt 0.487936 0.000000
vt 0.010724 0.000000
vt 0.485255 0.000000
vt 0.506702 0.000000
vt 0.013405 0.000000
vt 0.482574 0.000000
vt 0.016086 0.000000
vt 0.479893 0.000000
vt 0.018767 0.000000
vt 0.477212 0.000000
vt 0.509383 0.000000
vt 0.021448 0.000000
vt 0.474531 0.000000
vt 0.024129 0.000000
vt 0.321716 0.000000
vt 0.471850 0.000000
vt 0.026810 0.000000
vt 0.319035 0.000000
vt 0.469169 0.000000
vt 0.316354 0.000000
vt 0.512064 0.000000
vt 0.029491 0.000000
vt 0.313673 0.000000
vt 0.466488 0.000000
vt 0.310992 0.000000
vt 0.032172 0.000000
vt 0.308311 0.000000
vt 0.034853 0.000000
vt 0.305630 0.000000
vt 0.463807 0.000000
vt 0.302949 0.000000
vt 0.037534 0.000000
vt 0.461126 0.000000
vt 0.455764 0.000000
vt 0.458445 0.000000
vt 0.300268 0.000000
vt 0.514745 0.000000
vt 0.040214 0.000000
vt 0.297587 0.000000
vt 0.294906 0.000000
vt 0.042895 0.000000
vt 0.292225 0.000000
vt 0.096515 0.000000
vt 0.289544 0.000000
vt 0.045576 0.000000
vt 0.048257 0.000000
vt 0.517426 0.000000
vt 0.453083 0.000000
vt 0.050938 0.000000
vt 0.053619 0.000000
vt 0.093834 0.000000
vt 0.099196 0.000000
vt 0.091153 0.000000
vt 0.056300 0.000000
vt 0.088472 0.000000
vt 0.085791 0.000000
vt 0.083110 0.000000
vt 0.058981 0.000000
vt 0.520107 0.000000
vt 0.597855 0.000000
vt 0.080429 0.000000
vt 0.077748 0.000000
vt 0.061662 0.000000
vt 0.075067 0.000000
vt 0.072386 0.000000
vt 0.069705 0.000000
vt 0.064343 0.000000
vt 0.067024 0.000000
vt 0.522788 0.000000
vt 0.595174 0.000000
vt 0.592493 0.000000
vt 0.600536 0.000000
vt 0.450402 0.000000
vt 0.589812 0.000000
vt 0.525469 0.000000
vt 0.603217 0.000000
vt 0.587131 0.000000
vt 0.605898 0.000000
vt 0.528150 0.000000
vt 0.584450 0.000000
vt 0.608579 0.000000
vt 0.581769 0.000000
vt 0.530831 0.000000
vt 0.447721 0.000000
vt 0.611260 0.000000
vt 0.579088 0.000000
vt 0.327078 0.000000
vt 0.659517 0.000000
vt 0.662198 0.000000
vt 0.613941 0.000000
vt 0.576407 0.000000
vt 0.656836 0.000000
vt 0.533512 0.000000
vt 0.536193 0.000000
vt 0.654155 0.000000
vt 0.538874 0.000000
vt 0.573727 0.000000
vt 0.616622 0.000000
vt 0.651475 0.000000
vt 0.541555 0.000000
vt 0.544236 0.000000
vt 0.648794 0.000000
vt 0.571046 0.000000
vt 0.546917 0.000000
vt 0.619303 0.000000
vt 0.646113 0.000000
vt 0.549598 0.000000
vt 0.445040 0.000000
vt 0.568365 0.000000
vt 0.552279 0.000000
vt 0.643432 0.000000
vt 0.621984 0.000000
vt 0.329759 0.000000
vt 0.554960 0.000000
vt 0.565684 0.000000
vt 0.640751 0.000000
vt 0.332440 0.000000
vt 0.557641 0.000000
vt 0.624665 0.000000
vt 0.638070 0.000000
vt 0.335121 0.000000
vt 0.560322 0.000000
vt 0.563003 0.000000
vt 0.337802 0.000000
vt 0.635389 0.000000
vt 0.627346 0.000000
vt 0.340483 0.000000
vt 0.632708 0.000000
vt 0.630027 0.000000
vt 0.343164 0.000000
vt 0.442359 0.000000
vt 0.345845 0.000000
vt 0.104558 0.000000
vt 0.101877 0.000000
vt 0.286863 0.000000
vt 0.284182 0.000000
vt 0.348525 0.000000
vt 0.351206 0.000000
vt 0.353887 0.000000
vt 0.356568 0.000000
vt 0.439678 0.000000
vt 0.359249 0.000000
vt 0.361930 0.000000
vt 0.364611 0.000000
vt 0.367292 0.000000
vt 0.436997 0.000000
vt 0.369973 0.000000
vt 0.107239 0.000000
vt 0.109920 0.000000
vt 0.281501 0.000000
vt 0.278820 0.000000
vt 0.372654 0.000000
vt 0.839142 0.000000
vt 0.833780 0.000000
vt 0.836461 0.000000
vt 0.375335 0.000000
vt 0.434316 0.000000
vt 0.378016 0.000000
vt 0.831099 0.000000
vt 0.276139 0.000000
vt 0.380697 0.000000
vt 0.828418 0.000000
vt 0.841823 0.000000
vt 0.112601 0.000000
vt 0.383378 0.000000
vt 0.273458 0.000000
vt 0.825737 0.000000
vt 0.386059 0.000000
vt 0.431635 0.000000
vt 0.823056 0.000000
vt 0.388740 0.000000
vt 0.270777 0.000000
vt 0.391421 0.000000
vt 0.820375 0.000000
vt 0.394102 0.000000
vt 0.844504 0.000000
vt 0.817694 0.000000
vt 0.396783 0.000000
vt 0.268097 0.000000
vt 0.115281 0.000000
vt 0.428954 0.000000
vt 0.399464 0.000000
vt 0.815013 0.000000
vt 0.402145 0.000000
vt 0.812332 0.000000
vt 0.404826 0.000000
vt 0.265416 0.000000
vt 0.809651 0.000000
vt 0.407507 0.000000
vt 0.847185 0.000000
vt 0.426273 0.000000
vt 0.410188 0.000000
vt 0.806971 0.000000
vt 0.412869 0.000000
vt 0.262735 0.000000
vt 0.804290 0.000000
vt 0.117962 0.000000
vt 0.211796 0.000000
vt 0.415550 0.000000
vt 0.801609 0.000000
vt 0.418231 0.000000
vt 0.420912 0.000000
vt 0.423593 0.000000
vt 0.798928 0.000000
vt 0.793566 0.000000
vt 0.796247 0.000000
vt 0.849866 0.000000
vt 0.260054 0.000000
vt 0.203753 0.000000
vt 0.209115 0.000000
vt 0.214477 0.000000
vt 0.217158 0.000000
vt 0.257373 0.000000
vt 0.120643 0.000000
vt 0.935657 0.000000
vt 0.790885 0.000000
vt 0.201072 0.000000
vt 0.206434 0.000000
vt 0.852547 0.000000
vt 0.219839 0.000000
vt 0.254692 0.000000
vt 0.222520 0.000000
vt 0.198391 0.000000
vt 0.855228 0.000000
vt 0.932976 0.000000
vt 0.252011 0.000000
vt 0.123324 0.000000
vt 0.225201 0.000000
vt 0.249330 0.000000
vt 0.930295 0.000000
vt 0.938338 0.000000
vt 0.227882 0.000000
vt 0.857909 0.000000
vt 0.246649 0.000000
vt 0.195710 0.000000
vt 0.126005 0.000000
vt 0.230563 0.000000
vt 0.233244 0.000000
vt 0.235925 0.000000
vt 0.238606 0.000000
vt 0.241287 0.000000
vt 0.243968 0.000000
vt 0.927614 0.000000
vt 0.941019 0.000000
vt 0.788204 0.000000
vt 0.860590 0.000000
vt 0.924933 0.000000
vt 0.193029 0.000000
vt 0.943700 0.000000
vt 0.128686 0.000000
vt 0.922252 0.000000
vt 0.863271 0.000000
vt 0.946381 0.000000
vt 0.190349 0.000000
vt 0.919571 0.000000
vt 0.949062 0.000000
vt 0.131367 0.000000
vt 0.865952 0.000000
vt 0.916890 0.000000
vt 0.785523 0.000000
vt 0.951743 0.000000
vt 0.187668 0.000000
vt 0.914209 0.000000
vt 0.868633 0.000000
vt 0.664879 0.000000
vt 0.997319 0.000000
vt 0.134048 0.000000
vt 0.994638 0.000000
vt 0.954424 0.000000
vt 0.911528 0.000000
vt 0.991957 0.000000
vt 0.184987 0.000000
vt 0.871314 0.000000
vt 0.989276 0.000000
vt 0.873995 0.000000
vt 0.957105 0.000000
vt 0.908847 0.000000
vt 0.876676 0.000000
vt 0.136729 0.000000
vt 0.986595 0.000000
vt 0.879357 0.000000
vt 0.882038 0.000000
vt 0.983914 0.000000
vt 0.906166 0.000000
vt 0.959786 0.000000
vt 0.884718 0.000000
vt 0.667560 0.000000
vt 0.182306 0.000000
vt 0.782842 0.000000
vt 0.981233 0.000000
vt 0.887399 0.000000
vt 0.670241 0.000000
vt 0.903485 0.000000
vt 0.890080 0.000000
vt 0.139410 0.000000
vt 0.978552 0.000000
vt 0.962466 0.000000
vt 0.892761 0.000000
vt 0.672922 0.000000
vt 0.975871 0.000000
vt 0.895442 0.000000
vt 0.898123 0.000000
vt 0.900804 0.000000
vt 0.675603 0.000000
vt 0.179625 0.000000
vt 0.965147 0.000000
vt 0.973190 0.000000
vt 0.142091 0.000000
vt 0.678284 0.000000
vt 0.144772 0.000000
vt 0.970509 0.000000
vt 0.680965 0.000000
vt 0.967828 0.000000
vt 0.147453 0.000000
vt 0.176944 0.000000
vt 0.150134 0.000000
vt 0.683646 0.000000
vt 0.780161 0.000000
vt 0.152815 0.000000
vt 0.686327 0.000000
vt 0.155496 0.000000
vt 0.689008 0.000000
vt 0.158177 0.000000
vt 0.174263 0.000000
vt 0.160858 0.000000
vt 0.691689 0.000000
vt 0.163539 0.000000
vt 0.694370 0.000000
vt 0.166220 0.000000
vt 0.168901 0.000000
vt 0.171582 0.000000
vt 0.697051 0.000000
vt 0.699732 0.000000
vt 0.777480 0.000000
vt 0.702413 0.000000
vt 0.705094 0.000000
vt 0.774799 0.000000
vt 0.707775 0.000000
vt 0.710456 0.000000
vt 0.713137 0.000000
vt 0.772118 0.000000
vt 0.715818 0.000000
vt 0.718499 0.000000
vt 0.721180 0.000000
vt 0.769437 0.000000
vt 0.723861 0.000000
vt 0.726542 0.000000
vt 0.729223 0.000000
vt 0.731903 0.000000
vt 0.766756 0.000000
vt 0.734584 0.000000
vt 0.737265 0.000000
vt 0.739946 0.000000
vt 0.742627 0.000000
vt 0.745308 0.000000
vt 0.764075 0.000000
vt 0.747989 0.000000
vt 0.750670 0.000000
vt 0.753351 0.000000
vt 0.756032 0.000000
vt 0.758713 0.000000
vt 0.761394 0.000000
vt 0.603093 0.000000
vt 0.592784 0.000000
vt 0.597938 0.000000
vt 0.134021 0.000000
vt 0.257732 0.000000
vt 0.262887 0.000000
vt 0.463918 0.000000
vt 0.932990 0.000000
vt 0.938144 0.000000
vt 0.252577 0.000000
vt 0.927835 0.000000
vt 0.247423 0.000000
vt 0.587629 0.000000
vt 0.608247 0.000000
vt 0.922680 0.000000
vt 0.242268 0.000000
vt 0.582474 0.000000
vt 0.469072 0.000000
vt 0.237113 0.000000
vt 0.917526 0.000000
vt 0.474227 0.000000
vt 0.577320 0.000000
vt 0.231959 0.000000
vt 0.479381 0.000000
vt 0.912371 0.000000
vt 0.572165 0.000000
vt 0.226804 0.000000
vt 0.613402 0.000000
vt 0.484536 0.000000
vt 0.567010 0.000000
vt 0.907216 0.000000
vt 0.221649 0.000000
vt 0.489691 0.000000
vt 0.561856 0.000000
vt 0.216495 0.000000
vt 0.902062 0.000000
vt 0.139175 0.000000
vt 0.494845 0.000000
vt 0.211340 0.000000
vt 0.556701 0.000000
vt 0.144330 0.000000
vt 0.896907 0.000000
vt 0.618557 0.000000
vt 0.206186 0.000000
vt 0.149485 0.000000
vt 0.551546 0.000000
vt 0.505155 0.000000
vt 0.891753 0.000000
vt 0.201031 0.000000
vt 0.154639 0.000000
vt 0.546392 0.000000
vt 0.510309 0.000000
vt 0.159794 0.000000
vt 0.164948 0.000000
vt 0.170103 0.000000
vt 0.175258 0.000000
vt 0.180412 0.000000
vt 0.185567 0.000000
vt 0.190722 0.000000
vt 0.195876 0.000000
vt 0.886598 0.000000
vt 0.541237 0.000000
vt 0.515464 0.000000
vt 0.881443 0.000000
vt 0.536082 0.000000
vt 0.623711 0.000000
vt 0.520619 0.000000
vt 0.876289 0.000000
vt 0.530928 0.000000
vt 0.525773 0.000000
vt 0.871134 0.000000
vt 0.865979 0.000000
vt 0.628866 0.000000
vt 0.634021 0.000000
vt 0.639175 0.000000
vt 0.994845 0.000000
vt 0.989691 0.000000
vt 0.984536 0.000000
vt 0.860825 0.000000
vt 0.855670 0.000000
vt 0.644330 0.000000
vt 0.649485 0.000000
vt 0.654639 0.000000
vt 0.659794 0.000000
vt 0.783505 0.000000
vt 0.850515 0.000000
vt 0.845361 0.000000
vt 0.778351 0.000000
vt 0.788660 0.000000
vt 0.979381 0.000000
vt 0.773196 0.000000
vt 0.768041 0.000000
vt 0.664948 0.000000
vt 0.670103 0.000000
vt 0.762887 0.000000
vt 0.675258 0.000000
vt 0.757732 0.000000
vt 0.680412 0.000000
vt 0.752577 0.000000
vt 0.685567 0.000000
vt 0.690722 0.000000
vt 0.747423 0.000000
vt 0.695876 0.000000
vt 0.742268 0.000000
vt 0.701031 0.000000
vt 0.737113 0.000000
vt 0.706186 0.000000
vt 0.731959 0.000000
vt 0.711340 0.000000
vt 0.974227 0.000000
vt 0.963918 0.000000
vt 0.969072 0.000000
vt 0.840206 0.000000
vt 0.835052 0.000000
vt 0.726804 0.000000
vt 0.716495 0.000000
vt 0.721649 0.000000
vt 0.345361 0.000000
vt 0.335052 0.000000
vt 0.340206 0.000000
vt 0.350515 0.000000
vt 0.953608 0.000000
vt 0.829897 0.000000
vt 0.824742 0.000000
vt 0.355670 0.000000
vt 0.329897 0.000000
vt 0.360825 0.000000
vt 0.324742 0.000000
vt 0.365979 0.000000
vt 0.948454 0.000000
vt 0.958763 0.000000
vt 0.943299 0.000000
vt 0.819588 0.000000
vt 0.814433 0.000000
vt 0.319588 0.000000
vt 0.371134 0.000000
vt 0.314433 0.000000
vt 0.376289 0.000000
vt 0.309278 0.000000
vt 0.381443 0.000000
vt 0.304124 0.000000
vt 0.386598 0.000000
vt 0.798969 0.000000
vt 0.809278 0.000000
vt 0.804124 0.000000
vt 0.298969 0.000000
vt 0.391753 0.000000
vt 0.293814 0.000000
vt 0.396907 0.000000
vt 0.268041 0.000000
vt 0.288660 0.000000
vt 0.273196 0.000000
vt 0.283505 0.000000
vt 0.793814 0.000000
vt 0.278351 0.000000
vt 0.407216 0.000000
vt 0.458763 0.000000
vt 0.402062 0.000000
vt 0.453608 0.000000
vt 0.417526 0.000000
vt 0.412371 0.000000
vt 0.448454 0.000000
vt 0.443299 0.000000
vt 0.422680 0.000000
vt 0.427835 0.000000
vt 0.438144 0.000000
vt 0.432990 0.000000
vt 0.123711 0.000000
vt 0.128866 0.000000
vt 0.118557 0.000000
vt 0.113402 0.000000
vt 0.108247 0.000000
vt 0.103093 0.000000
vt 0.097938 0.000000
vt 0.092784 0.000000
vt 0.087629 0.000000
vt 0.082474 0.000000
vt 0.005155 0.000000
vt 0.077320 0.000000
vt 0.010309 0.000000
vt 0.072165 0.000000
vt 0.015464 0.000000
vt 0.067010 0.000000
vt 0.020619 0.000000
vt 0.025773 0.000000
vt 0.030928 0.000000
vt 0.036082 0.000000
vt 0.041237 0.000000
vt 0.046392 0.000000
vt 0.051546 0.000000
vt 0.056701 0.000000
vt 0.061856 0.000000
vt 0.540230 0.000000
vt 0.521073 0.000000
vt 0.536398 0.000000
vt 0.547893 0.000000
vt 0.524904 0.000000
vt 0.544061 0.000000
vt 0.532567 0.000000
vt 0.528736 0.000000
vt 0.551724 0.000000
vt 0.643678 0.000000
vt 0.647510 0.000000
vt 0.639847 0.000000
vt 0.559387 0.000000
vt 0.636015 0.000000
vt 0.563218 0.000000
vt 0.632184 0.000000
vt 0.567050 0.000000
vt 0.628352 0.000000
vt 0.570881 0.000000
vt 0.624521 0.000000
vt 0.574713 0.000000
vt 0.620690 0.000000
vt 0.578544 0.000000
vt 0.616858 0.000000
vt 0.582375 0.000000
vt 0.613027 0.000000
vt 0.586207 0.000000
vt 0.609195 0.000000
vt 0.590038 0.000000
vt 0.605364 0.000000
vt 0.593870 0.000000
vt 0.601533 0.000000
vt 0.597701 0.000000
vt 0.651341 0.000000
vt 0.743295 0.000000
vt 0.747126 0.000000
vt 0.655172 0.000000
vt 0.739464 0.000000
vt 0.659004 0.000000
vt 0.735632 0.000000
vt 0.662835 0.000000
vt 0.731801 0.000000
vt 0.727969 0.000000
vt 0.670498 0.000000
vt 0.724138 0.000000
vt 0.674330 0.000000
vt 0.720307 0.000000
vt 0.678161 0.000000
vt 0.716475 0.000000
vt 0.681992 0.000000
vt 0.712644 0.000000
vt 0.708812 0.000000
vt 0.685824 0.000000
vt 0.704981 0.000000
vt 0.689655 0.000000
vt 0.701149 0.000000
vt 0.693487 0.000000
vt 0.697318 0.000000
vt 0.750958 0.000000
vt 0.842912 0.000000
vt 0.846743 0.000000
vt 0.839080 0.000000
vt 0.754789 0.000000
vt 0.835249 0.000000
vt 0.758621 0.000000
vt 0.831418 0.000000
vt 0.762452 0.000000
vt 0.827586 0.000000
vt 0.766284 0.000000
vt 0.823755 0.000000
vt 0.770115 0.000000
vt 0.819923 0.000000
vt 0.773946 0.000000
vt 0.816092 0.000000
vt 0.812261 0.000000
vt 0.781609 0.000000
vt 0.808429 0.000000
vt 0.785441 0.000000
vt 0.804598 0.000000
vt 0.789272 0.000000
vt 0.800766 0.000000
vt 0.793103 0.000000
vt 0.796935 0.000000
vt 0.854406 0.000000
vt 0.946360 0.000000
vt 0.850575 0.000000
vt 0.858238 0.000000
vt 0.942529 0.000000
vt 0.862069 0.000000
vt 0.938697 0.000000
vt 0.865900 0.000000
vt 0.934866 0.000000
vt 0.869732 0.000000
vt 0.931035 0.000000
vt 0.873563 0.000000
vt 0.927203 0.000000
vt 0.877395 0.000000
vt 0.923372 0.000000
vt 0.881226 0.000000
vt 0.919540 0.000000
vt 0.885057 0.000000
vt 0.915709 0.000000
vt 0.911877 0.000000
vt 0.892720 0.000000
vt 0.908046 0.000000
vt 0.896552 0.000000
vt 0.900383 0.000000
vt 0.904215 0.000000
vt 0.984674 0.000000
vt 0.950192 0.000000
vt 0.980843 0.000000
vt 0.954023 0.000000
vt 0.996169 0.000000
vt 0.961686 0.000000
vt 0.957854 0.000000
vt 0.969349 0.000000
vt 0.973180 0.000000
vt 0.965517 0.000000
vt 0.977012 0.000000
vt 0.992337 0.000000
vt 0.988506 0.000000
vt 0.003831 0.000000
vt 0.517241 0.000000
vt 0.513410 0.000000
vt 0.509579 0.000000
vt 0.505747 0.000000
vt 0.501916 0.000000
vt 0.498084 0.000000
vt 0.494253 0.000000
vt 0.490421 0.000000
vt 0.486590 0.000000
vt 0.482759 0.000000
vt 0.478927 0.000000
vt 0.475096 0.000000
vt 0.471264 0.000000
vt 0.467433 0.000000
vt 0.007663 0.000000
vt 0.145594 0.000000
vt 0.149425 0.000000
vt 0.463602 0.000000
vt 0.011494 0.000000
vt 0.141762 0.000000
vt 0.153257 0.000000
vt 0.157088 0.000000
vt 0.015326 0.000000
vt 0.459770 0.000000
vt 0.137931 0.000000
vt 0.160920 0.000000
vt 0.019157 0.000000
vt 0.455939 0.000000
vt 0.134100 0.000000
vt 0.164751 0.000000
vt 0.022989 0.000000
vt 0.168582 0.000000
vt 0.452107 0.000000
vt 0.130268 0.000000
vt 0.026820 0.000000
vt 0.172414 0.000000
vt 0.030651 0.000000
vt 0.448276 0.000000
vt 0.176245 0.000000
vt 0.126437 0.000000
vt 0.180077 0.000000
vt 0.034483 0.000000
vt 0.183908 0.000000
vt 0.122605 0.000000
vt 0.187739 0.000000
vt 0.038314 0.000000
vt 0.191571 0.000000
vt 0.440613 0.000000
vt 0.195402 0.000000
vt 0.199234 0.000000
vt 0.042146 0.000000
vt 0.203065 0.000000
vt 0.206897 0.000000
vt 0.291188 0.000000
vt 0.283525 0.000000
vt 0.287356 0.000000
vt 0.210728 0.000000
vt 0.279693 0.000000
vt 0.214559 0.000000
vt 0.118774 0.000000
vt 0.275862 0.000000
vt 0.218391 0.000000
vt 0.436782 0.000000
vt 0.272031 0.000000
vt 0.268199 0.000000
vt 0.226054 0.000000
vt 0.264368 0.000000
vt 0.229885 0.000000
vt 0.260536 0.000000
vt 0.256705 0.000000
vt 0.233716 0.000000
vt 0.252874 0.000000
vt 0.237548 0.000000
vt 0.249042 0.000000
vt 0.241379 0.000000
vt 0.245211 0.000000
vt 0.295019 0.000000
vt 0.298851 0.000000
vt 0.045977 0.000000
vt 0.302682 0.000000
vt 0.432950 0.000000
vt 0.306513 0.000000
vt 0.114943 0.000000
vt 0.049808 0.000000
vt 0.429119 0.000000
vt 0.310345 0.000000
vt 0.314176 0.000000
vt 0.053640 0.000000
vt 0.425287 0.000000
vt 0.318008 0.000000
vt 0.421456 0.000000
vt 0.321839 0.000000
vt 0.057471 0.000000
vt 0.417625 0.000000
vt 0.061303 0.000000
vt 0.413793 0.000000
vt 0.325671 0.000000
vt 0.065134 0.000000
vt 0.409962 0.000000
vt 0.406130 0.000000
vt 0.329502 0.000000
vt 0.068966 0.000000
vt 0.402299 0.000000
vt 0.398467 0.000000
vt 0.107280 0.000000
vt 0.394636 0.000000
vt 0.072797 0.000000
vt 0.390805 0.000000
vt 0.386973 0.000000
vt 0.383142 0.000000
vt 0.337165 0.000000
vt 0.379310 0.000000
vt 0.340996 0.000000
vt 0.375479 0.000000
vt 0.076628 0.000000
vt 0.344828 0.000000
vt 0.371648 0.000000
vt 0.367816 0.000000
vt 0.348659 0.000000
vt 0.363985 0.000000
vt 0.352490 0.000000
vt 0.360153 0.000000
vt 0.356322 0.000000
vt 0.080460 0.000000
vt 0.103448 0.000000
vt 0.084291 0.000000
vt 0.088123 0.000000
vt 0.091954 0.000000
vt 0.095785 0.000000
vt 0.099617 0.000000
vt 0.013605 0.000000
vt 0.006803 0.000000
vt 0.020408 0.000000
vt 0.258503 0.000000
vt 0.244898 0.000000
vt 0.251701 0.000000
vt 0.027211 0.000000
vt 0.231293 0.000000
vt 0.034014 0.000000
vt 0.224490 0.000000
vt 0.040816 0.000000
vt 0.217687 0.000000
vt 0.210884 0.000000
vt 0.204082 0.000000
vt 0.054422 0.000000
vt 0.197279 0.000000
vt 0.061224 0.000000
vt 0.068027 0.000000
vt 0.183673 0.000000
vt 0.074830 0.000000
vt 0.176871 0.000000
vt 0.081633 0.000000
vt 0.170068 0.000000
vt 0.088435 0.000000
vt 0.163265 0.000000
vt 0.156463 0.000000
vt 0.149660 0.000000
vt 0.136054 0.000000
vt 0.129252 0.000000
vt 0.122449 0.000000
vt 0.115646 0.000000
vt 0.108844 0.000000
vt 0.102041 0.000000
vt 0.265306 0.000000
vt 0.993197 0.000000
vt 0.272109 0.000000
vt 0.986395 0.000000
vt 0.278912 0.000000
vt 0.979592 0.000000
vt 0.292517 0.000000
vt 0.972789 0.000000
vt 0.299320 0.000000
vt 0.965986 0.000000
vt 0.306122 0.000000
vt 0.312925 0.000000
vt 0.959184 0.000000
vt 0.319728 0.000000
vt 0.326531 0.000000
vt 0.945578 0.000000
vt 0.938776 0.000000
vt 0.931973 0.000000
vt 0.925170 0.000000
vt 0.340136 0.000000
vt 0.353741 0.000000
vt 0.360544 0.000000
vt 0.367347 0.000000
vt 0.374150 0.000000
vt 0.387755 0.000000
vt 0.394558 0.000000
vt 0.401361 0.000000
vt 0.408163 0.000000
vt 0.414966 0.000000
vt 0.421769 0.000000
vt 0.918367 0.000000
vt 0.346939 0.000000
vt 0.911565 0.000000
vt 0.435374 0.000000
vt 0.442177 0.000000
vt 0.897959 0.000000
vt 0.448980 0.000000
vt 0.891156 0.000000
vt 0.455782 0.000000
vt 0.884354 0.000000
vt 0.462585 0.000000
vt 0.877551 0.000000
vt 0.469388 0.000000
vt 0.870748 0.000000
vt 0.482993 0.000000
vt 0.863946 0.000000
vt 0.489796 0.000000
vt 0.496599 0.000000
vt 0.850340 0.000000
vt 0.503401 0.000000
vt 0.843537 0.000000
vt 0.510204 0.000000
vt 0.836735 0.000000
vt 0.517007 0.000000
vt 0.829932 0.000000
vt 0.673469 0.000000
vt 0.823129 0.000000
vt 0.680272 0.000000
vt 0.816327 0.000000
vt 0.530612 0.000000
vt 0.687075 0.000000
vt 0.659864 0.000000
vt 0.537415 0.000000
vt 0.693878 0.000000
vt 0.653061 0.000000
vt 0.802721 0.000000
vt 0.544218 0.000000
vt 0.700680 0.000000
vt 0.646259 0.000000
vt 0.795918 0.000000
vt 0.551020 0.000000
vt 0.707483 0.000000
vt 0.639456 0.000000
vt 0.789116 0.000000
vt 0.557823 0.000000
vt 0.632653 0.000000
vt 0.782313 0.000000
vt 0.564626 0.000000
vt 0.721088 0.000000
vt 0.625850 0.000000
vt 0.775510 0.000000
vt 0.727891 0.000000
vt 0.578231 0.000000
vt 0.768707 0.000000
vt 0.734694 0.000000
vt 0.585034 0.000000
vt 0.612245 0.000000
vt 0.591837 0.000000
vt 0.741497 0.000000
vt 0.605442 0.000000
vt 0.748299 0.000000
vt 0.755102 0.000000
vt 0.598639 0.000000
vt 0.154255 0.000000
vt 0.143617 0.000000
vt 0.148936 0.000000
vt 0.138298 0.000000
vt 0.159574 0.000000
vt 0.132979 0.000000
vt 0.164894 0.000000
vt 0.127660 0.000000
vt 0.170213 0.000000
vt 0.122340 0.000000
vt 0.175532 0.000000
vt 0.117021 0.000000
vt 0.180851 0.000000
vt 0.111702 0.000000
vt 0.186170 0.000000
vt 0.106383 0.000000
vt 0.191489 0.000000
vt 0.101064 0.000000
vt 0.196809 0.000000
vt 0.095745 0.000000
vt 0.202128 0.000000
vt 0.090426 0.000000
vt 0.207447 0.000000
vt 0.085106 0.000000
vt 0.212766 0.000000
vt 0.079787 0.000000
vt 0.218085 0.000000
vt 0.074468 0.000000
vt 0.010638 0.000000
vt 0.005319 0.000000
vt 0.015957 0.000000
vt 0.021277 0.000000
vt 0.026596 0.000000
vt 0.292553 0.000000
vt 0.281915 0.000000
vt 0.287234 0.000000
vt 0.031915 0.000000
vt 0.276596 0.000000
vt 0.037234 0.000000
vt 0.271277 0.000000
vt 0.042553 0.000000
vt 0.265957 0.000000
vt 0.260638 0.000000
vt 0.047872 0.000000
vt 0.255319 0.000000
vt 0.053191 0.000000
vt 0.244681 0.000000
vt 0.058511 0.000000
vt 0.239362 0.000000
vt 0.063830 0.000000
vt 0.234043 0.000000
vt 0.228723 0.000000
vt 0.069149 0.000000
vt 0.223404 0.000000
vt 0.297872 0.000000
vt 0.303191 0.000000
vt 0.308511 0.000000
vt 0.313830 0.000000
vt 0.319149 0.000000
vt 0.994681 0.000000
vt 0.989362 0.000000
vt 0.324468 0.000000
vt 0.984043 0.000000
vt 0.329787 0.000000
vt 0.978723 0.000000
vt 0.335106 0.000000
vt 0.973404 0.000000
vt 0.968085 0.000000
vt 0.340426 0.000000
vt 0.962766 0.000000
vt 0.345745 0.000000
vt 0.957447 0.000000
vt 0.351064 0.000000
vt 0.617021 0.000000
vt 0.952128 0.000000
vt 0.356383 0.000000
vt 0.611702 0.000000
vt 0.606383 0.000000
vt 0.622340 0.000000
vt 0.946809 0.000000
vt 0.941489 0.000000
vt 0.361702 0.000000
vt 0.601064 0.000000
vt 0.936170 0.000000
vt 0.367021 0.000000
vt 0.627660 0.000000
vt 0.595745 0.000000
vt 0.930851 0.000000
vt 0.372340 0.000000
vt 0.590426 0.000000
vt 0.632979 0.000000
vt 0.377660 0.000000
vt 0.925532 0.000000
vt 0.585106 0.000000
vt 0.638298 0.000000
vt 0.382979 0.000000
vt 0.579787 0.000000
vt 0.920213 0.000000
vt 0.388298 0.000000
vt 0.574468 0.000000
vt 0.643617 0.000000
vt 0.914894 0.000000
vt 0.393617 0.000000
vt 0.569149 0.000000
vt 0.648936 0.000000
vt 0.398936 0.000000
vt 0.563830 0.000000
vt 0.909574 0.000000
vt 0.404255 0.000000
vt 0.558511 0.000000
vt 0.654255 0.000000
vt 0.409574 0.000000
vt 0.904255 0.000000
vt 0.553191 0.000000
vt 0.414894 0.000000
vt 0.547872 0.000000
vt 0.659574 0.000000
vt 0.420213 0.000000
vt 0.542553 0.000000
vt 0.425532 0.000000
vt 0.898936 0.000000
vt 0.537234 0.000000
vt 0.430851 0.000000
vt 0.531915 0.000000
vt 0.436170 0.000000
vt 0.526596 0.000000
vt 0.441489 0.000000
vt 0.664894 0.000000
vt 0.521277 0.000000
vt 0.446809 0.000000
vt 0.515957 0.000000
vt 0.452128 0.000000
vt 0.510638 0.000000
vt 0.893617 0.000000
vt 0.457447 0.000000
vt 0.505319 0.000000
vt 0.462766 0.000000
vt 0.670213 0.000000
vt 0.468085 0.000000
vt 0.494681 0.000000
vt 0.473404 0.000000
vt 0.489362 0.000000
vt 0.478723 0.000000
vt 0.484043 0.000000
vt 0.888298 0.000000
vt 0.675532 0.000000
vt 0.882979 0.000000
vt 0.680851 0.000000
vt 0.877660 0.000000
vt 0.686170 0.000000
vt 0.872340 0.000000
vt 0.691489 0.000000
vt 0.696809 0.000000
vt 0.867021 0.000000
vt 0.702128 0.000000
vt 0.861702 0.000000
vt 0.707447 0.000000
vt 0.712766 0.000000
vt 0.856383 0.000000
vt 0.718085 0.000000
vt 0.723404 0.000000
vt 0.851064 0.000000
vt 0.728723 0.000000
vt 0.845745 0.000000
vt 0.734043 0.000000
vt 0.739362 0.000000
vt 0.744681 0.000000
vt 0.840426 0.000000
vt 0.755319 0.000000
vt 0.760638 0.000000
vt 0.765957 0.000000
vt 0.771277 0.000000
vt 0.776596 0.000000
vt 0.835106 0.000000
vt 0.781915 0.000000
vt 0.787234 0.000000
vt 0.792553 0.000000
vt 0.797872 0.000000
vt 0.803191 0.000000
vt 0.808511 0.000000
vt 0.813830 0.000000
vt 0.829787 0.000000
vt 0.824468 0.000000
vt 0.819149 0.000000
vt 0.951691 0.000000
vt 0.942029 0.000000
vt 0.946860 0.000000
vt 0.937198 0.000000
vt 0.961353 0.000000
vt 0.932367 0.000000
vt 0.966184 0.000000
vt 0.927536 0.000000
vt 0.971014 0.000000
vt 0.922705 0.000000
vt 0.975845 0.000000
vt 0.917874 0.000000
vt 0.980676 0.000000
vt 0.985507 0.000000
vt 0.053140 0.000000
vt 0.057971 0.000000
vt 0.062802 0.000000
vt 0.908213 0.000000
vt 0.048309 0.000000
vt 0.067633 0.000000
vt 0.072464 0.000000
vt 0.038647 0.000000
vt 0.077295 0.000000
vt 0.033816 0.000000
vt 0.082126 0.000000
vt 0.990338 0.000000
vt 0.903382 0.000000
vt 0.028986 0.000000
vt 0.024155 0.000000
vt 0.091787 0.000000
vt 0.995169 0.000000
vt 0.898551 0.000000
vt 0.019324 0.000000
vt 0.096618 0.000000
vt 0.014493 0.000000
vt 0.101449 0.000000
vt 0.893720 0.000000
vt 0.009662 0.000000
vt 0.106280 0.000000
vt 0.004831 0.000000
vt 0.231884 0.000000
vt 0.115942 0.000000
vt 0.236715 0.000000
vt 0.227053 0.000000
vt 0.120773 0.000000
vt 0.884058 0.000000
vt 0.241546 0.000000
vt 0.246377 0.000000
vt 0.251208 0.000000
vt 0.125604 0.000000
vt 0.256039 0.000000
vt 0.879227 0.000000
vt 0.265700 0.000000
vt 0.270531 0.000000
vt 0.275362 0.000000
vt 0.280193 0.000000
vt 0.212560 0.000000
vt 0.135266 0.000000
vt 0.415459 0.000000
vt 0.405797 0.000000
vt 0.410628 0.000000
vt 0.285024 0.000000
vt 0.400966 0.000000
vt 0.396135 0.000000
vt 0.289855 0.000000
vt 0.386473 0.000000
vt 0.874396 0.000000
vt 0.381643 0.000000
vt 0.376812 0.000000
vt 0.371981 0.000000
vt 0.294686 0.000000
vt 0.367150 0.000000
vt 0.362319 0.000000
vt 0.357488 0.000000
vt 0.352657 0.000000
vt 0.342995 0.000000
vt 0.338164 0.000000
vt 0.328502 0.000000
vt 0.323671 0.000000
vt 0.318841 0.000000
vt 0.314010 0.000000
vt 0.309179 0.000000
vt 0.299517 0.000000
vt 0.207729 0.000000
vt 0.140097 0.000000
vt 0.202899 0.000000
vt 0.144928 0.000000
vt 0.198068 0.000000
vt 0.149758 0.000000
vt 0.193237 0.000000
vt 0.154589 0.000000
vt 0.864734 0.000000
vt 0.188406 0.000000
vt 0.159420 0.000000
vt 0.183575 0.000000
vt 0.164251 0.000000
vt 0.178744 0.000000
vt 0.169082 0.000000
vt 0.859903 0.000000
vt 0.439614 0.000000
vt 0.449275 0.000000
vt 0.855072 0.000000
vt 0.454106 0.000000
vt 0.458937 0.000000
vt 0.850242 0.000000
vt 0.463768 0.000000
vt 0.845411 0.000000
vt 0.468599 0.000000
vt 0.772947 0.000000
vt 0.840580 0.000000
vt 0.473430 0.000000
vt 0.483092 0.000000
vt 0.487923 0.000000
vt 0.492754 0.000000
vt 0.497585 0.000000
vt 0.502415 0.000000
vt 0.507246 0.000000
vt 0.516908 0.000000
vt 0.526570 0.000000
vt 0.531401 0.000000
vt 0.768116 0.000000
vt 0.787440 0.000000
vt 0.835749 0.000000
vt 0.792271 0.000000
vt 0.797101 0.000000
vt 0.801932 0.000000
vt 0.806763 0.000000
vt 0.811594 0.000000
vt 0.830918 0.000000
vt 0.816425 0.000000
vt 0.821256 0.000000
vt 0.512077 0.000000
vt 0.536232 0.000000
vt 0.429952 0.000000
vt 0.425121 0.000000
vt 0.420290 0.000000
vt 0.763285 0.000000
vt 0.541063 0.000000
vt 0.758454 0.000000
vt 0.545894 0.000000
vt 0.753623 0.000000
vt 0.550725 0.000000
vt 0.748792 0.000000
vt 0.743961 0.000000
vt 0.560386 0.000000
vt 0.734300 0.000000
vt 0.570048 0.000000
vt 0.574879 0.000000
vt 0.729469 0.000000
vt 0.579710 0.000000
vt 0.724638 0.000000
vt 0.584541 0.000000
vt 0.719807 0.000000
vt 0.589372 0.000000
vt 0.714976 0.000000
vt 0.594203 0.000000
vt 0.710145 0.000000
vt 0.599034 0.000000
vt 0.705314 0.000000
vt 0.603865 0.000000
vt 0.700483 0.000000
vt 0.613527 0.000000
vt 0.618357 0.000000
vt 0.690821 0.000000
vt 0.623188 0.000000
vt 0.685990 0.000000
vt 0.628019 0.000000
vt 0.632850 0.000000
vt 0.681159 0.000000
vt 0.637681 0.000000
vt 0.676328 0.000000
vt 0.642512 0.000000
vt 0.671498 0.000000
vt 0.647343 0.000000
vt 0.661836 0.000000
vt 0.657005 0.000000
vt 0.013333 0.000000
vt 0.320000 0.000000
vt 0.306667 0.000000
vt 0.293333 0.000000
vt 0.026667 0.000000
vt 0.280000 0.000000
vt 0.040000 0.000000
vt 0.053333 0.000000
vt 0.253333 0.000000
vt 0.240000 0.000000
vt 0.080000 0.000000
vt 0.226667 0.000000
vt 0.093333 0.000000
vt 0.706667 0.000000
vt 0.680000 0.000000
vt 0.693333 0.000000
vt 0.213333 0.000000
vt 0.106667 0.000000
vt 0.120000 0.000000
vt 0.720000 0.000000
vt 0.186667 0.000000
vt 0.146667 0.000000
vt 0.160000 0.000000
vt 0.173333 0.000000
vt 0.746667 0.000000
vt 0.653333 0.000000
vt 0.760000 0.000000
vt 0.640000 0.000000
vt 0.773333 0.000000
vt 0.626667 0.000000
vt 0.786667 0.000000
vt 0.613333 0.000000
vt 0.813333 0.000000
vt 0.586667 0.000000
vt 0.826667 0.000000
vt 0.573333 0.000000
vt 0.840000 0.000000
vt 0.560000 0.000000
vt 0.853333 0.000000
vt 0.546667 0.000000
vt 0.880000 0.000000
vt 0.893333 0.000000
vt 0.906667 0.000000
vt 0.520000 0.000000
vt 0.920000 0.000000
vt 0.506667 0.000000
vt 0.946667 0.000000
vt 0.493333 0.000000
vt 0.960000 0.000000
vt 0.480000 0.000000
vt 0.973333 0.000000
vt 0.986667 0.000000
vt 0.453333 0.000000
vt 0.346667 0.000000
vt 0.360000 0.000000
vt 0.440000 0.000000
vt 0.426667 0.000000
vt 0.413333 0.000000
vt 0.386667 0.000000
vt 0.373333 0.000000
vt 0.284615 0.000000
vt 0.292308 0.000000
vt 0.276923 0.000000
vt 0.261538 0.000000
vt 0.253846 0.000000
vt 0.246154 0.000000
vt 0.315385 0.000000
vt 0.323077 0.000000
vt 0.238462 0.000000
vt 0.330769 0.000000
vt 0.338462 0.000000
vt 0.223077 0.000000
vt 0.215385 0.000000
vt 0.353846 0.000000
vt 0.207692 0.000000
vt 0.361538 0.000000
vt 0.369231 0.000000
vt 0.376923 0.000000
vt 0.392308 0.000000
vt 0.015385 0.000000
vt 0.007692 0.000000
vt 0.023077 0.000000
vt 0.030769 0.000000
vt 0.046154 0.000000
vt 0.053846 0.000000
vt 0.061538 0.000000
vt 0.069231 0.000000
vt 0.084615 0.000000
vt 0.092308 0.000000
vt 0.107692 0.000000
vt 0.123077 0.000000
vt 0.130769 0.000000
vt 0.138462 0.000000
vt 0.146154 0.000000
vt 0.161538 0.000000
vt 0.169231 0.000000
vt 0.992308 0.000000
vt 0.176923 0.000000
vt 0.184615 0.000000
vt 0.815385 0.000000
vt 0.984615 0.000000
vt 0.823077 0.000000
vt 0.407692 0.000000
vt 0.830769 0.000000
vt 0.976923 0.000000
vt 0.415385 0.000000
vt 0.838462 0.000000
vt 0.430769 0.000000
vt 0.438462 0.000000
vt 0.446154 0.000000
vt 0.453846 0.000000
vt 0.469231 0.000000
vt 0.476923 0.000000
vt 0.484615 0.000000
vt 0.492308 0.000000
vt 0.507692 0.000000
vt 0.969231 0.000000
vt 0.515385 0.000000
vt 0.853846 0.000000
vt 0.523077 0.000000
vt 0.861538 0.000000
vt 0.792308 0.000000
vt 0.953846 0.000000
vt 0.869231 0.000000
vt 0.876923 0.000000
vt 0.946154 0.000000
vt 0.784615 0.000000
vt 0.938462 0.000000
vt 0.892308 0.000000
vt 0.776923 0.000000
vt 0.930769 0.000000
vt 0.907692 0.000000
vt 0.915385 0.000000
vt 0.761538 0.000000
vt 0.753846 0.000000
vt 0.746154 0.000000
vt 0.738462 0.000000
vt 0.723077 0.000000
vt 0.715385 0.000000
vt 0.707692 0.000000
vt 0.684615 0.000000
vt 0.530769 0.000000
vt 0.676923 0.000000
vt 0.669231 0.000000
vt 0.546154 0.000000
vt 0.661538 0.000000
vt 0.553846 0.000000
vt 0.561538 0.000000
vt 0.646154 0.000000
vt 0.569231 0.000000
vt 0.638462 0.000000
vt 0.630769 0.000000
vt 0.584615 0.000000
vt 0.623077 0.000000
vt 0.592308 0.000000
vt 0.607692 0.000000
vt 0.673203 0.000000
vt 0.830065 0.000000
vt 0.816993 0.000000
vt 0.679739 0.000000
vt 0.810458 0.000000
vt 0.686275 0.000000
vt 0.803922 0.000000
vt 0.692810 0.000000
vt 0.503268 0.000000
vt 0.660131 0.000000
vt 0.496732 0.000000
vt 0.653595 0.000000
vt 0.797386 0.000000
vt 0.699346 0.000000
vt 0.509804 0.000000
vt 0.790850 0.000000
vt 0.640523 0.000000
vt 0.516340 0.000000
vt 0.712418 0.000000
vt 0.784314 0.000000
vt 0.633987 0.000000
vt 0.522876 0.000000
vt 0.718954 0.000000
vt 0.627451 0.000000
vt 0.725490 0.000000
vt 0.771242 0.000000
vt 0.535948 0.000000
vt 0.620915 0.000000
vt 0.732026 0.000000
vt 0.542484 0.000000
vt 0.614379 0.000000
vt 0.738562 0.000000
vt 0.758170 0.000000
vt 0.549020 0.000000
vt 0.607843 0.000000
vt 0.745098 0.000000
vt 0.751634 0.000000
vt 0.601307 0.000000
vt 0.562092 0.000000
vt 0.594771 0.000000
vt 0.568627 0.000000
vt 0.575163 0.000000
vt 0.581699 0.000000
vt 0.843137 0.000000
vt 0.836601 0.000000
vt 0.993464 0.000000
vt 0.986928 0.000000
vt 0.980392 0.000000
vt 0.973856 0.000000
vt 0.967320 0.000000
vt 0.849673 0.000000
vt 0.960784 0.000000
vt 0.856209 0.000000
vt 0.954248 0.000000
vt 0.862745 0.000000
vt 0.947712 0.000000
vt 0.869281 0.000000
vt 0.875817 0.000000
vt 0.934641 0.000000
vt 0.928105 0.000000
vt 0.895425 0.000000
vt 0.901961 0.000000
vt 0.908497 0.000000
vt 0.915033 0.000000
vt 0.921569 0.000000
vt 0.490196 0.000000
vt 0.326797 0.000000
vt 0.163399 0.000000
vt 0.169935 0.000000
vt 0.483660 0.000000
vt 0.477124 0.000000
vt 0.183007 0.000000
vt 0.464052 0.000000
vt 0.457516 0.000000
vt 0.450980 0.000000
vt 0.339869 0.000000
vt 0.346405 0.000000
vt 0.189542 0.000000
vt 0.156863 0.000000
vt 0.437909 0.000000
vt 0.359477 0.000000
vt 0.431373 0.000000
vt 0.366013 0.000000
vt 0.196078 0.000000
vt 0.424837 0.000000
vt 0.372549 0.000000
vt 0.150327 0.000000
vt 0.418301 0.000000
vt 0.379085 0.000000
vt 0.385621 0.000000
vt 0.392157 0.000000
vt 0.398693 0.000000
vt 0.405229 0.000000
vt 0.202614 0.000000
vt 0.143791 0.000000
vt 0.209150 0.000000
vt 0.137255 0.000000
vt 0.215686 0.000000
vt 0.130719 0.000000
vt 0.124183 0.000000
vt 0.228758 0.000000
vt 0.241830 0.000000
vt 0.104575 0.000000
vt 0.248366 0.000000
vt 0.098039 0.000000
vt 0.254902 0.000000
vt 0.261438 0.000000
vt 0.091503 0.000000
vt 0.267974 0.000000
vt 0.274510 0.000000
vt 0.084967 0.000000
vt 0.281046 0.000000
vt 0.287582 0.000000
vt 0.078431 0.000000
vt 0.300654 0.000000
vt 0.071895 0.000000
vt 0.307190 0.000000
vt 0.313726 0.000000
vt 0.065359 0.000000
vt 0.320261 0.000000
vt 0.006536 0.000000
vt 0.052288 0.000000
vt 0.045752 0.000000
vt 0.039216 0.000000
vt 0.032680 0.000000
vt 0.026144 0.000000
vt 0.019608 0.000000
vt 0.013072 0.000000
vt 0.181818 0.000000
vt 0.909091 0.000000
vt 0.090909 0.000000
vt 0.818182 0.000000
vt 0.545455 0.000000
vt 0.727273 0.000000
vt 0.636364 0.000000
vt 0.454545 0.000000
vt 0.363636 0.000000
vt 0.272727 0.000000
vt 0.018182 0.000000
vt 0.527273 0.000000
vt 0.509091 0.000000
vt 0.490909 0.000000
vt 0.472727 0.000000
vt 0.436364 0.000000
vt 0.418182 0.000000
vt 0.381818 0.000000
vt 0.563636 0.000000
vt 0.581818 0.000000
vt 0.345455 0.000000
vt 0.618182 0.000000
vt 0.654545 0.000000
vt 0.327273 0.000000
vt 0.672727 0.000000
vt 0.690909 0.000000
vt 0.709091 0.000000
vt 0.309091 0.000000
vt 0.745455 0.000000
vt 0.290909 0.000000
vt 0.763636 0.000000
vt 0.781818 0.000000
vt 0.254545 0.000000
vt 0.836364 0.000000
vt 0.236364 0.000000
vt 0.854545 0.000000
vt 0.872727 0.000000
vt 0.218182 0.000000
vt 0.890909 0.000000
vt 0.927273 0.000000
vt 0.945455 0.000000
vt 0.963636 0.000000
vt 0.981818 0.000000
vt 0.054545 0.000000
vt 0.163636 0.000000
vt 0.145455 0.000000
vt 0.127273 0.000000
vt 0.109091 0.000000
vt 0.072727 0.000000
vt 0.036364 0.000000
vt 0.107438 0.000000
vt 0.099174 0.000000
vt 0.082645 0.000000
vt 0.074380 0.000000
vt 0.115702 0.000000
vt 0.066116 0.000000
vt 0.057851 0.000000
vt 0.123967 0.000000
vt 0.049587 0.000000
vt 0.041322 0.000000
vt 0.132231 0.000000
vt 0.033058 0.000000
vt 0.024793 0.000000
vt 0.140496 0.000000
vt 0.016529 0.000000
vt 0.008264 0.000000
vt 0.148760 0.000000
vt 0.933884 0.000000
vt 0.942149 0.000000
vt 0.950413 0.000000
vt 0.958678 0.000000
vt 0.966942 0.000000
vt 0.975207 0.000000
vt 0.983471 0.000000
vt 0.991736 0.000000
vt 0.157025 0.000000
vt 0.917355 0.000000
vt 0.925620 0.000000
vt 0.165289 0.000000
vt 0.900826 0.000000
vt 0.173554 0.000000
vt 0.892562 0.000000
vt 0.884298 0.000000
vt 0.876033 0.000000
vt 0.867769 0.000000
vt 0.859504 0.000000
vt 0.851240 0.000000
vt 0.842975 0.000000
vt 0.834711 0.000000
vt 0.826446 0.000000
vt 0.190083 0.000000
vt 0.809917 0.000000
vt 0.198347 0.000000
vt 0.801653 0.000000
vt 0.793388 0.000000
vt 0.206612 0.000000
vt 0.785124 0.000000
vt 0.776860 0.000000
vt 0.214876 0.000000
vt 0.768595 0.000000
vt 0.223140 0.000000
vt 0.760331 0.000000
vt 0.752066 0.000000
vt 0.231405 0.000000
vt 0.743802 0.000000
vt 0.239669 0.000000
vt 0.735537 0.000000
vt 0.247934 0.000000
vt 0.256198 0.000000
vt 0.719008 0.000000
vt 0.264463 0.000000
vt 0.710744 0.000000
vt 0.280992 0.000000
vt 0.289256 0.000000
vt 0.702479 0.000000
vt 0.297521 0.000000
vt 0.504132 0.000000
vt 0.487603 0.000000
vt 0.495868 0.000000
vt 0.694215 0.000000
vt 0.305785 0.000000
vt 0.479339 0.000000
vt 0.314050 0.000000
vt 0.685950 0.000000
vt 0.471074 0.000000
vt 0.322314 0.000000
vt 0.462810 0.000000
vt 0.330579 0.000000
vt 0.338843 0.000000
vt 0.677686 0.000000
vt 0.347107 0.000000
vt 0.446281 0.000000
vt 0.355372 0.000000
vt 0.438017 0.000000
vt 0.669421 0.000000
vt 0.429752 0.000000
vt 0.371901 0.000000
vt 0.421488 0.000000
vt 0.380165 0.000000
vt 0.413223 0.000000
vt 0.388430 0.000000
vt 0.404959 0.000000
vt 0.661157 0.000000
vt 0.396694 0.000000
vt 0.652893 0.000000
vt 0.512397 0.000000
vt 0.520661 0.000000
vt 0.644628 0.000000
vt 0.528926 0.000000
vt 0.537190 0.000000
vt 0.628099 0.000000
vt 0.553719 0.000000
vt 0.561983 0.000000
vt 0.619835 0.000000
vt 0.570248 0.000000
vt 0.578512 0.000000
vt 0.611570 0.000000
vt 0.586777 0.000000
vt 0.595041 0.000000
vt 0.603306 0.000000
vt 0.509434 0.000000
vt 0.490566 0.000000
vt 0.471698 0.000000
vt 0.452830 0.000000
vt 0.433962 0.000000
vt 0.415094 0.000000
vt 0.396226 0.000000
vt 0.377358 0.000000
vt 0.528302 0.000000
vt 0.547170 0.000000
vt 0.358491 0.000000
vt 0.566038 0.000000
vt 0.584906 0.000000
vt 0.603774 0.000000
vt 0.339623 0.000000
vt 0.622642 0.000000
vt 0.641509 0.000000
vt 0.320755 0.000000
vt 0.660377 0.000000
vt 0.301887 0.000000
vt 0.679245 0.000000
vt 0.698113 0.000000
vt 0.283019 0.000000
vt 0.716981 0.000000
vt 0.264151 0.000000
vt 0.735849 0.000000
vt 0.245283 0.000000
vt 0.754717 0.000000
vt 0.773585 0.000000
vt 0.226415 0.000000
vt 0.792453 0.000000
vt 0.207547 0.000000
vt 0.811321 0.000000
vt 0.830189 0.000000
vt 0.188679 0.000000
vt 0.849057 0.000000
vt 0.169811 0.000000
vt 0.867925 0.000000
vt 0.886792 0.000000
vt 0.150943 0.000000
vt 0.905660 0.000000
vt 0.132075 0.000000
vt 0.924528 0.000000
vt 0.943396 0.000000
vt 0.113208 0.000000
vt 0.962264 0.000000
vt 0.981132 0.000000
vt 0.094340 0.000000
vt 0.075472 0.000000
vt 0.056604 0.000000
vt 0.037736 0.000000
vt 0.018868 0.000000
vt 0.141791 0.000000
vt 0.126866 0.000000
vt 0.134328 0.000000
vt 0.880597 0.000000
vt 0.104478 0.000000
vt 0.873134 0.000000
vt 0.067164 0.000000
vt 0.044776 0.000000
vt 0.059701 0.000000
vt 0.097015 0.000000
vt 0.052239 0.000000
vt 0.089552 0.000000
vt 0.119403 0.000000
vt 0.111940 0.000000
vt 0.037313 0.000000
vt 0.029851 0.000000
vt 0.888060 0.000000
vt 0.022388 0.000000
vt 0.992537 0.000000
vt 0.895522 0.000000
vt 0.014925 0.000000
vt 0.007463 0.000000
vt 0.149254 0.000000
vt 0.985075 0.000000
vt 0.977612 0.000000
vt 0.970149 0.000000
vt 0.962687 0.000000
vt 0.156716 0.000000
vt 0.955224 0.000000
vt 0.947761 0.000000
vt 0.940298 0.000000
vt 0.932836 0.000000
vt 0.164179 0.000000
vt 0.925373 0.000000
vt 0.917910 0.000000
vt 0.910448 0.000000
vt 0.902985 0.000000
vt 0.171642 0.000000
vt 0.417910 0.000000
vt 0.179104 0.000000
vt 0.410448 0.000000
vt 0.082090 0.000000
vt 0.402985 0.000000
vt 0.425373 0.000000
vt 0.186567 0.000000
vt 0.395522 0.000000
vt 0.194030 0.000000
vt 0.074627 0.000000
vt 0.388060 0.000000
vt 0.380597 0.000000
vt 0.201493 0.000000
vt 0.373134 0.000000
vt 0.208955 0.000000
vt 0.365672 0.000000
vt 0.216418 0.000000
vt 0.358209 0.000000
vt 0.350746 0.000000
vt 0.223881 0.000000
vt 0.432836 0.000000
vt 0.865672 0.000000
vt 0.440298 0.000000
vt 0.447761 0.000000
vt 0.343284 0.000000
vt 0.858209 0.000000
vt 0.455224 0.000000
vt 0.462687 0.000000
vt 0.470149 0.000000
vt 0.477612 0.000000
vt 0.485075 0.000000
vt 0.231343 0.000000
vt 0.850746 0.000000
vt 0.492537 0.000000
vt 0.611940 0.000000
vt 0.597015 0.000000
vt 0.604478 0.000000
vt 0.507463 0.000000
vt 0.589552 0.000000
vt 0.514925 0.000000
vt 0.522388 0.000000
vt 0.582090 0.000000
vt 0.529851 0.000000
vt 0.537313 0.000000
vt 0.574627 0.000000
vt 0.544776 0.000000
vt 0.567164 0.000000
vt 0.552239 0.000000
vt 0.559702 0.000000
vt 0.619403 0.000000
vt 0.843284 0.000000
vt 0.626866 0.000000
vt 0.335821 0.000000
vt 0.835821 0.000000
vt 0.634328 0.000000
vt 0.641791 0.000000
vt 0.828358 0.000000
vt 0.649254 0.000000
vt 0.238806 0.000000
vt 0.820895 0.000000
vt 0.246269 0.000000
vt 0.328358 0.000000
vt 0.656716 0.000000
vt 0.253731 0.000000
vt 0.813433 0.000000
vt 0.261194 0.000000
vt 0.805970 0.000000
vt 0.664179 0.000000
vt 0.268657 0.000000
vt 0.798507 0.000000
vt 0.671642 0.000000
vt 0.276119 0.000000
vt 0.791045 0.000000
vt 0.283582 0.000000
vt 0.679105 0.000000
vt 0.783582 0.000000
vt 0.291045 0.000000
vt 0.776119 0.000000
vt 0.298507 0.000000
vt 0.305970 0.000000
vt 0.313433 0.000000
vt 0.320896 0.000000
vt 0.686567 0.000000
vt 0.768657 0.000000
vt 0.761194 0.000000
vt 0.753731 0.000000
vt 0.694030 0.000000
vt 0.746269 0.000000
vt 0.738806 0.000000
vt 0.731343 0.000000
vt 0.723881 0.000000
vt 0.716418 0.000000
vt 0.708955 0.000000
vt 0.701493 0.000000
vt 0.784483 0.000000
vt 0.788793 0.000000
vt 0.905172 0.000000
vt 0.900862 0.000000
vt 0.797414 0.000000
vt 0.892241 0.000000
vt 0.780172 0.000000
vt 0.909483 0.000000
vt 0.887931 0.000000
vt 0.801724 0.000000
vt 0.775862 0.000000
vt 0.913793 0.000000
vt 0.883621 0.000000
vt 0.806035 0.000000
vt 0.771552 0.000000
vt 0.918103 0.000000
vt 0.879310 0.000000
vt 0.810345 0.000000
vt 0.767241 0.000000
vt 0.922414 0.000000
vt 0.814655 0.000000
vt 0.762931 0.000000
vt 0.926724 0.000000
vt 0.870690 0.000000
vt 0.818965 0.000000
vt 0.866379 0.000000
vt 0.754310 0.000000
vt 0.935345 0.000000
vt 0.823276 0.000000
vt 0.857759 0.000000
vt 0.939655 0.000000
vt 0.745690 0.000000
vt 0.853448 0.000000
vt 0.943965 0.000000
vt 0.831897 0.000000
vt 0.849138 0.000000
vt 0.741379 0.000000
vt 0.948276 0.000000
vt 0.168103 0.000000
vt 0.176724 0.000000
vt 0.163793 0.000000
vt 0.836207 0.000000
vt 0.844828 0.000000
vt 0.737069 0.000000
vt 0.952586 0.000000
vt 0.840517 0.000000
vt 0.732759 0.000000
vt 0.956897 0.000000
vt 0.185345 0.000000
vt 0.112069 0.000000
vt 0.181034 0.000000
vt 0.728448 0.000000
vt 0.116379 0.000000
vt 0.120690 0.000000
vt 0.133621 0.000000
vt 0.142241 0.000000
vt 0.129310 0.000000
vt 0.150862 0.000000
vt 0.159483 0.000000
vt 0.146552 0.000000
vt 0.155172 0.000000
vt 0.189655 0.000000
vt 0.193966 0.000000
vt 0.340517 0.000000
vt 0.349138 0.000000
vt 0.353448 0.000000
vt 0.719828 0.000000
vt 0.715517 0.000000
vt 0.198276 0.000000
vt 0.987069 0.000000
vt 0.961207 0.000000
vt 0.982759 0.000000
vt 0.991379 0.000000
vt 0.978448 0.000000
vt 0.336207 0.000000
vt 0.202586 0.000000
vt 0.331897 0.000000
vt 0.995690 0.000000
vt 0.327586 0.000000
vt 0.211207 0.000000
vt 0.323276 0.000000
vt 0.215517 0.000000
vt 0.564655 0.000000
vt 0.556035 0.000000
vt 0.560345 0.000000
vt 0.547414 0.000000
vt 0.543103 0.000000
vt 0.318966 0.000000
vt 0.219828 0.000000
vt 0.538793 0.000000
vt 0.534483 0.000000
vt 0.530172 0.000000
vt 0.525862 0.000000
vt 0.521552 0.000000
vt 0.568965 0.000000
vt 0.512931 0.000000
vt 0.508621 0.000000
vt 0.504310 0.000000
vt 0.224138 0.000000
vt 0.314655 0.000000
vt 0.573276 0.000000
vt 0.228448 0.000000
vt 0.577586 0.000000
vt 0.974138 0.000000
vt 0.581897 0.000000
vt 0.495690 0.000000
vt 0.232759 0.000000
vt 0.711207 0.000000
vt 0.357759 0.000000
vt 0.706897 0.000000
vt 0.590517 0.000000
vt 0.702586 0.000000
vt 0.306034 0.000000
vt 0.491379 0.000000
vt 0.698276 0.000000
vt 0.594828 0.000000
vt 0.237069 0.000000
vt 0.362069 0.000000
vt 0.693965 0.000000
vt 0.599138 0.000000
vt 0.685345 0.000000
vt 0.603448 0.000000
vt 0.681035 0.000000
vt 0.676724 0.000000
vt 0.607759 0.000000
vt 0.672414 0.000000
vt 0.668103 0.000000
vt 0.612069 0.000000
vt 0.663793 0.000000
vt 0.659483 0.000000
vt 0.650862 0.000000
vt 0.646552 0.000000
vt 0.642241 0.000000
vt 0.637931 0.000000
vt 0.633621 0.000000
vt 0.629310 0.000000
vt 0.616379 0.000000
vt 0.366379 0.000000
vt 0.487069 0.000000
vt 0.301724 0.000000
vt 0.370690 0.000000
vt 0.969828 0.000000
vt 0.245690 0.000000
vt 0.254310 0.000000
vt 0.478448 0.000000
vt 0.297414 0.000000
vt 0.258621 0.000000
vt 0.262931 0.000000
vt 0.474138 0.000000
vt 0.383621 0.000000
vt 0.267241 0.000000
vt 0.271552 0.000000
vt 0.387931 0.000000
vt 0.469828 0.000000
vt 0.392241 0.000000
vt 0.465517 0.000000
vt 0.280172 0.000000
vt 0.284483 0.000000
vt 0.288793 0.000000
vt 0.293103 0.000000
vt 0.396552 0.000000
vt 0.461207 0.000000
vt 0.400862 0.000000
vt 0.456897 0.000000
vt 0.405172 0.000000
vt 0.409483 0.000000
vt 0.418103 0.000000
vt 0.422414 0.000000
vt 0.426724 0.000000
vt 0.431034 0.000000
vt 0.435345 0.000000
vt 0.439655 0.000000
vt 0.443966 0.000000
vt 0.452586 0.000000
vt 0.107759 0.000000
vt 0.099138 0.000000
vt 0.094828 0.000000
vt 0.004310 0.000000
vt 0.090517 0.000000
vt 0.008621 0.000000
vt 0.086207 0.000000
vt 0.012931 0.000000
vt 0.081897 0.000000
vt 0.017241 0.000000
vt 0.077586 0.000000
vt 0.021552 0.000000
vt 0.073276 0.000000
vt 0.025862 0.000000
vt 0.030172 0.000000
vt 0.064655 0.000000
vt 0.060345 0.000000
vt 0.056034 0.000000
vt 0.038793 0.000000
vt 0.043103 0.000000
vt 0.047414 0.000000
vt 0.051724 0.000000
vt 0.989848 0.000000
vt 0.964467 0.000000
vt 0.984772 0.000000
vt 0.969543 0.000000
vt 0.994924 0.000000
vt 0.979695 0.000000
vt 0.974619 0.000000
vt 0.045685 0.000000
vt 0.492386 0.000000
vt 0.040609 0.000000
vt 0.487310 0.000000
vt 0.055838 0.000000
vt 0.050761 0.000000
vt 0.482233 0.000000
vt 0.477157 0.000000
vt 0.060914 0.000000
vt 0.065990 0.000000
vt 0.472081 0.000000
vt 0.467005 0.000000
vt 0.959391 0.000000
vt 0.954315 0.000000
vt 0.949239 0.000000
vt 0.005076 0.000000
vt 0.944162 0.000000
vt 0.939086 0.000000
vt 0.020305 0.000000
vt 0.934010 0.000000
vt 0.928934 0.000000
vt 0.025381 0.000000
vt 0.923858 0.000000
vt 0.015228 0.000000
vt 0.010152 0.000000
vt 0.035533 0.000000
vt 0.030457 0.000000
vt 0.456853 0.000000
vt 0.461929 0.000000
vt 0.071066 0.000000
vt 0.076142 0.000000
vt 0.081218 0.000000
vt 0.451777 0.000000
vt 0.086294 0.000000
vt 0.091371 0.000000
vt 0.096447 0.000000
vt 0.101523 0.000000
vt 0.106599 0.000000
vt 0.111675 0.000000
vt 0.116751 0.000000
vt 0.121827 0.000000
vt 0.126904 0.000000
vt 0.497462 0.000000
vt 0.502538 0.000000
vt 0.918782 0.000000
vt 0.913706 0.000000
vt 0.131980 0.000000
vt 0.137056 0.000000
vt 0.446701 0.000000
vt 0.142132 0.000000
vt 0.512690 0.000000
vt 0.507614 0.000000
vt 0.908629 0.000000
vt 0.903553 0.000000
vt 0.517766 0.000000
vt 0.522843 0.000000
vt 0.898477 0.000000
vt 0.893401 0.000000
vt 0.888325 0.000000
vt 0.527919 0.000000
vt 0.715736 0.000000
vt 0.883249 0.000000
vt 0.700508 0.000000
vt 0.710660 0.000000
vt 0.720812 0.000000
vt 0.532995 0.000000
vt 0.695431 0.000000
vt 0.705584 0.000000
vt 0.878173 0.000000
vt 0.538071 0.000000
vt 0.725888 0.000000
vt 0.690355 0.000000
vt 0.873096 0.000000
vt 0.543147 0.000000
vt 0.730964 0.000000
vt 0.868020 0.000000
vt 0.685279 0.000000
vt 0.548223 0.000000
vt 0.736041 0.000000
vt 0.862944 0.000000
vt 0.680203 0.000000
vt 0.553299 0.000000
vt 0.857868 0.000000
vt 0.741117 0.000000
vt 0.558376 0.000000
vt 0.675127 0.000000
vt 0.852792 0.000000
vt 0.746193 0.000000
vt 0.563452 0.000000
vt 0.847716 0.000000
vt 0.670051 0.000000
vt 0.568528 0.000000
vt 0.751269 0.000000
vt 0.842640 0.000000
vt 0.573604 0.000000
vt 0.664975 0.000000
vt 0.837563 0.000000
vt 0.756345 0.000000
vt 0.578680 0.000000
vt 0.832487 0.000000
vt 0.147208 0.000000
vt 0.441624 0.000000
vt 0.827411 0.000000
vt 0.152284 0.000000
vt 0.659898 0.000000
vt 0.157360 0.000000
vt 0.822335 0.000000
vt 0.583756 0.000000
vt 0.162437 0.000000
vt 0.436548 0.000000
vt 0.167513 0.000000
vt 0.761421 0.000000
vt 0.172589 0.000000
vt 0.588832 0.000000
vt 0.817259 0.000000
vt 0.177665 0.000000
vt 0.182741 0.000000
vt 0.187817 0.000000
vt 0.192893 0.000000
vt 0.197970 0.000000
vt 0.203046 0.000000
vt 0.593909 0.000000
vt 0.269036 0.000000
vt 0.258883 0.000000
vt 0.263959 0.000000
vt 0.208122 0.000000
vt 0.213198 0.000000
vt 0.218274 0.000000
vt 0.223350 0.000000
vt 0.253807 0.000000
vt 0.228426 0.000000
vt 0.233503 0.000000
vt 0.248731 0.000000
vt 0.238579 0.000000
vt 0.243655 0.000000
vt 0.812183 0.000000
vt 0.431472 0.000000
vt 0.654822 0.000000
vt 0.598985 0.000000
vt 0.274112 0.000000
vt 0.807107 0.000000
vt 0.766497 0.000000
vt 0.604061 0.000000
vt 0.426396 0.000000
vt 0.279188 0.000000
vt 0.802030 0.000000
vt 0.609137 0.000000
vt 0.284264 0.000000
vt 0.796954 0.000000
vt 0.421320 0.000000
vt 0.649746 0.000000
vt 0.614213 0.000000
vt 0.771574 0.000000
vt 0.289340 0.000000
vt 0.791878 0.000000
vt 0.416244 0.000000
vt 0.619289 0.000000
vt 0.786802 0.000000
vt 0.294416 0.000000
vt 0.411168 0.000000
vt 0.644670 0.000000
vt 0.624366 0.000000
vt 0.776650 0.000000
vt 0.781726 0.000000
vt 0.299492 0.000000
vt 0.406091 0.000000
vt 0.629442 0.000000
vt 0.401015 0.000000
vt 0.304569 0.000000
vt 0.634518 0.000000
vt 0.639594 0.000000
vt 0.395939 0.000000
vt 0.309645 0.000000
vt 0.390863 0.000000
vt 0.385787 0.000000
vt 0.314721 0.000000
vt 0.380711 0.000000
vt 0.375635 0.000000
vt 0.319797 0.000000
vt 0.370558 0.000000
vt 0.365482 0.000000
vt 0.360406 0.000000
vt 0.324873 0.000000
vt 0.355330 0.000000
vt 0.350254 0.000000
vt 0.345178 0.000000
vt 0.340102 0.000000
vt 0.335025 0.000000
vt 0.329949 0.000000
s 0
usemtl マテリアル
f 170/1/1 239/2/1 169/3/1
f 170/1/1 238/4/1 239/2/1
f 172/5/1 170/1/1 171/6/1
f 172/5/1 238/4/1 170/1/1
f 172/5/1 237/7/1 238/4/1
f 172/5/1 236/8/1 237/7/1
f 173/9/2 236/8/2 172/5/2
f 174/10/1 235/11/1 173/9/1
f 235/11/1 236/8/1 173/9/1
f 174/10/1 234/12/1 235/11/1
f 143/13/1 167/14/1 168/15/1
f 143/13/1 166/16/1 167/14/1
f 144/17/1 166/16/1 143/13/1
f 144/17/1 165/18/1 166/16/1
f 145/19/1 165/18/1 144/17/1
f 145/19/1 164/20/1 165/18/1
f 146/21/1 164/20/1 145/19/1
f 146/21/1 163/22/1 164/20/1
f 147/23/1 163/22/1 146/21/1
f 147/23/1 162/24/1 163/22/1
f 148/25/1 162/24/1 147/23/1
f 148/25/1 161/26/1 162/24/1
f 149/27/1 161/26/1 148/25/1
f 149/27/1 160/28/1 161/26/1
f 150/29/1 160/28/1 149/27/1
f 150/29/1 159/30/1 160/28/1
f 151/31/1 159/30/1 150/29/1
f 151/31/1 158/32/1 159/30/1
f 152/33/1 158/32/1 151/31/1
f 152/33/1 157/34/1 158/32/1
f 153/35/1 157/34/1 152/33/1
f 153/35/1 156/36/1 157/34/1
f 154/37/1 156/36/1 153/35/1
f 154/37/1 155/38/1 156/36/1
f 175/39/1 234/12/1 174/10/1
f 175/39/1 233/40/1 234/12/1
f 176/41/1 233/40/1 175/39/1
f 177/42/1 233/40/1 176/41/1
f 178/43/1 233/40/1 177/42/1
f 178/43/1 232/44/1 233/40/1
f 179/45/1 232/44/1 178/43/1
f 180/46/1 232/44/1 179/45/1
f 181/47/1 232/44/1 180/46/1
f 182/48/1 232/44/1 181/47/1
f 183/49/1 232/44/1 182/48/1
f 183/49/1 231/50/1 232/44/1
f 184/51/1 231/50/1 183/49/1
f 199/52/1 197/53/1 198/54/1
f 185/55/1 231/50/1 184/51/1
f 199/52/1 196/56/1 197/53/1
f 186/57/1 231/50/1 185/55/1
f 199/52/1 195/58/1 196/56/1
f 187/59/1 231/50/1 186/57/1
f 199/52/1 194/60/1 195/58/1
f 188/61/1 231/50/1 187/59/1
f 199/52/1 193/62/1 194/60/1
f 189/63/1 231/50/1 188/61/1
f 199/52/1 192/64/1 193/62/1
f 190/65/1 231/50/1 189/63/1
f 199/52/1 191/66/1 192/64/1
f 191/66/1 231/50/1 190/65/1
f 199/52/1 231/50/1 191/66/1
f 200/67/1 231/50/1 199/52/1
f 200/67/1 230/68/1 231/50/1
f 201/69/1 230/68/1 200/67/1
f 202/70/1 230/68/1 201/69/1
f 202/70/1 229/71/1 230/68/1
f 203/72/1 229/71/1 202/70/1
f 203/72/1 228/73/1 229/71/1
f 204/74/1 228/73/1 203/72/1
f 204/74/1 227/75/1 228/73/1
f 205/76/1 227/75/1 204/74/1
f 205/76/1 226/77/1 227/75/1
f 205/76/1 225/78/1 226/77/1
f 206/79/1 225/78/1 205/76/1
f 206/79/1 224/80/1 225/78/1
f 207/81/1 224/80/1 206/79/1
f 207/81/1 223/82/1 224/80/1
f 207/81/1 222/83/1 223/82/1
f 208/84/1 222/83/1 207/81/1
f 208/84/1 221/85/1 222/83/1
f 208/84/1 220/86/1 221/85/1
f 209/87/1 220/86/1 208/84/1
f 209/87/1 219/88/1 220/86/1
f 209/87/1 218/89/1 219/88/1
f 210/90/1 218/89/1 209/87/1
f 210/90/1 217/91/1 218/89/1
f 210/90/1 216/92/1 217/91/1
f 210/90/1 215/93/1 216/92/1
f 210/90/1 214/94/1 215/93/1
f 210/90/1 213/95/1 214/94/1
f 211/96/1 213/95/1 210/90/1
f 211/96/1 212/97/1 213/95/1
f 129/98/1 127/99/1 128/100/1
f 130/101/1 127/99/1 129/98/1
f 130/101/1 126/102/1 127/99/1
f 131/103/1 126/102/1 130/101/1
f 131/103/1 125/104/1 126/102/1
f 132/105/1 125/104/1 131/103/1
f 132/105/1 124/106/1 125/104/1
f 133/107/1 124/106/1 132/105/1
f 133/107/1 123/108/1 124/106/1
f 134/109/1 123/108/1 133/107/1
f 134/109/1 122/110/1 123/108/1
f 134/109/1 121/111/1 122/110/1
f 135/112/1 121/111/1 134/109/1
f 135/112/1 120/113/1 121/111/1
f 136/114/1 120/113/1 135/112/1
f 136/114/1 119/115/1 120/113/1
f 137/116/1 119/115/1 136/114/1
f 137/116/1 118/117/1 119/115/1
f 138/118/1 118/117/1 137/116/1
f 138/118/1 117/119/1 118/117/1
f 139/120/1 117/119/1 138/118/1
f 139/120/1 116/121/1 117/119/1
f 140/122/1 116/121/1 139/120/1
f 140/122/1 115/123/1 116/121/1
f 142/124/1 6/125/1 141/126/1
f 6/125/1 140/122/1 141/126/1
f 6/125/1 115/123/1 140/122/1
f 6/125/1 114/127/1 115/123/1
f 6/125/1 7/128/1 114/127/1
f 7/128/1 113/129/1 114/127/1
f 142/124/1 5/130/1 6/125/1
f 8/131/1 113/129/1 7/128/1
f 142/124/1 1/132/1 5/130/1
f 1/132/1 8/131/1 5/130/1
f 1/132/1 2/133/1 8/131/1
f 2/133/1 113/129/1 8/131/1
f 142/124/1 4/134/1 1/132/1
f 3/135/1 113/129/1 2/133/1
f 142/124/1 9/136/1 4/134/1
f 9/136/1 3/135/1 4/134/1
f 9/136/1 10/137/1 3/135/1
f 10/137/1 113/129/1 3/135/1
f 142/124/1 12/138/1 9/136/1
f 11/139/1 113/129/1 10/137/1
f 14/140/1 142/124/1 13/141/1
f 14/140/1 12/138/1 142/124/1
f 14/140/1 11/139/1 12/138/1
f 14/140/1 15/142/1 11/139/1
f 15/142/1 51/143/1 11/139/1
f 51/143/1 52/144/1 11/139/1
f 52/144/1 113/129/1 11/139/1
f 16/145/1 51/143/1 15/142/1
f 16/145/1 50/146/1 51/143/1
f 53/147/1 113/129/1 52/144/1
f 17/148/1 50/146/1 16/145/1
f 17/148/1 49/149/1 50/146/1
f 18/150/1 49/149/1 17/148/1
f 18/150/1 48/151/1 49/149/1
f 19/152/1 48/151/1 18/150/1
f 19/152/1 47/153/1 48/151/1
f 20/154/1 47/153/1 19/152/1
f 21/155/1 47/153/1 20/154/1
f 21/155/1 46/156/1 47/153/1
f 22/157/1 46/156/1 21/155/1
f 22/157/1 45/158/1 46/156/1
f 23/159/1 45/158/1 22/157/1
f 23/159/1 44/160/1 45/158/1
f 24/161/1 44/160/1 23/159/1
f 25/162/1 44/160/1 24/161/1
f 25/162/1 43/163/1 44/160/1
f 26/164/1 43/163/1 25/162/1
f 26/164/1 42/165/1 43/163/1
f 27/166/1 42/165/1 26/164/1
f 28/167/1 42/165/1 27/166/1
f 28/167/1 41/168/1 42/165/1
f 29/169/1 41/168/1 28/167/1
f 30/170/1 41/168/1 29/169/1
f 31/171/1 41/168/1 30/170/1
f 54/172/1 113/129/1 53/147/1
f 54/172/1 112/173/1 113/129/1
f 32/174/1 41/168/1 31/171/1
f 55/175/1 112/173/1 54/172/1
f 32/174/1 40/176/1 41/168/1
f 33/177/1 40/176/1 32/174/1
f 56/178/1 112/173/1 55/175/1
f 57/179/1 112/173/1 56/178/1
f 57/179/1 111/180/1 112/173/1
f 34/181/1 40/176/1 33/177/1
f 58/182/1 111/180/1 57/179/1
f 59/183/1 111/180/1 58/182/1
f 60/184/1 111/180/1 59/183/1
f 35/185/1 40/176/1 34/181/1
f 61/186/1 111/180/1 60/184/1
f 62/187/1 111/180/1 61/186/1
f 63/188/1 111/180/1 62/187/1
f 63/188/1 110/189/1 111/180/1
f 64/190/1 110/189/1 63/188/1
f 65/191/1 110/189/1 64/190/1
f 78/192/1 76/193/1 77/194/1
f 66/195/1 110/189/1 65/191/1
f 67/196/1 110/189/1 66/195/1
f 78/192/1 75/197/1 76/193/1
f 68/198/1 110/189/1 67/196/1
f 69/199/1 110/189/1 68/198/1
f 78/192/1 74/200/1 75/197/1
f 70/201/1 110/189/1 69/199/1
f 78/192/1 73/202/1 74/200/1
f 71/203/1 110/189/1 70/201/1
f 78/192/1 72/204/1 73/202/1
f 72/204/1 110/189/1 71/203/1
f 78/192/1 110/189/1 72/204/1
f 36/205/1 40/176/1 35/185/1
f 36/205/1 37/206/1 40/176/1
f 37/206/1 38/207/1 40/176/1
f 38/207/1 39/208/1 40/176/1
f 79/209/1 110/189/1 78/192/1
f 79/209/1 109/210/1 110/189/1
f 80/211/1 109/210/1 79/209/1
f 80/211/1 108/212/1 109/210/1
f 81/213/1 108/212/1 80/211/1
f 82/214/1 108/212/1 81/213/1
f 82/214/1 107/215/1 108/212/1
f 83/216/1 107/215/1 82/214/1
f 83/216/1 106/217/1 107/215/1
f 84/218/1 106/217/1 83/216/1
f 84/218/1 105/219/1 106/217/1
f 84/218/1 104/220/1 105/219/1
f 85/221/1 104/220/1 84/218/1
f 85/221/1 103/222/1 104/220/1
f 86/223/1 103/222/1 85/221/1
f 86/223/1 102/224/1 103/222/1
f 87/225/1 102/224/1 86/223/1
f 87/225/1 101/226/1 102/224/1
f 87/225/1 100/227/1 101/226/1
f 88/228/1 100/227/1 87/225/1
f 88/228/1 99/229/1 100/227/1
f 88/228/1 98/230/1 99/229/1
f 88/228/1 97/231/1 98/230/1
f 89/232/1 97/231/1 88/228/1
f 89/232/1 96/233/1 97/231/1
f 89/232/1 95/234/1 96/233/1
f 89/232/1 94/235/1 95/234/1
f 89/232/1 93/236/1 94/235/1
f 89/232/1 92/237/1 93/236/1
f 89/232/1 91/238/1 92/237/1
f 89/232/1 90/239/1 91/238/1
f 302/240/1 300/241/1 301/242/1
f 278/243/1 276/244/1 277/245/1
f 302/240/1 299/246/1 300/241/1
f 279/247/1 276/244/1 278/243/1
f 303/248/1 299/246/1 302/240/1
f 303/248/1 298/249/1 299/246/1
f 280/250/1 276/244/1 279/247/1
f 303/248/1 297/251/1 298/249/1
f 281/252/1 276/244/1 280/250/1
f 329/253/1 327/254/1 328/255/1
f 331/256/1 329/253/1 330/257/1
f 331/256/1 327/254/1 329/253/1
f 303/248/1 296/258/1 297/251/1
f 282/259/1 276/244/1 281/252/1
f 282/259/1 275/260/1 276/244/1
f 304/261/1 296/258/1 303/248/1
f 304/261/1 295/262/1 296/258/1
f 283/263/1 275/260/1 282/259/1
f 283/263/1 274/264/1 275/260/1
f 331/256/1 326/265/1 327/254/1
f 304/261/1 294/266/1 295/262/1
f 284/267/1 274/264/1 283/263/1
f 284/267/1 273/268/1 274/264/1
f 304/261/1 293/269/1 294/266/1
f 285/270/1 273/268/1 284/267/1
f 285/270/1 272/271/1 273/268/1
f 305/272/1 293/269/1 304/261/1
f 305/272/1 292/273/1 293/269/1
f 286/274/1 272/271/1 285/270/1
f 331/256/1 332/275/1 326/265/1
f 332/275/1 325/276/1 326/265/1
f 286/274/1 271/277/1 272/271/1
f 305/272/1 291/278/1 292/273/1
f 287/279/1 271/277/1 286/274/1
f 287/279/1 270/280/1 271/277/1
f 333/281/1 325/276/1 332/275/1
f 305/272/1 290/282/1 291/278/1
f 288/283/1 270/280/1 287/279/1
f 306/284/1 290/282/1 305/272/1
f 288/283/1 269/285/1 270/280/1
f 306/284/1 289/286/1 290/282/1
f 289/286/1 269/285/1 288/283/1
f 334/287/1 325/276/1 333/281/1
f 334/287/1 324/288/1 325/276/1
f 241/289/1 589/290/1 240/132/1
f 289/286/1 268/291/1 269/285/1
f 306/284/1 268/291/1 289/286/1
f 335/292/1 324/288/1 334/287/1
f 242/293/1 589/290/1 241/289/1
f 306/284/1 267/294/1 268/291/1
f 336/295/1 324/288/1 335/292/1
f 357/296/1 355/297/1 356/298/1
f 243/299/1 589/290/1 242/293/1
f 307/300/1 267/294/1 306/284/1
f 336/295/1 323/301/1 324/288/1
f 307/300/1 266/302/1 267/294/1
f 357/296/1 354/303/1 355/297/1
f 337/304/1 323/301/1 336/295/1
f 244/305/1 589/290/1 243/299/1
f 357/296/1 353/306/1 354/303/1
f 307/300/1 265/307/1 266/302/1
f 244/305/1 588/308/1 589/290/1
f 338/309/1 323/301/1 337/304/1
f 357/296/1 352/310/1 353/306/1
f 245/311/1 588/308/1 244/305/1
f 307/300/1 264/312/1 265/307/1
f 338/309/1 322/313/1 323/301/1
f 357/296/1 351/314/1 352/310/1
f 308/315/1 264/312/1 307/300/1
f 245/311/1 587/316/1 588/308/1
f 339/317/1 322/313/1 338/309/1
f 308/315/1 263/318/1 264/312/1
f 246/319/1 587/316/1 245/311/1
f 358/320/1 351/314/1 357/296/1
f 358/320/1 350/321/1 351/314/1
f 308/315/1 262/322/1 263/318/1
f 246/319/1 586/323/1 587/316/1
f 340/324/1 322/313/1 339/317/1
f 247/325/1 586/323/1 246/319/1
f 308/315/1 261/326/1 262/322/1
f 359/327/1 350/321/1 358/320/1
f 359/327/1 349/328/1 350/321/1
f 308/315/1 260/329/1 261/326/1
f 247/325/1 585/330/1 586/323/1
f 341/331/1 322/313/1 340/324/1
f 341/331/1 321/332/1 322/313/1
f 360/333/1 349/328/1 359/327/1
f 360/333/1 348/334/1 349/328/1
f 248/335/1 585/330/1 247/325/1
f 309/336/1 260/329/1 308/315/1
f 309/336/1 259/337/1 260/329/1
f 361/338/1 348/334/1 360/333/1
f 361/338/1 347/339/1 348/334/1
f 342/340/1 321/332/1 341/331/1
f 248/335/1 584/341/1 585/330/1
f 309/336/1 258/342/1 259/337/1
f 249/343/1 584/341/1 248/335/1
f 309/336/1 257/344/1 258/342/1
f 361/338/1 346/345/1 347/339/1
f 362/346/1 346/345/1 361/338/1
f 343/347/1 321/332/1 342/340/1
f 249/343/1 583/348/1 584/341/1
f 250/349/1 583/348/1 249/343/1
f 309/336/1 256/350/1 257/344/1
f 343/347/1 320/351/1 321/332/1
f 362/346/1 345/352/1 346/345/1
f 363/353/1 345/352/1 362/346/1
f 309/336/1 255/354/1 256/350/1
f 344/355/1 320/351/1 343/347/1
f 310/356/1 255/354/1 309/336/1
f 250/349/1 582/357/1 583/348/1
f 363/353/1 344/355/1 345/352/1
f 251/358/1 582/357/1 250/349/1
f 364/359/1 344/355/1 363/353/1
f 310/356/1 254/360/1 255/354/1
f 364/359/1 320/351/1 344/355/1
f 310/356/1 253/361/1 254/360/1
f 251/358/1 581/362/1 582/357/1
f 252/363/1 581/362/1 251/358/1
f 365/364/1 320/351/1 364/359/1
f 365/364/1 319/365/1 320/351/1
f 310/356/1 252/363/1 253/361/1
f 366/366/1 319/365/1 365/364/1
f 310/356/1 581/362/1 252/363/1
f 310/356/1 580/367/1 581/362/1
f 311/368/1 580/367/1 310/356/1
f 367/369/1 319/365/1 366/366/1
f 311/368/1 579/370/1 580/367/1
f 367/369/1 318/371/1 319/365/1
f 368/372/1 318/371/1 367/369/1
f 311/368/1 578/373/1 579/370/1
f 369/374/1 318/371/1 368/372/1
f 312/375/1 578/373/1 311/368/1
f 312/375/1 577/376/1 578/373/1
f 370/377/1 318/371/1 369/374/1
f 370/377/1 317/378/1 318/371/1
f 312/375/1 576/379/1 577/376/1
f 371/380/1 317/378/1 370/377/1
f 312/375/1 575/381/1 576/379/1
f 313/382/1 575/381/1 312/375/1
f 371/380/1 316/383/1 317/378/1
f 372/384/1 316/383/1 371/380/1
f 313/382/1 574/385/1 575/381/1
f 373/386/1 316/383/1 372/384/1
f 313/382/1 573/387/1 574/385/1
f 314/388/1 573/387/1 313/382/1
f 373/386/1 315/389/1 316/383/1
f 314/388/1 572/390/1 573/387/1
f 374/391/1 315/389/1 373/386/1
f 314/388/1 571/392/1 572/390/1
f 375/393/1 315/389/1 374/391/1
f 375/393/1 314/388/1 315/389/1
f 375/393/1 571/392/1 314/388/1
f 375/393/1 570/394/1 571/392/1
f 376/395/1 570/394/1 375/393/1
f 376/395/1 569/396/1 570/394/1
f 377/397/1 569/396/1 376/395/1
f 377/397/1 541/398/1 569/396/1
f 541/398/1 568/399/1 569/396/1
f 378/400/1 405/401/1 377/397/1
f 405/401/1 541/398/1 377/397/1
f 378/400/1 404/402/1 405/401/1
f 406/403/1 541/398/1 405/401/1
f 406/403/1 540/404/1 541/398/1
f 542/405/1 568/399/1 541/398/1
f 542/405/1 567/406/1 568/399/1
f 379/407/1 404/402/1 378/400/1
f 543/408/1 567/406/1 542/405/1
f 379/407/1 403/409/1 404/402/1
f 543/408/1 566/410/1 567/406/1
f 380/411/1 403/409/1 379/407/1
f 543/408/1 565/412/1 566/410/1
f 544/413/1 565/412/1 543/408/1
f 380/411/1 402/414/1 403/409/1
f 544/413/1 564/415/1 565/412/1
f 381/416/1 402/414/1 380/411/1
f 545/417/1 564/415/1 544/413/1
f 381/416/1 401/418/1 402/414/1
f 545/417/1 563/419/1 564/415/1
f 382/420/1 401/418/1 381/416/1
f 545/417/1 562/421/1 563/419/1
f 546/422/1 562/421/1 545/417/1
f 382/420/1 400/423/1 401/418/1
f 383/424/1 400/423/1 382/420/1
f 546/422/1 561/425/1 562/421/1
f 407/426/1 540/404/1 406/403/1
f 408/427/1 590/428/1 407/426/1
f 590/428/1 540/404/1 407/426/1
f 408/427/1 594/2/1 590/428/1
f 591/429/2 540/404/2 590/428/2
f 592/430/1 539/431/1 591/429/1
f 539/431/1 540/404/1 591/429/1
f 592/430/1 538/432/1 539/431/1
f 384/433/1 400/423/1 383/424/1
f 547/434/1 561/425/1 546/422/1
f 384/433/1 399/435/1 400/423/1
f 547/434/1 560/436/1 561/425/1
f 385/437/1 399/435/1 384/433/1
f 547/434/1 559/438/1 560/436/1
f 548/439/1 559/438/1 547/434/1
f 386/440/1 399/435/1 385/437/1
f 386/440/1 398/441/1 399/435/1
f 548/439/1 558/442/1 559/438/1
f 387/443/1 398/441/1 386/440/1
f 549/444/1 558/442/1 548/439/1
f 387/443/1 397/445/1 398/441/1
f 388/446/1 397/445/1 387/443/1
f 549/444/1 557/447/1 558/442/1
f 550/448/1 557/447/1 549/444/1
f 388/446/1 396/449/1 397/445/1
f 389/450/1 396/449/1 388/446/1
f 550/448/1 556/451/1 557/447/1
f 551/452/1 556/451/1 550/448/1
f 390/453/1 396/449/1 389/450/1
f 390/453/1 395/454/1 396/449/1
f 551/452/1 555/455/1 556/451/1
f 391/456/1 395/454/1 390/453/1
f 552/457/1 555/455/1 551/452/1
f 391/456/1 394/458/1 395/454/1
f 552/457/1 554/459/1 555/455/1
f 392/460/1 394/458/1 391/456/1
f 553/461/1 554/459/1 552/457/1
f 392/460/1 393/462/1 394/458/1
f 409/463/1 594/2/1 408/427/1
f 409/463/1 593/464/1 594/2/1
f 411/465/1 409/463/1 410/466/1
f 411/465/1 593/464/1 409/463/1
f 411/465/1 592/430/1 593/464/1
f 411/465/1 538/432/1 592/430/1
f 411/465/1 537/467/1 538/432/1
f 411/465/1 536/468/1 537/467/1
f 412/469/1 536/468/1 411/465/1
f 413/470/1 448/471/1 412/469/1
f 448/471/1 536/468/1 412/469/1
f 413/470/1 447/472/1 448/471/1
f 449/473/1 536/468/1 448/471/1
f 450/474/1 535/475/1 449/473/1
f 535/475/2 536/468/2 449/473/2
f 450/474/1 534/476/1 535/475/1
f 414/477/1 447/472/1 413/470/1
f 414/477/1 446/478/1 447/472/1
f 415/479/1 446/478/1 414/477/1
f 415/479/1 445/480/1 446/478/1
f 416/481/1 445/480/1 415/479/1
f 499/482/1 497/483/1 498/484/1
f 499/482/1 496/485/1 497/483/1
f 499/482/1 495/486/1 496/485/1
f 416/481/1 444/487/1 445/480/1
f 417/113/1 444/487/1 416/481/1
f 499/482/1 494/488/1 495/486/1
f 499/482/1 493/489/1 494/488/1
f 499/482/1 492/490/1 493/489/1
f 499/482/1 491/491/1 492/490/1
f 499/482/1 490/492/1 491/491/1
f 499/482/1 489/493/1 490/492/1
f 500/494/1 489/493/1 499/482/1
f 500/494/1 488/495/1 489/493/1
f 500/494/1 487/496/1 488/495/1
f 500/494/1 486/497/1 487/496/1
f 418/498/1 444/487/1 417/113/1
f 500/494/1 485/499/1 486/497/1
f 418/498/1 443/500/1 444/487/1
f 501/501/1 485/499/1 500/494/1
f 419/502/1 443/500/1 418/498/1
f 419/502/1 442/503/1 443/500/1
f 501/501/1 484/504/1 485/499/1
f 502/505/1 484/504/1 501/501/1
f 420/506/1 442/503/1 419/502/1
f 503/507/1 484/504/1 502/505/1
f 420/506/1 441/508/1 442/503/1
f 421/509/1 441/508/1 420/506/1
f 503/507/1 483/510/1 484/504/1
f 451/511/1 534/476/1 450/474/1
f 451/511/1 533/512/1 534/476/1
f 504/513/1 483/510/1 503/507/1
f 451/511/1 532/514/1 533/512/1
f 422/515/1 441/508/1 421/509/1
f 451/511/1 531/516/1 532/514/1
f 505/517/1 483/510/1 504/513/1
f 422/515/1 440/518/1 441/508/1
f 452/519/1 531/516/1 451/511/1
f 452/519/1 530/520/1 531/516/1
f 505/517/1 482/521/1 483/510/1
f 506/522/1 482/521/1 505/517/1
f 452/519/1 529/523/1 530/520/1
f 452/519/1 528/524/1 529/523/1
f 507/525/1 482/521/1 506/522/1
f 423/526/1 440/518/1 422/515/1
f 452/519/1 527/527/1 528/524/1
f 508/528/1 482/521/1 507/525/1
f 452/519/1 526/529/1 527/527/1
f 452/519/1 525/530/1 526/529/1
f 509/531/1 482/521/1 508/528/1
f 452/519/1 524/532/1 525/530/1
f 453/533/1 524/532/1 452/519/1
f 453/533/1 523/534/1 524/532/1
f 510/535/1 482/521/1 509/531/1
f 453/533/1 522/536/1 523/534/1
f 453/533/1 521/537/1 522/536/1
f 453/533/1 520/538/1 521/537/1
f 453/533/1 519/539/1 520/538/1
f 453/533/1 518/540/1 519/539/1
f 453/533/1 517/541/1 518/540/1
f 453/533/1 516/542/1 517/541/1
f 453/533/1 515/543/1 516/542/1
f 453/533/1 514/544/1 515/543/1
f 453/533/1 513/545/1 514/544/1
f 453/533/1 512/546/1 513/545/1
f 453/533/1 511/547/1 512/546/1
f 453/533/1 510/535/1 511/547/1
f 453/533/1 482/521/1 510/535/1
f 423/526/1 439/548/1 440/518/1
f 453/533/1 481/549/1 482/521/1
f 424/550/1 439/548/1 423/526/1
f 454/551/1 481/549/1 453/533/1
f 454/551/1 480/552/1 481/549/1
f 425/553/1 439/548/1 424/550/1
f 425/553/1 438/554/1 439/548/1
f 426/555/1 438/554/1 425/553/1
f 455/556/1 480/552/1 454/551/1
f 427/557/1 438/554/1 426/555/1
f 455/556/1 479/558/1 480/552/1
f 428/559/1 438/554/1 427/557/1
f 456/560/1 479/558/1 455/556/1
f 429/561/1 438/554/1 428/559/1
f 429/561/1 437/562/1 438/554/1
f 430/563/1 437/562/1 429/561/1
f 456/560/1 478/564/1 479/558/1
f 457/565/1 478/564/1 456/560/1
f 431/566/1 437/562/1 430/563/1
f 458/567/1 478/564/1 457/565/1
f 458/567/1 477/568/1 478/564/1
f 432/569/1 437/562/1 431/566/1
f 459/570/1 477/568/1 458/567/1
f 433/571/1 437/562/1 432/569/1
f 459/570/1 476/572/1 477/568/1
f 433/571/1 434/573/1 437/562/1
f 434/573/1 435/574/1 437/562/1
f 435/574/1 436/575/1 437/562/1
f 460/576/1 476/572/1 459/570/1
f 460/576/1 475/577/1 476/572/1
f 461/578/1 475/577/1 460/576/1
f 461/578/1 474/579/1 475/577/1
f 462/580/1 474/579/1 461/578/1
f 463/581/1 474/579/1 462/580/1
f 464/582/1 474/579/1 463/581/1
f 465/583/1 474/579/1 464/582/1
f 466/584/2 474/579/2 465/583/2
f 467/585/1 474/579/1 466/584/1
f 468/586/1 474/579/1 467/585/1
f 469/587/1 474/579/1 468/586/1
f 470/588/1 474/579/1 469/587/1
f 471/589/1 474/579/1 470/588/1
f 472/590/1 474/579/1 471/589/1
f 473/591/1 474/579/1 472/590/1
f 705/592/1 703/593/1 704/594/1
f 705/592/1 702/595/1 703/593/1
f 706/596/1 702/595/1 705/592/1
f 706/596/1 701/597/1 702/595/1
f 707/598/1 701/597/1 706/596/1
f 707/598/1 700/599/1 701/597/1
f 708/600/1 700/599/1 707/598/1
f 708/600/1 699/572/1 700/599/1
f 709/601/1 595/132/1 708/600/1
f 595/132/1 643/602/1 708/600/1
f 643/602/1 699/572/1 708/600/1
f 595/132/1 751/2/1 643/602/1
f 644/603/1 699/572/1 643/602/1
f 709/601/1 642/604/1 595/132/1
f 596/605/1 751/2/1 595/132/1
f 644/603/1 698/606/1 699/572/1
f 645/607/1 698/606/1 644/603/1
f 709/601/1 641/608/1 642/604/1
f 710/609/1 641/608/1 709/601/1
f 646/610/1 698/606/1 645/607/1
f 596/605/1 750/611/1 751/2/1
f 710/609/1 640/612/1 641/608/1
f 597/613/1 750/611/1 596/605/1
f 647/320/1 698/606/1 646/610/1
f 647/320/1 697/614/1 698/606/1
f 710/609/1 639/615/1 640/612/1
f 597/613/1 749/616/1 750/611/1
f 711/617/1 639/615/1 710/609/1
f 598/618/1 749/616/1 597/613/1
f 648/619/1 697/614/1 647/320/1
f 711/617/1 638/620/1 639/615/1
f 648/619/1 696/621/1 697/614/1
f 649/622/1 696/621/1 648/619/1
f 599/623/1 749/616/1 598/618/1
f 599/623/1 748/624/1 749/616/1
f 712/625/1 638/620/1 711/617/1
f 712/625/1 637/626/1 638/620/1
f 600/627/1 748/624/1 599/623/1
f 650/628/1 696/621/1 649/622/1
f 600/627/1 747/629/1 748/624/1
f 650/628/1 695/630/1 696/621/1
f 601/631/1 747/629/1 600/627/1
f 601/631/1 746/632/1 747/629/1
f 651/633/1 695/630/1 650/628/1
f 712/625/1 636/634/1 637/626/1
f 713/635/1 636/634/1 712/625/1
f 602/636/1 746/632/1 601/631/1
f 602/636/1 745/637/1 746/632/1
f 651/633/1 694/638/1 695/630/1
f 652/639/1 694/638/1 651/633/1
f 713/635/1 635/640/1 636/634/1
f 603/641/1 745/637/1 602/636/1
f 603/641/1 744/642/1 745/637/1
f 714/643/1 635/640/1 713/635/1
f 653/644/1 694/638/1 652/639/1
f 604/645/1 744/642/1 603/641/1
f 714/643/1 634/646/1 635/640/1
f 604/645/1 743/647/1 744/642/1
f 653/644/1 693/648/1 694/638/1
f 605/649/1 743/647/1 604/645/1
f 605/649/1 742/650/1 743/647/1
f 654/651/1 693/648/1 653/644/1
f 714/643/1 633/652/1 634/646/1
f 715/653/1 633/652/1 714/643/1
f 606/654/1 742/650/1 605/649/1
f 606/654/1 741/655/1 742/650/1
f 654/651/1 692/656/1 693/648/1
f 607/657/1 741/655/1 606/654/1
f 655/658/1 692/656/1 654/651/1
f 715/653/1 632/659/1 633/652/1
f 607/657/1 740/660/1 741/655/1
f 608/661/1 740/660/1 607/657/1
f 716/662/1 632/659/1 715/653/1
f 608/661/1 739/663/1 740/660/1
f 656/664/1 692/656/1 655/658/1
f 716/662/1 631/665/1 632/659/1
f 656/664/1 691/666/1 692/656/1
f 609/667/1 739/663/1 608/661/1
f 716/662/1 630/668/1 631/665/1
f 657/669/1 691/666/1 656/664/1
f 717/670/1 630/668/1 716/662/1
f 609/667/1 738/671/1 739/663/1
f 657/669/1 690/672/1 691/666/1
f 610/673/1 738/671/1 609/667/1
f 717/670/1 629/674/1 630/668/1
f 658/675/1 690/672/1 657/669/1
f 718/676/1 629/674/1 717/670/1
f 611/677/1 738/671/1 610/673/1
f 718/676/1 628/678/1 629/674/1
f 611/677/1 737/679/1 738/671/1
f 658/675/1 689/680/1 690/672/1
f 659/681/1 689/680/1 658/675/1
f 718/676/1 627/682/1 628/678/1
f 612/683/1 737/679/1 611/677/1
f 719/684/1 627/682/1 718/676/1
f 612/683/1 736/685/1 737/679/1
f 719/684/1 626/686/1 627/682/1
f 613/687/1 736/685/1 612/683/1
f 659/681/1 688/688/1 689/680/1
f 660/689/1 688/688/1 659/681/1
f 720/690/1 626/686/1 719/684/1
f 720/690/1 625/691/1 626/686/1
f 614/692/1 736/685/1 613/687/1
f 614/692/1 735/693/1 736/685/1
f 720/690/1 624/694/1 625/691/1
f 661/695/1 688/688/1 660/689/1
f 615/696/1 735/693/1 614/692/1
f 721/697/1 624/694/1 720/690/1
f 721/697/1 623/698/1 624/694/1
f 661/695/1 687/699/1 688/688/1
f 616/700/1 735/693/1 615/696/1
f 721/697/1 622/701/1 623/698/1
f 662/702/1 687/699/1 661/695/1
f 616/700/1 734/703/1 735/693/1
f 617/704/1 734/703/1 616/700/1
f 721/697/1 621/246/1 622/701/1
f 618/705/1 734/703/1 617/704/1
f 721/697/1 620/706/1 621/246/1
f 722/707/1 620/706/1 721/697/1
f 619/708/1 734/703/1 618/705/1
f 722/707/1 619/708/1 620/706/1
f 722/707/1 734/703/1 619/708/1
f 663/709/1 687/699/1 662/702/1
f 663/709/1 686/710/1 687/699/1
f 722/707/1 733/711/1 734/703/1
f 723/712/1 733/711/1 722/707/1
f 664/713/1 686/710/1 663/709/1
f 723/712/1 732/714/1 733/711/1
f 724/715/1 732/714/1 723/712/1
f 664/713/1 685/716/1 686/710/1
f 665/717/1 685/716/1 664/713/1
f 724/715/1 731/718/1 732/714/1
f 725/475/1 731/718/1 724/715/1
f 666/719/1 685/716/1 665/717/1
f 667/720/1 685/716/1 666/719/1
f 725/475/1 730/721/1 731/718/1
f 726/722/1 730/721/1 725/475/1
f 667/720/1 684/723/1 685/716/1
f 668/724/1 684/723/1 667/720/1
f 669/725/1 684/723/1 668/724/1
f 670/726/1 684/723/1 669/725/1
f 726/722/1 729/727/1 730/721/1
f 727/728/1 729/727/1 726/722/1
f 671/729/1 684/723/1 670/726/1
f 672/730/1 684/723/1 671/729/1
f 673/113/1 684/723/1 672/730/1
f 674/731/1 684/723/1 673/113/1
f 675/732/1 684/723/1 674/731/1
f 676/733/1 684/723/1 675/732/1
f 727/728/1 728/734/1 729/727/1
f 677/735/1 684/723/1 676/733/1
f 678/736/1 684/723/1 677/735/1
f 679/737/1 684/723/1 678/736/1
f 680/738/1 684/723/1 679/737/1
f 680/738/1 683/739/1 684/723/1
f 680/738/1 682/740/1 683/739/1
f 680/738/1 681/741/1 682/740/1
f 898/742/1 922/743/1 923/744/1
f 925/745/1 966/746/1 924/747/1
f 898/742/1 921/748/1 922/743/1
f 899/749/1 921/748/1 898/742/1
f 872/750/1 896/751/1 897/752/1
f 926/753/1 966/746/1 925/745/1
f 899/749/1 920/754/1 921/748/1
f 900/755/1 920/754/1 899/749/1
f 872/750/1 895/756/1 896/751/1
f 926/753/1 965/757/1 966/746/1
f 873/758/1 895/756/1 872/750/1
f 927/759/1 965/757/1 926/753/1
f 900/755/1 919/760/1 920/754/1
f 873/758/1 894/761/1 895/756/1
f 901/762/1 919/760/1 900/755/1
f 874/763/1 894/761/1 873/758/1
f 927/759/1 964/764/1 965/757/1
f 901/762/1 918/765/1 919/760/1
f 928/766/1 964/764/1 927/759/1
f 874/763/1 893/767/1 894/761/1
f 902/768/1 918/765/1 901/762/1
f 875/769/1 893/767/1 874/763/1
f 928/766/1 963/770/1 964/764/1
f 902/768/1 917/771/1 918/765/1
f 875/769/1 892/772/1 893/767/1
f 903/773/1 917/771/1 902/768/1
f 929/774/1 963/770/1 928/766/1
f 876/775/1 892/772/1 875/769/1
f 929/774/1 962/776/1 963/770/1
f 903/773/1 916/777/1 917/771/1
f 876/775/1 891/778/1 892/772/1
f 904/779/1 916/777/1 903/773/1
f 930/780/1 962/776/1 929/774/1
f 877/781/1 891/778/1 876/775/1
f 877/781/1 890/782/1 891/778/1
f 904/779/1 915/783/1 916/777/1
f 930/780/1 961/784/1 962/776/1
f 905/785/1 915/783/1 904/779/1
f 878/786/1 890/782/1 877/781/1
f 931/787/1 961/784/1 930/780/1
f 878/786/1 889/788/1 890/782/1
f 905/785/1 914/789/1 915/783/1
f 931/787/1 960/790/1 961/784/1
f 906/791/1 914/789/1 905/785/1
f 879/792/1 889/788/1 878/786/1
f 879/792/1 888/793/1 889/788/1
f 906/791/1 913/794/1 914/789/1
f 932/795/1 960/790/1 931/787/1
f 932/795/1 959/796/1 960/790/1
f 907/797/1 913/794/1 906/791/1
f 880/798/1 888/793/1 879/792/1
f 880/798/1 887/799/1 888/793/1
f 907/797/1 912/800/1 913/794/1
f 932/795/1 958/801/1 959/796/1
f 933/802/1 958/801/1 932/795/1
f 908/803/1 912/800/1 907/797/1
f 881/804/1 887/799/1 880/798/1
f 881/804/1 886/805/1 887/799/1
f 908/803/1 911/806/1 912/800/1
f 933/802/1 957/807/1 958/801/1
f 909/808/1 911/806/1 908/803/1
f 934/809/1 957/807/1 933/802/1
f 882/810/1 886/805/1 881/804/1
f 882/810/1 885/811/1 886/805/1
f 909/808/1 910/812/1 911/806/1
f 934/809/1 956/813/1 957/807/1
f 882/810/1 883/814/1 885/811/1
f 883/814/1 884/815/1 885/811/1
f 935/816/1 956/813/1 934/809/1
f 935/816/1 955/817/1 956/813/1
f 936/818/1 955/817/1 935/816/1
f 936/818/1 954/819/1 955/817/1
f 937/820/1 954/819/1 936/818/1
f 939/821/1 975/822/1 938/823/1
f 975/822/1 937/820/1 938/823/1
f 975/822/1 954/819/1 937/820/1
f 975/822/1 953/824/1 954/819/1
f 975/822/1 976/825/1 953/824/1
f 976/825/1 979/826/1 953/824/1
f 979/826/1 980/827/1 953/824/1
f 980/827/1 952/828/1 953/824/1
f 939/821/1 978/829/1 975/822/1
f 977/830/1 979/826/1 976/825/1
f 977/830/1 982/2/1 979/826/1
f 981/831/1 952/828/1 980/827/1
f 939/821/1 967/832/1 978/829/1
f 967/832/1 977/830/1 978/829/1
f 967/832/1 982/2/1 977/830/1
f 967/832/1 981/831/1 982/2/1
f 967/832/1 968/833/1 981/831/1
f 968/833/1 971/834/1 981/831/1
f 971/834/1 972/835/1 981/831/1
f 972/835/1 952/828/1 981/831/1
f 939/821/1 970/836/1 967/832/1
f 969/837/1 971/834/1 968/833/1
f 969/837/1 974/838/1 971/834/1
f 973/839/1 952/828/1 972/835/1
f 939/821/1 969/837/1 970/836/1
f 939/821/1 974/838/1 969/837/1
f 939/821/1 973/839/1 974/838/1
f 939/821/1 952/828/1 973/839/1
f 940/840/1 952/828/1 939/821/1
f 941/841/1 951/842/1 940/840/1
f 951/842/1 952/828/1 940/840/1
f 941/841/1 950/843/1 951/842/1
f 943/844/1 941/841/1 942/845/1
f 943/844/1 950/843/1 941/841/1
f 943/844/1 949/846/1 950/843/1
f 943/844/1 948/847/1 949/846/1
f 944/848/1 948/847/1 943/844/1
f 945/849/1 947/850/1 944/848/1
f 947/850/2 948/847/2 944/848/2
f 945/849/1 946/851/1 947/850/1
f 869/852/1 867/113/1 868/853/1
f 869/852/1 870/854/1 867/113/1
f 870/854/1 866/855/1 867/113/1
f 871/856/1 866/855/1 870/854/1
f 753/857/1 871/856/1 752/132/1
f 753/857/1 866/855/1 871/856/1
f 754/858/1 866/855/1 753/857/1
f 755/859/1 865/860/1 754/858/1
f 865/860/1 866/855/1 754/858/1
f 755/859/1 864/861/1 865/860/1
f 756/862/1 864/861/1 755/859/1
f 757/863/1 864/861/1 756/862/1
f 758/864/1 864/861/1 757/863/1
f 759/865/1 864/861/1 758/864/1
f 760/866/1 864/861/1 759/865/1
f 760/866/1 863/867/1 864/861/1
f 760/866/1 862/868/1 863/867/1
f 760/866/1 861/869/1 862/868/1
f 760/866/1 860/870/1 861/869/1
f 760/866/1 859/871/1 860/870/1
f 760/866/1 858/872/1 859/871/1
f 761/873/1 858/872/1 760/866/1
f 761/873/1 857/874/1 858/872/1
f 761/873/1 856/875/1 857/874/1
f 761/873/1 855/876/1 856/875/1
f 761/873/1 854/877/1 855/876/1
f 761/873/1 853/878/1 854/877/1
f 761/873/1 852/879/1 853/878/1
f 761/873/1 851/880/1 852/879/1
f 761/873/1 767/881/1 851/880/1
f 767/881/1 850/882/1 851/880/1
f 762/883/1 767/881/1 761/873/1
f 763/884/1 766/885/1 762/883/1
f 766/885/1 767/881/1 762/883/1
f 763/884/1 765/886/1 766/885/1
f 768/887/1 850/882/1 767/881/1
f 764/888/1 765/886/1 763/884/1
f 768/887/1 849/889/1 850/882/1
f 769/890/1 849/889/1 768/887/1
f 769/890/1 848/891/1 849/889/1
f 770/892/1 848/891/1 769/890/1
f 770/892/1 847/893/1 848/891/1
f 771/894/1 847/893/1 770/892/1
f 772/895/1 847/893/1 771/894/1
f 772/895/1 846/896/1 847/893/1
f 773/897/1 846/896/1 772/895/1
f 773/897/1 845/898/1 846/896/1
f 774/899/1 845/898/1 773/897/1
f 775/900/1 845/898/1 774/899/1
f 775/900/1 844/901/1 845/898/1
f 776/902/1 844/901/1 775/900/1
f 776/902/1 843/903/1 844/901/1
f 777/904/1 843/903/1 776/902/1
f 778/905/1 843/903/1 777/904/1
f 778/905/1 842/906/1 843/903/1
f 779/907/1 842/906/1 778/905/1
f 780/908/1 842/906/1 779/907/1
f 781/909/1 842/906/1 780/908/1
f 782/910/1 842/906/1 781/909/1
f 783/911/1 842/906/1 782/910/1
f 804/912/1 802/913/1 803/914/1
f 784/915/1 842/906/1 783/911/1
f 804/912/1 801/916/1 802/913/1
f 804/912/1 800/917/1 801/916/1
f 785/918/1 842/906/1 784/915/1
f 804/912/1 799/919/1 800/917/1
f 786/920/1 842/906/1 785/918/1
f 804/912/1 798/921/1 799/919/1
f 804/912/1 797/922/1 798/921/1
f 787/923/1 842/906/1 786/920/1
f 804/912/1 796/924/1 797/922/1
f 804/912/1 795/925/1 796/924/1
f 788/926/1 842/906/1 787/923/1
f 804/912/1 794/927/1 795/925/1
f 804/912/1 793/928/1 794/927/1
f 804/912/1 792/929/1 793/928/1
f 804/912/1 791/930/1 792/929/1
f 804/912/1 790/931/1 791/930/1
f 789/932/1 842/906/1 788/926/1
f 804/912/1 789/932/1 790/931/1
f 804/912/1 842/906/1 789/932/1
f 804/912/1 841/933/1 842/906/1
f 805/934/1 841/933/1 804/912/1
f 806/935/1 841/933/1 805/934/1
f 807/936/1 841/933/1 806/935/1
f 807/936/1 840/937/1 841/933/1
f 808/938/1 840/937/1 807/936/1
f 809/939/1 840/937/1 808/938/1
f 809/939/1 839/940/1 840/937/1
f 810/941/1 839/940/1 809/939/1
f 811/942/1 839/940/1 810/941/1
f 811/942/1 838/943/1 839/940/1
f 811/942/1 837/944/1 838/943/1
f 812/945/1 837/944/1 811/942/1
f 812/945/1 836/946/1 837/944/1
f 813/947/1 836/946/1 812/945/1
f 813/947/1 835/948/1 836/946/1
f 813/947/1 834/949/1 835/948/1
f 814/950/1 834/949/1 813/947/1
f 814/950/1 833/951/1 834/949/1
f 814/950/1 832/952/1 833/951/1
f 815/953/1 832/952/1 814/950/1
f 815/953/1 831/954/1 832/952/1
f 815/953/1 830/955/1 831/954/1
f 815/953/1 829/956/1 830/955/1
f 815/953/1 828/957/1 829/956/1
f 815/953/1 827/958/1 828/957/1
f 816/959/1 827/958/1 815/953/1
f 816/959/1 826/960/1 827/958/1
f 817/961/1 826/960/1 816/959/1
f 817/961/1 825/962/1 826/960/1
f 818/963/1 825/962/1 817/961/1
f 818/963/1 824/964/1 825/962/1
f 819/965/1 824/964/1 818/963/1
f 819/965/1 823/966/1 824/964/1
f 820/967/1 823/966/1 819/965/1
f 820/967/1 822/968/1 823/966/1
f 821/969/1 822/968/1 820/967/1
f 1059/970/1 1057/971/1 1058/972/1
f 1060/973/1 1057/971/1 1059/970/1
f 1061/974/1 1057/971/1 1060/973/1
f 1062/975/1 1057/971/1 1061/974/1
f 1063/976/1 1057/971/1 1062/975/1
f 1064/113/1 1057/971/1 1063/976/1
f 1065/977/1 1057/971/1 1064/113/1
f 1066/978/1 1057/971/1 1065/977/1
f 1067/979/1 1057/971/1 1066/978/1
f 1068/980/1 1057/971/1 1067/979/1
f 1069/981/1 1057/971/1 1068/980/1
f 1070/982/1 1057/971/1 1069/981/1
f 1071/983/1 1057/971/1 1070/982/1
f 1072/984/1 1057/971/1 1071/983/1
f 1073/985/1 1057/971/1 1072/984/1
f 1074/986/1 1057/971/1 1073/985/1
f 1075/987/1 1057/971/1 1074/986/1
f 1076/988/1 1057/971/1 1075/987/1
f 1077/989/1 1057/971/1 1076/988/1
f 1078/990/1 1057/971/1 1077/989/1
f 1079/991/1 1057/971/1 1078/990/1
f 1080/992/1 1057/971/1 1079/991/1
f 1081/993/1 1057/971/1 1080/992/1
f 1082/994/1 1057/971/1 1081/993/1
f 1083/995/1 1057/971/1 1082/994/1
f 1084/996/1 1057/971/1 1083/995/1
f 1085/997/1 1057/971/1 1084/996/1
f 1086/998/1 1057/971/1 1085/997/1
f 1087/999/1 1057/971/1 1086/998/1
f 1088/1000/1 1057/971/1 1087/999/1
f 1089/1001/1 1057/971/1 1088/1000/1
f 1090/1002/1 1057/971/1 1089/1001/1
f 1091/572/1 1057/971/1 1090/1002/1
f 1092/1003/1 1057/971/1 1091/572/1
f 1093/1004/1 1057/971/1 1092/1003/1
f 983/132/1 1057/971/1 1093/1004/1
f 984/1005/1 985/1006/1 983/132/1
f 985/1006/1 986/1007/1 983/132/1
f 986/1007/1 987/1008/1 983/132/1
f 987/1008/1 988/1009/1 983/132/1
f 988/1009/1 989/1010/1 983/132/1
f 989/1010/1 990/1011/1 983/132/1
f 990/1011/1 991/1012/1 983/132/1
f 991/1012/1 992/1013/1 983/132/1
f 992/1013/1 996/1014/1 983/132/1
f 996/1014/1 1052/1015/1 983/132/1
f 1052/1015/1 1053/1016/1 983/132/1
f 1053/1016/1 1054/1017/1 983/132/1
f 1054/1017/1 1055/1018/1 983/132/1
f 1055/1018/1 1056/1019/1 983/132/1
f 1056/1019/1 1057/971/1 983/132/1
f 996/1014/1 1051/1020/1 1052/1015/1
f 996/1014/1 1050/1021/1 1051/1020/1
f 996/1014/1 1049/1022/1 1050/1021/1
f 996/1014/1 1048/1023/1 1049/1022/1
f 996/1014/1 1047/1024/1 1048/1023/1
f 996/1014/1 1046/1025/1 1047/1024/1
f 992/1013/1 993/1026/1 996/1014/1
f 993/1026/1 995/1027/1 996/1014/1
f 997/1028/1 1046/1025/1 996/1014/1
f 997/1028/1 1045/1029/1 1046/1025/1
f 993/1026/1 994/1030/1 995/1027/1
f 997/1028/1 1044/1031/1 1045/1029/1
f 998/1032/1 1044/1031/1 997/1028/1
f 998/1032/1 1043/1033/1 1044/1031/1
f 999/1034/1 1043/1033/1 998/1032/1
f 999/1034/1 1042/1035/1 1043/1033/1
f 1000/1036/1 1042/1035/1 999/1034/1
f 1000/1036/1 1041/1037/1 1042/1035/1
f 1121/1038/1 1145/2/1 1120/1039/1
f 1001/1040/1 1041/1037/1 1000/1036/1
f 1121/1038/1 1144/1041/1 1145/2/1
f 1001/1040/1 1040/1042/1 1041/1037/1
f 1121/1038/1 1143/1043/1 1144/1041/1
f 1122/1044/1 1143/1043/1 1121/1038/1
f 1122/1044/1 1142/1045/1 1143/1043/1
f 1123/1046/1 1142/1045/1 1122/1044/1
f 1002/1047/1 1040/1042/1 1001/1040/1
f 1002/1047/1 1039/1048/1 1040/1042/1
f 1123/1046/1 1141/1049/1 1142/1045/1
f 1095/1050/1 1119/1051/1 1094/1052/1
f 1124/1053/1 1141/1049/1 1123/1046/1
f 1095/1050/1 1118/475/1 1119/1051/1
f 1124/1053/1 1140/1054/1 1141/1049/1
f 1125/1055/1 1140/1054/1 1124/1053/1
f 1095/1050/1 1117/1056/1 1118/475/1
f 1003/1057/1 1039/1048/1 1002/1047/1
f 1096/1058/1 1117/1056/1 1095/1050/1
f 1125/1055/1 1139/1059/1 1140/1054/1
f 1003/1057/1 1038/1060/1 1039/1048/1
f 1126/1061/1 1139/1059/1 1125/1055/1
f 1096/1058/1 1116/1062/1 1117/1056/1
f 1097/1063/1 1116/1062/1 1096/1058/1
f 1126/1061/1 1138/1064/1 1139/1059/1
f 1127/1065/1 1138/1064/1 1126/1061/1
f 1097/1063/1 1115/1066/1 1116/1062/1
f 1098/1067/1 1115/1066/1 1097/1063/1
f 1127/1065/1 1137/1068/1 1138/1064/1
f 1128/1069/1 1137/1068/1 1127/1065/1
f 1004/1070/1 1038/1060/1 1003/1057/1
f 1098/1067/1 1114/1071/1 1115/1066/1
f 1004/1070/1 1037/320/1 1038/1060/1
f 1099/1072/1 1114/1071/1 1098/1067/1
f 1129/1073/1 1137/1068/1 1128/1069/1
f 1129/1073/1 1136/1074/1 1137/1068/1
f 1099/1072/1 1113/1075/1 1114/1071/1
f 1100/1076/1 1113/1075/1 1099/1072/1
f 1130/1077/1 1136/1074/1 1129/1073/1
f 1130/1077/1 1135/1078/1 1136/1074/1
f 1101/1079/1 1113/1075/1 1100/1076/1
f 1101/1079/1 1112/1080/1 1113/1075/1
f 1005/1081/1 1037/320/1 1004/1070/1
f 1131/1082/1 1135/1078/1 1130/1077/1
f 1131/1082/1 1134/1083/1 1135/1078/1
f 1005/1081/1 1036/1084/1 1037/320/1
f 1102/1085/1 1112/1080/1 1101/1079/1
f 1102/1085/1 1111/1086/1 1112/1080/1
f 1131/1082/1 1132/1087/1 1134/1083/1
f 1132/1087/1 1133/1088/1 1134/1083/1
f 1103/1089/1 1111/1086/1 1102/1085/1
f 1103/1089/1 1110/1090/1 1111/1086/1
f 1104/1091/1 1110/1090/1 1103/1089/1
f 1104/1091/1 1109/1092/1 1110/1090/1
f 1006/1093/1 1036/1084/1 1005/1081/1
f 1006/1093/1 1035/1094/1 1036/1084/1
f 1105/1095/1 1109/1092/1 1104/1091/1
f 1105/1095/1 1108/1096/1 1109/1092/1
f 1106/1097/1 1108/1096/1 1105/1095/1
f 1106/1097/1 1107/1098/1 1108/1096/1
f 1006/1093/1 1034/1099/1 1035/1094/1
f 1007/1100/1 1034/1099/1 1006/1093/1
f 1007/1100/1 1033/1101/1 1034/1099/1
f 1008/1102/1 1033/1101/1 1007/1100/1
f 1008/1102/1 1032/1103/1 1033/1101/1
f 1009/1104/1 1032/1103/1 1008/1102/1
f 1009/1104/1 1031/1105/1 1032/1103/1
f 1010/246/1 1031/1105/1 1009/1104/1
f 1010/246/1 1030/1106/1 1031/1105/1
f 1011/1107/1 1030/1106/1 1010/246/1
f 1011/1107/1 1029/1108/1 1030/1106/1
f 1011/1107/1 1028/1109/1 1029/1108/1
f 1012/1110/1 1028/1109/1 1011/1107/1
f 1012/1110/1 1027/1111/1 1028/1109/1
f 1013/1112/1 1027/1111/1 1012/1110/1
f 1013/1112/1 1026/1113/1 1027/1111/1
f 1013/1112/1 1025/1114/1 1026/1113/1
f 1014/1115/1 1025/1114/1 1013/1112/1
f 1014/1115/1 1024/1116/1 1025/1114/1
f 1014/1115/1 1023/1117/1 1024/1116/1
f 1014/1115/1 1022/1118/1 1023/1117/1
f 1014/1115/1 1021/1119/1 1022/1118/1
f 1015/1120/1 1021/1119/1 1014/1115/1
f 1015/1120/1 1020/1121/1 1021/1119/1
f 1016/1122/1 1020/1121/1 1015/1120/1
f 1017/1123/1 1020/1121/1 1016/1122/1
f 1018/1124/1 1020/1121/1 1017/1123/1
f 1019/1125/1 1020/1121/1 1018/1124/1
f 1148/1126/1 1146/132/1 1147/1127/1
f 1149/1128/1 1146/132/1 1148/1126/1
f 1150/1129/1 1146/132/1 1149/1128/1
f 1151/1130/1 1146/132/1 1150/1129/1
f 1152/1131/1 1146/132/1 1151/1130/1
f 1152/1131/1 1272/2/1 1146/132/1
f 1153/1013/1 1272/2/1 1152/1131/1
f 1153/1013/1 1271/1132/1 1272/2/1
f 1154/1133/1 1271/1132/1 1153/1013/1
f 1154/1133/1 1270/1134/1 1271/1132/1
f 1155/150/1 1270/1134/1 1154/1133/1
f 1155/150/1 1269/1135/1 1270/1134/1
f 1156/1136/1 1269/1135/1 1155/150/1
f 1156/1136/1 1268/1137/1 1269/1135/1
f 1157/1138/1 1268/1137/1 1156/1136/1
f 1157/1138/1 1267/1139/1 1268/1137/1
f 1158/1140/1 1267/1139/1 1157/1138/1
f 1158/1140/1 1266/1141/1 1267/1139/1
f 1159/1142/1 1266/1141/1 1158/1140/1
f 1160/1040/1 1266/1141/1 1159/1142/1
f 1160/1040/1 1265/1074/1 1266/1141/1
f 1160/1040/1 1264/1143/1 1265/1074/1
f 1160/1040/1 1263/83/1 1264/1143/1
f 1160/1040/1 1262/1144/1 1263/83/1
f 1161/1145/1 1262/1144/1 1160/1040/1
f 1161/1145/1 1261/1146/1 1262/1144/1
f 1161/1145/1 1260/1147/1 1261/1146/1
f 1162/1148/1 1260/1147/1 1161/1145/1
f 1248/1149/1 1246/1150/1 1247/1151/1
f 1249/1152/1 1246/1150/1 1248/1149/1
f 1250/1153/1 1246/1150/1 1249/1152/1
f 1251/475/1 1246/1150/1 1250/1153/1
f 1252/1154/1 1246/1150/1 1251/475/1
f 1253/1155/1 1246/1150/1 1252/1154/1
f 1254/76/1 1246/1150/1 1253/1155/1
f 1255/1156/1 1246/1150/1 1254/76/1
f 1256/1157/1 1246/1150/1 1255/1156/1
f 1257/1158/1 1246/1150/1 1256/1157/1
f 1258/1065/1 1246/1150/1 1257/1158/1
f 1259/1159/1 1246/1150/1 1258/1065/1
f 1162/1148/1 1259/1159/1 1260/1147/1
f 1162/1148/1 1246/1150/1 1259/1159/1
f 1163/1160/1 1246/1150/1 1162/1148/1
f 1163/1160/1 1245/61/1 1246/1150/1
f 1164/185/1 1245/61/1 1163/1160/1
f 1164/185/1 1244/1092/1 1245/61/1
f 1164/185/1 1243/1161/1 1244/1092/1
f 1164/185/1 1242/1162/1 1243/1161/1
f 1164/185/1 1241/1163/1 1242/1162/1
f 1164/185/1 1240/1164/1 1241/1163/1
f 1164/185/1 1239/1165/1 1240/1164/1
f 1164/185/1 1238/1166/1 1239/1165/1
f 1165/1167/1 1184/1168/1 1164/185/1
f 1184/1168/1 1238/1166/1 1164/185/1
f 1184/1168/1 1237/1076/1 1238/1166/1
f 1184/1168/1 1185/1169/1 1237/1076/1
f 1185/1169/1 1236/6/1 1237/1076/1
f 1165/1167/1 1183/1170/1 1184/1168/1
f 1186/1171/1 1236/6/1 1185/1169/1
f 1186/1171/1 1235/1172/1 1236/6/1
f 1186/1171/1 1234/1173/1 1235/1172/1
f 1186/1171/1 1233/1174/1 1234/1173/1
f 1166/1175/1 1183/1170/1 1165/1167/1
f 1166/1175/1 1182/199/1 1183/1170/1
f 1187/1176/1 1233/1174/1 1186/1171/1
f 1187/1176/1 1232/1177/1 1233/1174/1
f 1166/1175/1 1181/1109/1 1182/199/1
f 1188/320/1 1232/1177/1 1187/1176/1
f 1167/246/1 1181/1109/1 1166/1175/1
f 1167/246/1 1180/1178/1 1181/1109/1
f 1188/320/1 1231/1179/1 1232/1177/1
f 1189/1180/1 1231/1179/1 1188/320/1
f 1168/1181/1 1180/1178/1 1167/246/1
f 1168/1181/1 1179/1182/1 1180/1178/1
f 1189/1180/1 1230/572/1 1231/1179/1
f 1190/1183/1 1230/572/1 1189/1180/1
f 1168/1181/1 1178/1184/1 1179/1182/1
f 1169/1185/1 1178/1184/1 1168/1181/1
f 1190/1183/1 1229/1186/1 1230/572/1
f 1169/1185/1 1177/1187/1 1178/1184/1
f 1191/223/1 1229/1186/1 1190/1183/1
f 1170/1188/1 1177/1187/1 1169/1185/1
f 1170/1188/1 1176/1189/1 1177/1187/1
f 1191/223/1 1228/1190/1 1229/1186/1
f 1192/1191/1 1228/1190/1 1191/223/1
f 1171/1192/1 1176/1189/1 1170/1188/1
f 1171/1192/1 1175/1193/1 1176/1189/1
f 1192/1191/1 1227/37/1 1228/1190/1
f 1193/1194/1 1227/37/1 1192/1191/1
f 1171/1192/1 1174/1125/1 1175/1193/1
f 1172/1195/1 1174/1125/1 1171/1192/1
f 1172/1195/1 1173/144/1 1174/1125/1
f 1194/1196/1 1227/37/1 1193/1194/1
f 1194/1196/1 1226/1197/1 1227/37/1
f 1195/1025/1 1226/1197/1 1194/1196/1
f 1195/1025/1 1225/1198/1 1226/1197/1
f 1196/1199/1 1225/1198/1 1195/1025/1
f 1196/1199/1 1224/1200/1 1225/1198/1
f 1197/1201/1 1224/1200/1 1196/1199/1
f 1197/1201/1 1223/994/1 1224/1200/1
f 1198/1202/1 1223/994/1 1197/1201/1
f 1198/1202/1 1222/1203/1 1223/994/1
f 1199/1204/1 1222/1203/1 1198/1202/1
f 1199/1204/1 1221/1205/1 1222/1203/1
f 1200/222/1 1221/1205/1 1199/1204/1
f 1200/222/1 1220/1206/1 1221/1205/1
f 1201/1207/1 1220/1206/1 1200/222/1
f 1201/1207/1 1219/1208/1 1220/1206/1
f 1202/1018/1 1219/1208/1 1201/1207/1
f 1203/1209/1 1219/1208/1 1202/1018/1
f 1203/1209/1 1218/116/1 1219/1208/1
f 1204/1210/1 1218/116/1 1203/1209/1
f 1204/1210/1 1217/1211/1 1218/116/1
f 1205/1212/1 1217/1211/1 1204/1210/1
f 1205/1212/1 1216/985/1 1217/1211/1
f 1206/1213/1 1216/985/1 1205/1212/1
f 1206/1213/1 1215/1214/1 1216/985/1
f 1207/1215/1 1215/1214/1 1206/1213/1
f 1207/1215/1 1214/1216/1 1215/1214/1
f 1208/1217/1 1214/1216/1 1207/1215/1
f 1209/113/1 1214/1216/1 1208/1217/1
f 1209/113/1 1213/1218/1 1214/1216/1
f 1210/1219/1 1213/1218/1 1209/113/1
f 1210/1219/1 1212/1220/1 1213/1218/1
f 1210/1219/1 1211/1221/1 1212/1220/1
f 1274/1222/1 1298/1223/1 1273/132/1
f 1274/1222/1 1297/1224/1 1298/1223/1
f 1275/1225/1 1297/1224/1 1274/1222/1
f 1275/1225/1 1296/1226/1 1297/1224/1
f 1301/1227/1 1299/1228/1 1300/1229/1
f 1276/1230/1 1296/1226/1 1275/1225/1
f 1276/1230/1 1295/1231/1 1296/1226/1
f 1362/1232/1 1386/2/1 1361/1233/1
f 1277/1234/1 1295/1231/1 1276/1230/1
f 1301/1227/1 1360/1235/1 1299/1228/1
f 1302/1236/1 1360/1235/1 1301/1227/1
f 1302/1236/1 1359/1237/1 1360/1235/1
f 1362/1232/1 1385/1238/1 1386/2/1
f 1277/1234/1 1294/1239/1 1295/1231/1
f 1302/1236/1 1358/1240/1 1359/1237/1
f 1302/1236/1 1357/1241/1 1358/1240/1
f 1278/1242/1 1294/1239/1 1277/1234/1
f 1302/1236/1 1356/1243/1 1357/1241/1
f 1362/1232/1 1384/1244/1 1385/1238/1
f 1363/1245/1 1384/1244/1 1362/1232/1
f 1302/1236/1 1355/1246/1 1356/1243/1
f 1302/1236/1 1354/1247/1 1355/1246/1
f 1278/1242/1 1293/1248/1 1294/1239/1
f 1302/1236/1 1353/1249/1 1354/1247/1
f 1364/1250/1 1384/1244/1 1363/1245/1
f 1279/1251/1 1293/1248/1 1278/1242/1
f 1302/1236/1 1352/1252/1 1353/1249/1
f 1303/1253/1 1352/1252/1 1302/1236/1
f 1303/1253/1 1351/1254/1 1352/1252/1
f 1364/1250/1 1383/1255/1 1384/1244/1
f 1303/1253/1 1350/1256/1 1351/1254/1
f 1303/1253/1 1349/1257/1 1350/1256/1
f 1365/1258/1 1383/1255/1 1364/1250/1
f 1303/1253/1 1348/1259/1 1349/1257/1
f 1279/1251/1 1292/1260/1 1293/1248/1
f 1280/1261/1 1292/1260/1 1279/1251/1
f 1365/1258/1 1382/1262/1 1383/1255/1
f 1366/1263/1 1382/1262/1 1365/1258/1
f 1304/1264/1 1348/1259/1 1303/1253/1
f 1280/1261/1 1291/1265/1 1292/1260/1
f 1304/1264/1 1347/1266/1 1348/1259/1
f 1281/1267/1 1291/1265/1 1280/1261/1
f 1366/1263/1 1381/1268/1 1382/1262/1
f 1367/1269/1 1381/1268/1 1366/1263/1
f 1281/1267/1 1290/1270/1 1291/1265/1
f 1282/1271/1 1290/1270/1 1281/1267/1
f 1305/1272/1 1347/1266/1 1304/1264/1
f 1367/1269/1 1380/1273/1 1381/1268/1
f 1305/1272/1 1346/1274/1 1347/1266/1
f 1368/1275/1 1380/1273/1 1367/1269/1
f 1282/1271/1 1289/1276/1 1290/1270/1
f 1283/1277/1 1289/1276/1 1282/1271/1
f 1368/1275/1 1379/1278/1 1380/1273/1
f 1369/1279/1 1379/1278/1 1368/1275/1
f 1306/1280/1 1346/1274/1 1305/1272/1
f 1283/1277/1 1288/1281/1 1289/1276/1
f 1306/1280/1 1345/1282/1 1346/1274/1
f 1284/1283/1 1288/1281/1 1283/1277/1
f 1284/1283/1 1287/1284/1 1288/1281/1
f 1369/1279/1 1378/1285/1 1379/1278/1
f 1370/1286/1 1378/1285/1 1369/1279/1
f 1285/1287/1 1287/1284/1 1284/1283/1
f 1306/1280/1 1344/1288/1 1345/1282/1
f 1307/1289/1 1344/1288/1 1306/1280/1
f 1285/1287/1 1286/1290/1 1287/1284/1
f 1370/1286/1 1377/1291/1 1378/1285/1
f 1371/1292/1 1377/1291/1 1370/1286/1
f 1307/1289/1 1343/1293/1 1344/1288/1
f 1371/1292/1 1376/1294/1 1377/1291/1
f 1308/1295/1 1343/1293/1 1307/1289/1
f 1372/1296/1 1376/1294/1 1371/1292/1
f 1372/1296/1 1375/1297/1 1376/1294/1
f 1308/1295/1 1342/1298/1 1343/1293/1
f 1373/1299/1 1375/1297/1 1372/1296/1
f 1309/1300/1 1342/1298/1 1308/1295/1
f 1373/1299/1 1374/1301/1 1375/1297/1
f 1309/1300/1 1341/1302/1 1342/1298/1
f 1310/1303/1 1341/1302/1 1309/1300/1
f 1310/1303/1 1340/1304/1 1341/1302/1
f 1311/1305/1 1340/1304/1 1310/1303/1
f 1311/1305/1 1339/1306/1 1340/1304/1
f 1312/1307/1 1339/1306/1 1311/1305/1
f 1312/1307/1 1338/1308/1 1339/1306/1
f 1313/1309/1 1338/1308/1 1312/1307/1
f 1313/1309/1 1337/1310/1 1338/1308/1
f 1314/1311/1 1337/1310/1 1313/1309/1
f 1314/1311/1 1336/1312/1 1337/1310/1
f 1315/1313/1 1336/1312/1 1314/1311/1
f 1315/1313/1 1335/1314/1 1336/1312/1
f 1316/1315/1 1335/1314/1 1315/1313/1
f 1317/1316/1 1335/1314/1 1316/1315/1
f 1317/1316/1 1334/1317/1 1335/1314/1
f 1318/1318/1 1334/1317/1 1317/1316/1
f 1318/1318/1 1333/1319/1 1334/1317/1
f 1319/1320/1 1333/1319/1 1318/1318/1
f 1319/1320/1 1332/1321/1 1333/1319/1
f 1320/1322/1 1332/1321/1 1319/1320/1
f 1321/1323/1 1332/1321/1 1320/1322/1
f 1321/1323/1 1331/1324/1 1332/1321/1
f 1322/1325/1 1331/1324/1 1321/1323/1
f 1322/1325/1 1330/1326/1 1331/1324/1
f 1323/1327/1 1330/1326/1 1322/1325/1
f 1324/1328/1 1330/1326/1 1323/1327/1
f 1324/1328/1 1329/1329/1 1330/1326/1
f 1325/1330/1 1329/1329/1 1324/1328/1
f 1325/1330/1 1328/1331/1 1329/1329/1
f 1325/1330/1 1327/1332/1 1328/1331/1
f 1325/1330/1 1326/1333/1 1327/1332/1
f 1463/1018/1 1461/1334/1 1462/1335/1
f 1463/1018/1 1558/2/1 1461/1334/1
f 1464/1336/1 1558/2/1 1463/1018/1
f 1464/1336/1 1557/1337/1 1558/2/1
f 1465/1338/1 1557/1337/1 1464/1336/1
f 1465/1338/1 1556/1339/1 1557/1337/1
f 1466/1340/1 1556/1339/1 1465/1338/1
f 1466/1340/1 1555/1341/1 1556/1339/1
f 1467/1342/1 1555/1341/1 1466/1340/1
f 1467/1342/1 1554/1343/1 1555/1341/1
f 1468/1344/1 1554/1343/1 1467/1342/1
f 1468/1344/1 1553/1345/1 1554/1343/1
f 1469/1346/1 1553/1345/1 1468/1344/1
f 1469/1346/1 1552/1347/1 1553/1345/1
f 1470/1348/1 1552/1347/1 1469/1346/1
f 1470/1348/1 1551/1349/1 1552/1347/1
f 1471/1350/1 1551/1349/1 1470/1348/1
f 1471/1350/1 1550/1351/1 1551/1349/1
f 1472/1352/1 1550/1351/1 1471/1350/1
f 1472/1352/1 1549/1353/1 1550/1351/1
f 1473/1354/1 1549/1353/1 1472/1352/1
f 1473/1354/1 1548/1355/1 1549/1353/1
f 1474/1356/1 1548/1355/1 1473/1354/1
f 1474/1356/1 1547/1357/1 1548/1355/1
f 1475/1358/1 1547/1357/1 1474/1356/1
f 1475/1358/1 1546/1359/1 1547/1357/1
f 1476/1360/1 1546/1359/1 1475/1358/1
f 1476/1360/1 1545/1361/1 1546/1359/1
f 1477/1362/1 1545/1361/1 1476/1360/1
f 1477/1362/1 1544/1363/1 1545/1361/1
f 1478/1364/1 1544/1363/1 1477/1362/1
f 1478/1364/1 1543/1365/1 1544/1363/1
f 1479/1366/1 1543/1365/1 1478/1364/1
f 1479/1366/1 1542/1367/1 1543/1365/1
f 1480/1368/1 1542/1367/1 1479/1366/1
f 1480/1368/1 1541/1369/1 1542/1367/1
f 1481/1370/1 1541/1369/1 1480/1368/1
f 1481/1370/1 1540/1371/1 1541/1369/1
f 1482/985/1 1540/1371/1 1481/1370/1
f 1482/985/1 1539/1065/1 1540/1371/1
f 1483/1372/1 1539/1065/1 1482/985/1
f 1483/1372/1 1538/1373/1 1539/1065/1
f 1484/1374/1 1538/1373/1 1483/1372/1
f 1484/1374/1 1537/1375/1 1538/1373/1
f 1485/1376/1 1537/1375/1 1484/1374/1
f 1485/1376/1 1536/1377/1 1537/1375/1
f 1486/1378/1 1536/1377/1 1485/1376/1
f 1486/1378/1 1535/1379/1 1536/1377/1
f 1487/1380/1 1535/1379/1 1486/1378/1
f 1487/1380/1 1534/1381/1 1535/1379/1
f 1488/1382/1 1534/1381/1 1487/1380/1
f 1488/1382/1 1533/1383/1 1534/1381/1
f 1489/1384/1 1533/1383/1 1488/1382/1
f 1489/1384/1 1532/1385/1 1533/1383/1
f 1490/1386/1 1532/1385/1 1489/1384/1
f 1490/1386/1 1531/1387/1 1532/1385/1
f 1491/1388/1 1531/1387/1 1490/1386/1
f 1492/1389/1 1531/1387/1 1491/1388/1
f 1492/1389/1 1530/1390/1 1531/1387/1
f 1493/1391/1 1530/1390/1 1492/1389/1
f 1493/1391/1 1529/1392/1 1530/1390/1
f 1494/1393/1 1529/1392/1 1493/1391/1
f 1494/1393/1 1528/1394/1 1529/1392/1
f 1495/1395/1 1528/1394/1 1494/1393/1
f 1496/1396/1 1528/1394/1 1495/1395/1
f 1496/1396/1 1527/1397/1 1528/1394/1
f 1497/1398/1 1527/1397/1 1496/1396/1
f 1497/1398/1 1526/1399/1 1527/1397/1
f 1498/1400/1 1526/1399/1 1497/1398/1
f 1498/1400/1 1525/1401/1 1526/1399/1
f 1499/1402/1 1525/1401/1 1498/1400/1
f 1499/1402/1 1524/1403/1 1525/1401/1
f 1500/1404/1 1524/1403/1 1499/1402/1
f 1501/572/1 1524/1403/1 1500/1404/1
f 1501/572/1 1523/1405/1 1524/1403/1
f 1502/1406/1 1523/1405/1 1501/572/1
f 1502/1406/1 1522/1407/1 1523/1405/1
f 1503/1408/1 1522/1407/1 1502/1406/1
f 1504/1409/1 1522/1407/1 1503/1408/1
f 1504/1409/1 1521/1410/1 1522/1407/1
f 1505/1411/1 1521/1410/1 1504/1409/1
f 1505/1411/1 1520/1092/1 1521/1410/1
f 1506/1412/1 1520/1092/1 1505/1411/1
f 1507/1413/1 1520/1092/1 1506/1412/1
f 1507/1413/1 1519/1414/1 1520/1092/1
f 1508/1415/1 1519/1414/1 1507/1413/1
f 1509/1416/1 1519/1414/1 1508/1415/1
f 1509/1416/1 1518/1417/1 1519/1414/1
f 1510/1418/1 1518/1417/1 1509/1416/1
f 1511/1419/1 1518/1417/1 1510/1418/1
f 1511/1419/1 1517/1420/1 1518/1417/1
f 1511/1419/1 1516/1421/1 1517/1420/1
f 1511/1419/1 1515/1422/1 1516/1421/1
f 1511/1419/1 1514/1423/1 1515/1422/1
f 1511/1419/1 1513/1424/1 1514/1423/1
f 1511/1419/1 1512/1425/1 1513/1424/1
f 1389/1426/1 1387/132/1 1388/1427/1
f 1389/1426/1 1460/1428/1 1387/132/1
f 1389/1426/1 1459/1429/1 1460/1428/1
f 1390/1430/1 1459/1429/1 1389/1426/1
f 1390/1430/1 1458/1431/1 1459/1429/1
f 1391/1432/1 1458/1431/1 1390/1430/1
f 1391/1432/1 1457/1433/1 1458/1431/1
f 1392/1434/1 1457/1433/1 1391/1432/1
f 1392/1434/1 1456/1435/1 1457/1433/1
f 1393/1436/1 1456/1435/1 1392/1434/1
f 1393/1436/1 1455/1437/1 1456/1435/1
f 1394/1438/1 1455/1437/1 1393/1436/1
f 1394/1438/1 1454/1439/1 1455/1437/1
f 1395/1440/1 1454/1439/1 1394/1438/1
f 1395/1440/1 1453/1441/1 1454/1439/1
f 1396/1442/1 1453/1441/1 1395/1440/1
f 1396/1442/1 1452/1443/1 1453/1441/1
f 1397/1444/1 1452/1443/1 1396/1442/1
f 1397/1444/1 1451/1445/1 1452/1443/1
f 1398/1446/1 1451/1445/1 1397/1444/1
f 1398/1446/1 1450/1447/1 1451/1445/1
f 1399/1448/1 1450/1447/1 1398/1446/1
f 1399/1448/1 1449/1449/1 1450/1447/1
f 1400/1450/1 1449/1449/1 1399/1448/1
f 1401/1451/1 1449/1449/1 1400/1450/1
f 1401/1451/1 1448/1452/1 1449/1449/1
f 1402/1453/1 1448/1452/1 1401/1451/1
f 1402/1453/1 1447/1454/1 1448/1452/1
f 1403/1455/1 1447/1454/1 1402/1453/1
f 1403/1455/1 1446/1456/1 1447/1454/1
f 1404/1457/1 1446/1456/1 1403/1455/1
f 1404/1457/1 1445/1458/1 1446/1456/1
f 1405/1459/1 1445/1458/1 1404/1457/1
f 1405/1459/1 1444/320/1 1445/1458/1
f 1406/1040/1 1444/320/1 1405/1459/1
f 1406/1040/1 1443/1460/1 1444/320/1
f 1407/1461/1 1443/1460/1 1406/1040/1
f 1407/1461/1 1442/1462/1 1443/1460/1
f 1408/1463/1 1442/1462/1 1407/1461/1
f 1408/1463/1 1441/1464/1 1442/1462/1
f 1409/1465/1 1441/1464/1 1408/1463/1
f 1409/1465/1 1440/1466/1 1441/1464/1
f 1410/1467/1 1440/1466/1 1409/1465/1
f 1410/1467/1 1439/1468/1 1440/1466/1
f 1411/1469/1 1439/1468/1 1410/1467/1
f 1411/1469/1 1438/1470/1 1439/1468/1
f 1412/1471/1 1438/1470/1 1411/1469/1
f 1412/1471/1 1437/1472/1 1438/1470/1
f 1413/1473/1 1437/1472/1 1412/1471/1
f 1413/1473/1 1436/1474/1 1437/1472/1
f 1413/1473/1 1435/1475/1 1436/1474/1
f 1414/1476/1 1435/1475/1 1413/1473/1
f 1414/1476/1 1434/1477/1 1435/1475/1
f 1415/1478/1 1434/1477/1 1414/1476/1
f 1415/1478/1 1433/1479/1 1434/1477/1
f 1416/1480/1 1433/1479/1 1415/1478/1
f 1416/1480/1 1432/1481/1 1433/1479/1
f 1417/1482/1 1432/1481/1 1416/1480/1
f 1417/1482/1 1431/1483/1 1432/1481/1
f 1418/1484/1 1431/1483/1 1417/1482/1
f 1418/1484/1 1430/1485/1 1431/1483/1
f 1419/1486/1 1430/1485/1 1418/1484/1
f 1419/1486/1 1429/1487/1 1430/1485/1
f 1420/1488/1 1429/1487/1 1419/1486/1
f 1420/1488/1 1428/1489/1 1429/1487/1
f 1421/1490/1 1428/1489/1 1420/1488/1
f 1421/1490/1 1427/1491/1 1428/1489/1
f 1422/1492/1 1427/1491/1 1421/1490/1
f 1422/1492/1 1426/1493/1 1427/1491/1
f 1423/1494/1 1426/1493/1 1422/1492/1
f 1423/1494/1 1425/1125/1 1426/1493/1
f 1424/1495/1 1425/1125/1 1423/1494/1
f 1561/1126/1 1559/132/1 1560/1127/1
f 1562/1128/1 1559/132/1 1561/1126/1
f 1563/1129/1 1559/132/1 1562/1128/1
f 1564/1130/1 1559/132/1 1563/1129/1
f 1565/1131/1 1559/132/1 1564/1130/1
f 1565/1131/1 1685/2/1 1559/132/1
f 1566/1013/1 1685/2/1 1565/1131/1
f 1566/1013/1 1684/1132/1 1685/2/1
f 1567/1133/1 1684/1132/1 1566/1013/1
f 1567/1133/1 1683/1134/1 1684/1132/1
f 1568/150/1 1683/1134/1 1567/1133/1
f 1568/150/1 1682/1135/1 1683/1134/1
f 1569/1136/1 1682/1135/1 1568/150/1
f 1569/1136/1 1681/1137/1 1682/1135/1
f 1570/1138/1 1681/1137/1 1569/1136/1
f 1570/1138/1 1680/1139/1 1681/1137/1
f 1571/1140/1 1680/1139/1 1570/1138/1
f 1571/1140/1 1679/1141/1 1680/1139/1
f 1572/1142/1 1679/1141/1 1571/1140/1
f 1573/1040/1 1679/1141/1 1572/1142/1
f 1573/1040/1 1678/1074/1 1679/1141/1
f 1573/1040/1 1677/1143/1 1678/1074/1
f 1573/1040/1 1676/83/1 1677/1143/1
f 1573/1040/1 1675/1144/1 1676/83/1
f 1574/1145/1 1675/1144/1 1573/1040/1
f 1574/1145/1 1674/1146/1 1675/1144/1
f 1574/1145/1 1673/1147/1 1674/1146/1
f 1575/1148/1 1673/1147/1 1574/1145/1
f 1661/1149/1 1659/1150/1 1660/1151/1
f 1662/1152/1 1659/1150/1 1661/1149/1
f 1663/1153/1 1659/1150/1 1662/1152/1
f 1664/475/1 1659/1150/1 1663/1153/1
f 1665/1154/1 1659/1150/1 1664/475/1
f 1666/1155/1 1659/1150/1 1665/1154/1
f 1667/76/1 1659/1150/1 1666/1155/1
f 1668/1156/1 1659/1150/1 1667/76/1
f 1669/1157/1 1659/1150/1 1668/1156/1
f 1670/1158/1 1659/1150/1 1669/1157/1
f 1671/1065/1 1659/1150/1 1670/1158/1
f 1672/1159/1 1659/1150/1 1671/1065/1
f 1575/1148/1 1672/1159/1 1673/1147/1
f 1575/1148/1 1659/1150/1 1672/1159/1
f 1576/1160/1 1659/1150/1 1575/1148/1
f 1576/1160/1 1658/61/1 1659/1150/1
f 1577/185/1 1658/61/1 1576/1160/1
f 1577/185/1 1657/1092/1 1658/61/1
f 1577/185/1 1656/1161/1 1657/1092/1
f 1577/185/1 1655/1162/1 1656/1161/1
f 1577/185/1 1654/1163/1 1655/1162/1
f 1577/185/1 1653/1164/1 1654/1163/1
f 1577/185/1 1652/1165/1 1653/1164/1
f 1577/185/1 1651/1166/1 1652/1165/1
f 1578/1167/1 1597/1168/1 1577/185/1
f 1597/1168/1 1651/1166/1 1577/185/1
f 1597/1168/1 1650/1076/1 1651/1166/1
f 1597/1168/1 1598/1169/1 1650/1076/1
f 1598/1169/1 1649/6/1 1650/1076/1
f 1578/1167/1 1596/1170/1 1597/1168/1
f 1599/1171/1 1649/6/1 1598/1169/1
f 1599/1171/1 1648/1172/1 1649/6/1
f 1599/1171/1 1647/1173/1 1648/1172/1
f 1599/1171/1 1646/1174/1 1647/1173/1
f 1579/1175/1 1596/1170/1 1578/1167/1
f 1579/1175/1 1595/199/1 1596/1170/1
f 1600/1176/1 1646/1174/1 1599/1171/1
f 1600/1176/1 1645/1177/1 1646/1174/1
f 1579/1175/1 1594/1109/1 1595/199/1
f 1601/320/1 1645/1177/1 1600/1176/1
f 1580/246/1 1594/1109/1 1579/1175/1
f 1580/246/1 1593/1178/1 1594/1109/1
f 1601/320/1 1644/1179/1 1645/1177/1
f 1602/1180/1 1644/1179/1 1601/320/1
f 1581/1181/1 1593/1178/1 1580/246/1
f 1581/1181/1 1592/1182/1 1593/1178/1
f 1602/1180/1 1643/572/1 1644/1179/1
f 1603/1183/1 1643/572/1 1602/1180/1
f 1581/1181/1 1591/1184/1 1592/1182/1
f 1582/1185/1 1591/1184/1 1581/1181/1
f 1603/1183/1 1642/1186/1 1643/572/1
f 1582/1185/1 1590/1187/1 1591/1184/1
f 1604/223/1 1642/1186/1 1603/1183/1
f 1583/1188/1 1590/1187/1 1582/1185/1
f 1583/1188/1 1589/1189/1 1590/1187/1
f 1604/223/1 1641/1190/1 1642/1186/1
f 1605/1191/1 1641/1190/1 1604/223/1
f 1584/1192/1 1589/1189/1 1583/1188/1
f 1584/1192/1 1588/1193/1 1589/1189/1
f 1605/1191/1 1640/37/1 1641/1190/1
f 1606/1194/1 1640/37/1 1605/1191/1
f 1584/1192/1 1587/1125/1 1588/1193/1
f 1585/1195/1 1587/1125/1 1584/1192/1
f 1585/1195/1 1586/144/1 1587/1125/1
f 1607/1196/1 1640/37/1 1606/1194/1
f 1607/1196/1 1639/1197/1 1640/37/1
f 1608/1025/1 1639/1197/1 1607/1196/1
f 1608/1025/1 1638/1198/1 1639/1197/1
f 1609/1199/1 1638/1198/1 1608/1025/1
f 1609/1199/1 1637/1200/1 1638/1198/1
f 1610/1201/1 1637/1200/1 1609/1199/1
f 1610/1201/1 1636/994/1 1637/1200/1
f 1611/1202/1 1636/994/1 1610/1201/1
f 1611/1202/1 1635/1203/1 1636/994/1
f 1612/1204/1 1635/1203/1 1611/1202/1
f 1612/1204/1 1634/1205/1 1635/1203/1
f 1613/222/1 1634/1205/1 1612/1204/1
f 1613/222/1 1633/1206/1 1634/1205/1
f 1614/1207/1 1633/1206/1 1613/222/1
f 1614/1207/1 1632/1208/1 1633/1206/1
f 1615/1018/1 1632/1208/1 1614/1207/1
f 1616/1209/1 1632/1208/1 1615/1018/1
f 1616/1209/1 1631/116/1 1632/1208/1
f 1617/1210/1 1631/116/1 1616/1209/1
f 1617/1210/1 1630/1211/1 1631/116/1
f 1618/1212/1 1630/1211/1 1617/1210/1
f 1618/1212/1 1629/985/1 1630/1211/1
f 1619/1213/1 1629/985/1 1618/1212/1
f 1619/1213/1 1628/1214/1 1629/985/1
f 1620/1215/1 1628/1214/1 1619/1213/1
f 1620/1215/1 1627/1216/1 1628/1214/1
f 1621/1217/1 1627/1216/1 1620/1215/1
f 1622/113/1 1627/1216/1 1621/1217/1
f 1622/113/1 1626/1218/1 1627/1216/1
f 1623/1219/1 1626/1218/1 1622/113/1
f 1623/1219/1 1625/1220/1 1626/1218/1
f 1623/1219/1 1624/1221/1 1625/1220/1
f 1687/1496/1 1776/2/1 1686/132/1
f 1687/1496/1 1775/1497/1 1776/2/1
f 1688/1498/1 1775/1497/1 1687/1496/1
f 1688/1498/1 1774/1499/1 1775/1497/1
f 1689/1500/1 1774/1499/1 1688/1498/1
f 1689/1500/1 1773/1501/1 1774/1499/1
f 1690/1502/1 1773/1501/1 1689/1500/1
f 1690/1502/1 1772/1503/1 1773/1501/1
f 1691/1013/1 1772/1503/1 1690/1502/1
f 1691/1013/1 1771/1074/1 1772/1503/1
f 1692/1504/1 1771/1074/1 1691/1013/1
f 1692/1504/1 1770/1505/1 1771/1074/1
f 1693/1506/1 1770/1505/1 1692/1504/1
f 1693/1506/1 1769/1507/1 1770/1505/1
f 1694/1508/1 1769/1507/1 1693/1506/1
f 1694/1508/1 1768/1509/1 1769/1507/1
f 1695/900/1 1768/1509/1 1694/1508/1
f 1695/900/1 1767/796/1 1768/1509/1
f 1696/1040/1 1767/796/1 1695/900/1
f 1696/1040/1 1766/1065/1 1767/796/1
f 1697/1510/1 1766/1065/1 1696/1040/1
f 1697/1510/1 1765/1511/1 1766/1065/1
f 1698/1512/1 1765/1511/1 1697/1510/1
f 1698/1512/1 1764/1513/1 1765/1511/1
f 1700/1514/1 1698/1512/1 1699/1515/1
f 1700/1514/1 1764/1513/1 1698/1512/1
f 1700/1514/1 1763/1516/1 1764/1513/1
f 1700/1514/1 1762/1517/1 1763/1516/1
f 1701/246/1 1762/1517/1 1700/1514/1
f 1702/1518/1 1761/475/1 1701/246/1
f 1761/475/2 1762/1517/2 1701/246/2
f 1702/1518/1 1760/1519/1 1761/475/1
f 1702/1518/1 1759/1520/1 1760/1519/1
f 1702/1518/1 1758/818/1 1759/1520/1
f 1702/1518/1 1757/1521/1 1758/818/1
f 1703/1522/1 1757/1521/1 1702/1518/1
f 1703/1522/1 1756/1092/1 1757/1521/1
f 1703/1522/1 1755/1523/1 1756/1092/1
f 1703/1522/1 1754/1524/1 1755/1523/1
f 1704/921/1 1754/1524/1 1703/1522/1
f 1704/921/1 1753/1525/1 1754/1524/1
f 1704/921/1 1752/1526/1 1753/1525/1
f 1704/921/1 1751/1076/1 1752/1526/1
f 1705/1527/1 1751/1076/1 1704/921/1
f 1705/1527/1 1750/1528/1 1751/1076/1
f 1705/1527/1 1749/794/1 1750/1528/1
f 1705/1527/1 1737/1529/1 1749/794/1
f 1737/1529/1 1748/1530/1 1749/794/1
f 1737/1529/1 1747/1531/1 1748/1530/1
f 1705/1527/1 1736/985/1 1737/1529/1
f 1738/1532/1 1747/1531/1 1737/1529/1
f 1706/1125/1 1736/985/1 1705/1527/1
f 1706/1125/1 1735/1533/1 1736/985/1
f 1707/1534/1 1735/1533/1 1706/1125/1
f 1739/1535/1 1747/1531/1 1738/1532/1
f 1740/782/1 1746/572/1 1739/1535/1
f 1746/572/1 1747/1531/1 1739/1535/1
f 1740/782/1 1745/1536/1 1746/572/1
f 1707/1534/1 1734/1537/1 1735/1533/1
f 1708/1538/1 1734/1537/1 1707/1534/1
f 1708/1538/1 1733/1539/1 1734/1537/1
f 1709/1540/1 1733/1539/1 1708/1538/1
f 1709/1540/1 1732/1541/1 1733/1539/1
f 1709/1540/1 1731/113/1 1732/1541/1
f 1710/1542/1 1731/113/1 1709/1540/1
f 1710/1542/1 1730/1543/1 1731/113/1
f 1711/1109/1 1730/1543/1 1710/1542/1
f 1711/1109/1 1729/1544/1 1730/1543/1
f 1712/1545/1 1729/1544/1 1711/1109/1
f 1712/1545/1 1728/1546/1 1729/1544/1
f 1713/969/1 1728/1546/1 1712/1545/1
f 1713/969/1 1727/1547/1 1728/1546/1
f 1714/1548/1 1727/1547/1 1713/969/1
f 1714/1548/1 1726/1018/1 1727/1547/1
f 1715/1549/1 1726/1018/1 1714/1548/1
f 1716/320/1 1726/1018/1 1715/1549/1
f 1717/1550/1 1726/1018/1 1716/320/1
f 1742/1551/1 1740/782/1 1741/994/1
f 1742/1551/1 1745/1536/1 1740/782/1
f 1742/1551/1 1744/1552/1 1745/1536/1
f 1742/1551/1 1743/1553/1 1744/1552/1
f 1718/1554/1 1726/1018/1 1717/1550/1
f 1719/1555/1 1726/1018/1 1718/1554/1
f 1720/1556/1 1726/1018/1 1719/1555/1
f 1720/1556/1 1721/1025/1 1726/1018/1
f 1721/1025/1 1722/901/1 1726/1018/1
f 1722/901/1 1723/1557/1 1726/1018/1
f 1723/1557/1 1724/1558/1 1726/1018/1
f 1724/1558/1 1725/1559/1 1726/1018/1
f 1833/921/1 1831/1560/1 1832/1561/1
f 1778/1562/1 2041/1563/1 1777/132/1
f 1778/1562/1 2040/1564/1 2041/1563/1
f 1834/1565/1 1831/1560/1 1833/921/1
f 1835/1566/1 1831/1560/1 1834/1565/1
f 1836/1567/1 1831/1560/1 1835/1566/1
f 1837/144/1 1831/1560/1 1836/1567/1
f 1779/1568/1 2040/1564/1 1778/1562/1
f 1779/1568/1 2039/1569/1 2040/1564/1
f 1838/1570/1 1831/1560/1 1837/144/1
f 1839/1571/1 1831/1560/1 1838/1570/1
f 1840/1572/1 1831/1560/1 1839/1571/1
f 1841/1573/1 1831/1560/1 1840/1572/1
f 1780/1574/1 2039/1569/1 1779/1568/1
f 1780/1574/1 2038/1575/1 2039/1569/1
f 1842/1576/1 1831/1560/1 1841/1573/1
f 1843/1577/1 1831/1560/1 1842/1576/1
f 1844/1578/1 1831/1560/1 1843/1577/1
f 1845/1579/1 1831/1560/1 1844/1578/1
f 1846/1580/1 1831/1560/1 1845/1579/1
f 1847/646/1 1831/1560/1 1846/1580/1
f 1847/646/1 1830/1581/1 1831/1560/1
f 1781/1582/1 2038/1575/1 1780/1574/1
f 1781/1582/1 2037/83/1 2038/1575/1
f 1847/646/1 1829/1583/1 1830/1581/1
f 1848/1584/1 1829/1583/1 1847/646/1
f 1848/1584/1 1828/1585/1 1829/1583/1
f 1848/1584/1 1827/1586/1 1828/1585/1
f 1849/1587/1 1827/1586/1 1848/1584/1
f 1849/1587/1 1826/1588/1 1827/1586/1
f 1849/1587/1 1825/1589/1 1826/1588/1
f 1850/1590/1 1825/1589/1 1849/1587/1
f 1850/1590/1 1824/1591/1 1825/1589/1
f 1850/1590/1 1823/1592/1 1824/1591/1
f 1851/1593/1 1823/1592/1 1850/1590/1
f 1782/1594/1 2037/83/1 1781/1582/1
f 1782/1594/1 2036/1595/1 2037/83/1
f 1851/1593/1 1822/1596/1 1823/1592/1
f 1851/1593/1 1821/1597/1 1822/1596/1
f 1852/1598/1 1821/1597/1 1851/1593/1
f 1852/1598/1 1820/1599/1 1821/1597/1
f 1852/1598/1 1819/1600/1 1820/1599/1
f 1853/1601/1 1819/1600/1 1852/1598/1
f 1853/1601/1 1868/1602/1 1819/1600/1
f 1868/1602/1 1818/1603/1 1819/1600/1
f 1854/1604/1 1868/1602/1 1853/1601/1
f 1854/1604/1 1867/1605/1 1868/1602/1
f 1869/1606/1 1818/1603/1 1868/1602/1
f 1854/1604/1 1866/1607/1 1867/1605/1
f 1855/1608/1 1866/1607/1 1854/1604/1
f 1855/1608/1 1865/1609/1 1866/1607/1
f 1783/1610/1 2036/1595/1 1782/1594/1
f 1783/1610/1 2035/1611/1 2036/1595/1
f 1855/1608/1 1864/1612/1 1865/1609/1
f 1855/1608/1 1863/1613/1 1864/1612/1
f 1855/1608/1 1862/1614/1 1863/1613/1
f 1855/1608/1 1861/969/1 1862/1614/1
f 1856/1615/1 1861/969/1 1855/1608/1
f 1856/1615/1 1860/1616/1 1861/969/1
f 1856/1615/1 1859/1617/1 1860/1616/1
f 1856/1615/1 1858/1618/1 1859/1617/1
f 1856/1615/1 1857/199/1 1858/1618/1
f 1784/1619/1 2035/1611/1 1783/1610/1
f 1784/1619/1 2034/1620/1 2035/1611/1
f 1785/1621/1 2034/1620/1 1784/1619/1
f 1785/1621/1 2033/1622/1 2034/1620/1
f 1786/1623/1 2033/1622/1 1785/1621/1
f 1786/1623/1 2032/1624/1 2033/1622/1
f 1871/1625/1 1869/1606/1 1870/1626/1
f 1871/1625/1 1818/1603/1 1869/1606/1
f 1871/1625/1 1817/185/1 1818/1603/1
f 1871/1625/1 1816/1627/1 1817/185/1
f 1787/1628/1 2032/1624/1 1786/1623/1
f 1787/1628/1 2031/1629/1 2032/1624/1
f 1788/1630/1 2031/1629/1 1787/1628/1
f 1788/1630/1 2030/1631/1 2031/1629/1
f 1789/1632/1 2030/1631/1 1788/1630/1
f 1789/1632/1 2029/796/1 2030/1631/1
f 1872/1633/1 1816/1627/1 1871/1625/1
f 1873/1634/1 1815/1635/1 1872/1633/1
f 1815/1635/1 1816/1627/1 1872/1633/1
f 1873/1634/1 1814/1636/1 1815/1635/1
f 1791/1637/1 1789/1632/1 1790/1638/1
f 1791/1637/1 2029/796/1 1789/1632/1
f 1791/1637/1 2028/1639/1 2029/796/1
f 1791/1637/1 2027/1640/1 2028/1639/1
f 1791/1637/1 2026/1641/1 2027/1640/1
f 1791/1637/1 2025/1642/1 2026/1641/1
f 1791/1637/1 2024/1643/1 2025/1642/1
f 1791/1637/1 2023/1644/1 2024/1643/1
f 1791/1637/1 2022/1645/1 2023/1644/1
f 1791/1637/1 2021/1646/1 2022/1645/1
f 1791/1637/1 2020/1647/1 2021/1646/1
f 1791/1637/1 2019/1648/1 2020/1647/1
f 1791/1637/1 2018/1649/1 2019/1648/1
f 1791/1637/1 2017/76/1 2018/1649/1
f 1791/1637/1 2016/1650/1 2017/76/1
f 1791/1637/1 1931/1651/1 2016/1650/1
f 1931/1651/1 1932/1652/1 2016/1650/1
f 1932/1652/1 2015/1653/1 2016/1650/1
f 1875/1654/1 2050/1655/1 1874/1656/1
f 2050/1655/1 1873/1634/1 1874/1656/1
f 2050/1655/1 1814/1636/1 1873/1634/1
f 2050/1655/1 1813/1657/1 1814/1636/1
f 2050/1655/1 2051/1658/1 1813/1657/1
f 2051/1658/1 2054/1659/1 1813/1657/1
f 2054/1659/1 2055/1660/1 1813/1657/1
f 2055/1660/1 1812/1661/1 1813/1657/1
f 1792/1662/1 1931/1651/1 1791/1637/1
f 1793/1663/1 1931/1651/1 1792/1662/1
f 1793/1663/1 1930/1664/1 1931/1651/1
f 1933/1665/1 2015/1653/1 1932/1652/1
f 1875/1654/1 2053/1666/1 2050/1655/1
f 2052/1667/1 2054/1659/1 2051/1658/1
f 2052/1667/1 2057/2/1 2054/1659/1
f 2056/1668/1 1812/1661/1 2055/1660/1
f 1794/1669/1 1930/1664/1 1793/1663/1
f 1794/1669/1 1929/1670/1 1930/1664/1
f 1933/1665/1 2014/1671/1 2015/1653/1
f 1934/1672/1 2014/1671/1 1933/1665/1
f 1795/1673/1 1929/1670/1 1794/1669/1
f 1875/1654/1 2042/1674/1 2053/1666/1
f 2042/1674/1 2052/1667/1 2053/1666/1
f 2042/1674/1 2057/2/1 2052/1667/1
f 2042/1674/1 2056/1668/1 2057/2/1
f 2042/1674/1 2043/1675/1 2056/1668/1
f 2043/1675/1 2046/1676/1 2056/1668/1
f 2046/1676/1 2047/1677/1 2056/1668/1
f 2047/1677/1 1812/1661/1 2056/1668/1
f 1795/1673/1 1928/1678/1 1929/1670/1
f 1796/1679/1 1928/1678/1 1795/1673/1
f 1934/1672/1 2013/1680/1 2014/1671/1
f 1875/1654/1 2045/1681/1 2042/1674/1
f 2044/1682/1 2046/1676/1 2043/1675/1
f 2044/1682/1 2049/1683/1 2046/1676/1
f 2048/1684/1 1812/1661/1 2047/1677/1
f 1935/1685/1 2013/1680/1 1934/1672/1
f 1797/150/1 1928/1678/1 1796/1679/1
f 1797/150/1 1927/1686/1 1928/1678/1
f 1798/1687/1 1927/1686/1 1797/150/1
f 1936/1688/1 2013/1680/1 1935/1685/1
f 1936/1688/1 2012/1689/1 2013/1680/1
f 1875/1654/1 2044/1682/1 2045/1681/1
f 1875/1654/1 2049/1683/1 2044/1682/1
f 1875/1654/1 2048/1684/1 2049/1683/1
f 1875/1654/1 1812/1661/1 2048/1684/1
f 1798/1687/1 1926/1690/1 1927/1686/1
f 1799/1691/1 1926/1690/1 1798/1687/1
f 1876/1692/1 1812/1661/1 1875/1654/1
f 1877/223/1 1811/1693/1 1876/1692/1
f 1811/1693/1 1812/1661/1 1876/1692/1
f 1877/223/1 1810/1694/1 1811/1693/1
f 1937/116/1 2012/1689/1 1936/1688/1
f 1800/1695/1 1926/1690/1 1799/1691/1
f 1937/116/1 2011/1696/1 2012/1689/1
f 1800/1695/1 1925/1697/1 1926/1690/1
f 1801/1698/1 1925/1697/1 1800/1695/1
f 1938/1699/1 2011/1696/1 1937/116/1
f 1879/1700/1 1877/223/1 1878/1701/1
f 1879/1700/1 1810/1694/1 1877/223/1
f 1879/1700/1 1809/1702/1 1810/1694/1
f 1879/1700/1 1808/1703/1 1809/1702/1
f 1801/1698/1 1924/1704/1 1925/1697/1
f 1938/1699/1 2010/1705/1 2011/1696/1
f 1802/1706/1 1924/1704/1 1801/1698/1
f 1939/1707/1 2010/1705/1 1938/1699/1
f 1803/1708/1 1924/1704/1 1802/1706/1
f 1880/1709/1 1808/1703/1 1879/1700/1
f 1881/1710/1 1807/1711/1 1880/1709/1
f 1807/1711/1 1808/1703/1 1880/1709/1
f 1881/1710/1 1806/1712/1 1807/1711/1
f 1803/1708/1 1923/1713/1 1924/1704/1
f 1939/1707/1 2009/1714/1 2010/1705/1
f 1940/1715/1 2009/1714/1 1939/1707/1
f 1804/1716/1 1923/1713/1 1803/1708/1
f 1940/1715/1 2008/1717/1 2009/1714/1
f 1941/1718/1 2008/1717/1 1940/1715/1
f 1804/1716/1 1922/1719/1 1923/1713/1
f 1806/1712/1 1804/1716/1 1805/900/1
f 1806/1712/1 1922/1719/1 1804/1716/1
f 1942/1720/1 2008/1717/1 1941/1718/1
f 1881/1710/1 1922/1719/1 1806/1712/1
f 1942/1720/1 2007/1721/1 2008/1717/1
f 1882/1722/1 1922/1719/1 1881/1710/1
f 1943/1723/1 2007/1721/1 1942/1720/1
f 1882/1722/1 1895/1724/1 1922/1719/1
f 1895/1724/1 1921/1725/1 1922/1719/1
f 1883/1726/1 1895/1724/1 1882/1722/1
f 1944/1727/1 2007/1721/1 1943/1723/1
f 1944/1727/1 2006/1728/1 2007/1721/1
f 1945/782/1 2006/1728/1 1944/1727/1
f 1946/1729/1 2006/1728/1 1945/782/1
f 1883/1726/1 1894/1730/1 1895/1724/1
f 1896/1731/1 1921/1725/1 1895/1724/1
f 1947/1732/1 2006/1728/1 1946/1729/1
f 1897/222/1 1921/1725/1 1896/1731/1
f 1948/1733/1 2006/1728/1 1947/1732/1
f 1883/1726/1 1893/1734/1 1894/1730/1
f 1949/1735/1 2006/1728/1 1948/1733/1
f 1898/1736/1 1921/1725/1 1897/222/1
f 1969/1737/1 1967/1738/1 1968/1739/1
f 1950/1740/1 2006/1728/1 1949/1735/1
f 1969/1737/1 1966/1741/1 1967/1738/1
f 1951/1742/1 2006/1728/1 1950/1740/1
f 1969/1737/1 1965/1743/1 1966/1741/1
f 1883/1726/1 1892/1744/1 1893/1734/1
f 1899/1745/1 1921/1725/1 1898/1736/1
f 1952/1746/1 2006/1728/1 1951/1742/1
f 1969/1737/1 1964/1747/1 1965/1743/1
f 1969/1737/1 1963/1748/1 1964/1747/1
f 1952/1746/1 2005/1749/1 2006/1728/1
f 1953/1750/1 2005/1749/1 1952/1746/1
f 1969/1737/1 1962/1751/1 1963/1748/1
f 1954/1752/1 2005/1749/1 1953/1750/1
f 1969/1737/1 1961/1753/1 1962/1751/1
f 1969/1737/1 1960/1754/1 1961/1753/1
f 1955/1755/1 2005/1749/1 1954/1752/1
f 1969/1737/1 1959/1756/1 1960/1754/1
f 1969/1737/1 1958/1757/1 1959/1756/1
f 1956/1758/1 2005/1749/1 1955/1755/1
f 1969/1737/1 1957/37/1 1958/1757/1
f 1969/1737/1 1956/1758/1 1957/37/1
f 1969/1737/1 2005/1749/1 1956/1758/1
f 1900/1759/1 1921/1725/1 1899/1745/1
f 1970/1760/1 2005/1749/1 1969/1737/1
f 1883/1726/1 1891/1761/1 1892/1744/1
f 1901/1762/1 1921/1725/1 1900/1759/1
f 1901/1762/1 1920/1763/1 1921/1725/1
f 1883/1726/1 1890/1764/1 1891/1761/1
f 1971/1765/1 2005/1749/1 1970/1760/1
f 1902/1766/1 1920/1763/1 1901/1762/1
f 1903/1767/1 1920/1763/1 1902/1766/1
f 1883/1726/1 1889/901/1 1890/1764/1
f 1904/1768/1 1920/1763/1 1903/1767/1
f 1972/1769/1 2005/1749/1 1971/1765/1
f 1883/1726/1 1888/1770/1 1889/901/1
f 1905/1771/1 1920/1763/1 1904/1768/1
f 1972/1769/1 2004/1772/1 2005/1749/1
f 1906/1773/1 1920/1763/1 1905/1771/1
f 1973/794/1 2004/1772/1 1972/1769/1
f 1883/1726/1 1887/1774/1 1888/1770/1
f 1907/1775/1 1920/1763/1 1906/1773/1
f 1883/1726/1 1886/1776/1 1887/1774/1
f 1908/1777/1 1920/1763/1 1907/1775/1
f 1974/1778/1 2004/1772/1 1973/794/1
f 1883/1726/1 1885/1779/1 1886/1776/1
f 1909/1780/1 1920/1763/1 1908/1777/1
f 1974/1778/1 2003/1781/1 2004/1772/1
f 1883/1726/1 1884/1782/1 1885/1779/1
f 1910/1783/1 1920/1763/1 1909/1780/1
f 1975/1784/1 2003/1781/1 1974/1778/1
f 1911/1785/1 1920/1763/1 1910/1783/1
f 1975/1784/1 2002/1786/1 2003/1781/1
f 1976/1787/1 2002/1786/1 1975/1784/1
f 1912/1788/1 1920/1763/1 1911/1785/1
f 1976/1787/1 2001/818/1 2002/1786/1
f 1912/1788/1 1913/1789/1 1920/1763/1
f 1913/1789/1 1914/1790/1 1920/1763/1
f 1914/1790/1 1915/1791/1 1920/1763/1
f 1915/1791/1 1916/1792/1 1920/1763/1
f 1916/1792/1 1917/113/1 1920/1763/1
f 1917/113/1 1918/1793/1 1920/1763/1
f 1918/1793/1 1919/1794/1 1920/1763/1
f 1977/6/1 2001/818/1 1976/1787/1
f 1977/6/1 2000/1795/1 2001/818/1
f 1977/6/1 1999/1796/1 2000/1795/1
f 1978/1797/1 1999/1796/1 1977/6/1
f 1978/1797/1 1998/1798/1 1999/1796/1
f 1979/1799/1 1998/1798/1 1978/1797/1
f 1979/1799/1 1997/61/1 1998/1798/1
f 1979/1799/1 1996/1800/1 1997/61/1
f 1979/1799/1 1995/1801/1 1996/1800/1
f 1980/1802/1 1995/1801/1 1979/1799/1
f 1980/1802/1 1994/1803/1 1995/1801/1
f 1980/1802/1 1993/1804/1 1994/1803/1
f 1980/1802/1 1992/1805/1 1993/1804/1
f 1980/1802/1 1991/1806/1 1992/1805/1
f 1980/1802/1 1990/1807/1 1991/1806/1
f 1981/1808/1 1990/1807/1 1980/1802/1
f 1982/1809/1 1990/1807/1 1981/1808/1
f 1982/1809/1 1989/1810/1 1990/1807/1
f 1983/1811/1 1989/1810/1 1982/1809/1
f 1983/1811/1 1988/1812/1 1989/1810/1
f 1984/1813/1 1988/1812/1 1983/1811/1
f 1984/1813/1 1987/625/1 1988/1812/1
f 1985/1814/1 1987/625/1 1984/1813/1
f 1985/1814/1 1986/1815/1 1987/625/1
f 2245/1816/1 2243/1817/1 2244/1818/1
f 2059/1819/1 2179/1820/1 2058/132/1
f 2245/1816/1 2242/1821/1 2243/1817/1
f 2060/1822/1 2179/1820/1 2059/1819/1
f 2246/1823/1 2242/1821/1 2245/1816/1
f 2246/1823/1 2241/1824/1 2242/1821/1
f 2061/1825/1 2179/1820/1 2060/1822/1
f 2246/1823/1 2240/1826/1 2241/1824/1
f 2062/1827/1 2179/1820/1 2061/1825/1
f 2246/1823/1 2239/1828/1 2240/1826/1
f 2247/1829/1 2239/1828/1 2246/1823/1
f 2063/1830/1 2179/1820/1 2062/1827/1
f 2247/1829/1 2238/1831/1 2239/1828/1
f 2064/1832/1 2179/1820/1 2063/1830/1
f 2247/1829/1 2237/1833/1 2238/1831/1
f 2065/1834/1 2179/1820/1 2064/1832/1
f 2247/1829/1 2236/1835/1 2237/1833/1
f 2248/1836/1 2236/1835/1 2247/1829/1
f 2066/1837/1 2179/1820/1 2065/1834/1
f 2248/1836/1 2235/1838/1 2236/1835/1
f 2067/1839/1 2179/1820/1 2066/1837/1
f 2067/1839/1 2178/1840/1 2179/1820/1
f 2248/1836/1 2234/1841/1 2235/1838/1
f 2068/1842/1 2178/1840/1 2067/1839/1
f 2068/1842/1 2177/1843/1 2178/1840/1
f 2248/1836/1 2233/1844/1 2234/1841/1
f 2068/1842/1 2176/1845/1 2177/1843/1
f 2249/1846/1 2233/1844/1 2248/1836/1
f 2069/1847/1 2176/1845/1 2068/1842/1
f 2069/1847/1 2175/1848/1 2176/1845/1
f 2249/1846/1 2232/1849/1 2233/1844/1
f 2069/1847/1 2174/1850/1 2175/1848/1
f 2070/1851/1 2174/1850/1 2069/1847/1
f 2070/1851/1 2173/1852/1 2174/1850/1
f 2071/1853/1 2173/1852/1 2070/1851/1
f 2071/1853/1 2172/1854/1 2173/1852/1
f 2249/1846/1 2231/1855/1 2232/1849/1
f 2071/1853/1 2171/1856/1 2172/1854/1
f 2072/1857/1 2171/1856/1 2071/1853/1
f 2230/1858/1 2228/1859/1 2229/1860/1
f 2072/1857/1 2170/1861/1 2171/1856/1
f 2250/1862/1 2231/1855/1 2249/1846/1
f 2250/1862/1 2230/1858/1 2231/1855/1
f 2250/1862/1 2228/1859/1 2230/1858/1
f 2073/1863/1 2170/1861/1 2072/1857/1
f 2073/1863/1 2169/1864/1 2170/1861/1
f 2073/1863/1 2168/1865/1 2169/1864/1
f 2074/1866/1 2168/1865/1 2073/1863/1
f 2074/1866/1 2167/1867/1 2168/1865/1
f 2074/1866/1 2094/1868/1 2167/1867/1
f 2094/1868/1 2166/1869/1 2167/1867/1
f 2075/1870/1 2094/1868/1 2074/1866/1
f 2076/1871/1 2094/1868/1 2075/1870/1
f 2251/1872/1 2228/1859/1 2250/1862/1
f 2251/1872/1 2227/1873/1 2228/1859/1
f 2077/1874/1 2094/1868/1 2076/1871/1
f 2078/1875/1 2094/1868/1 2077/1874/1
f 2078/1875/1 2093/1876/1 2094/1868/1
f 2095/1877/1 2166/1869/1 2094/1868/1
f 2078/1875/1 2092/1878/1 2093/1876/1
f 2079/1879/1 2092/1878/1 2078/1875/1
f 2079/1879/1 2091/1880/1 2092/1878/1
f 2079/1879/1 2090/1881/1 2091/1880/1
f 2079/1879/1 2089/1882/1 2090/1881/1
f 2080/1883/1 2089/1882/1 2079/1879/1
f 2252/1884/1 2281/1885/1 2251/1872/1
f 2281/1885/1 2227/1873/1 2251/1872/1
f 2080/1883/1 2088/1886/1 2089/1882/1
f 2080/1883/1 2087/1887/1 2088/1886/1
f 2081/1888/1 2087/1887/1 2080/1883/1
f 2081/1888/1 2086/1889/1 2087/1887/1
f 2081/1888/1 2085/1890/1 2086/1889/1
f 2081/1888/1 2084/1891/1 2085/1890/1
f 2082/1892/1 2084/1891/1 2081/1888/1
f 2082/1892/1 2083/1893/1 2084/1891/1
f 2253/1894/1 2280/1895/1 2252/1884/1
f 2280/1895/1 2281/1885/1 2252/1884/1
f 2253/1894/1 2279/1896/1 2280/1895/1
f 2282/1897/1 2227/1873/1 2281/1885/1
f 2282/1897/1 2226/1898/1 2227/1873/1
f 2253/1894/1 2278/1899/1 2279/1896/1
f 2254/1900/1 2278/1899/1 2253/1894/1
f 2283/1901/1 2226/1898/1 2282/1897/1
f 2254/1900/1 2277/1902/1 2278/1899/1
f 2284/1903/1 2226/1898/1 2283/1901/1
f 2255/1904/1 2277/1902/1 2254/1900/1
f 2255/1904/1 2276/1905/1 2277/1902/1
f 2285/1906/1 2226/1898/1 2284/1903/1
f 2255/1904/1 2275/1907/1 2276/1905/1
f 2256/1908/1 2275/1907/1 2255/1904/1
f 2285/1906/1 2225/1909/1 2226/1898/1
f 2286/1910/1 2225/1909/1 2285/1906/1
f 2256/1908/1 2274/1911/1 2275/1907/1
f 2180/1912/1 2304/1913/1 2305/1914/1
f 2287/1915/1 2225/1909/1 2286/1910/1
f 2256/1908/1 2273/1916/1 2274/1911/1
f 2180/1912/1 2303/1917/1 2304/1913/1
f 2257/1918/1 2273/1916/1 2256/1908/1
f 2258/1919/1 2273/1916/1 2257/1918/1
f 2180/1912/1 2302/1920/1 2303/1917/1
f 2259/1921/1 2273/1916/1 2258/1919/1
f 2259/1921/1 2272/1922/1 2273/1916/1
f 2288/1923/1 2225/1909/1 2287/1915/1
f 2180/1912/1 2301/1924/1 2302/1920/1
f 2260/1925/1 2272/1922/1 2259/1921/1
f 2261/1926/1 2272/1922/1 2260/1925/1
f 2180/1912/1 2300/1927/1 2301/1924/1
f 2261/1926/1 2271/1928/1 2272/1922/1
f 2262/1929/1 2271/1928/1 2261/1926/1
f 2289/1930/1 2225/1909/1 2288/1923/1
f 2180/1912/1 2299/1931/1 2300/1927/1
f 2263/1932/1 2271/1928/1 2262/1929/1
f 2289/1930/1 2224/1933/1 2225/1909/1
f 2263/1932/1 2270/1934/1 2271/1928/1
f 2264/1935/1 2270/1934/1 2263/1932/1
f 2180/1912/1 2298/1936/1 2299/1931/1
f 2290/1937/1 2224/1933/1 2289/1930/1
f 2181/1938/1 2298/1936/1 2180/1912/1
f 2265/1939/1 2270/1934/1 2264/1935/1
f 2265/1939/1 2269/1940/1 2270/1934/1
f 2181/1938/1 2297/1941/1 2298/1936/1
f 2182/1942/1 2297/1941/1 2181/1938/1
f 2266/1943/1 2269/1940/1 2265/1939/1
f 2291/1944/1 2224/1933/1 2290/1937/1
f 2182/1942/1 2296/1945/1 2297/1941/1
f 2183/1946/1 2296/1945/1 2182/1942/1
f 2267/1947/1 2269/1940/1 2266/1943/1
f 2267/1947/1 2268/1948/1 2269/1940/1
f 2184/1949/1 2296/1945/1 2183/1946/1
f 2184/1949/1 2295/1950/1 2296/1945/1
f 2292/1951/1 2224/1933/1 2291/1944/1
f 2185/1952/1 2295/1950/1 2184/1949/1
f 2185/1952/1 2294/1953/1 2295/1950/1
f 2293/1954/1 2224/1933/1 2292/1951/1
f 2186/1955/1 2294/1953/1 2185/1952/1
f 2293/1954/1 2223/1956/1 2224/1933/1
f 2186/1955/1 2293/1954/1 2294/1953/1
f 2187/1957/1 2293/1954/1 2186/1955/1
f 2097/1958/1 2095/1877/1 2096/1959/1
f 2097/1958/1 2166/1869/1 2095/1877/1
f 2097/1958/1 2165/1960/1 2166/1869/1
f 2097/1958/1 2164/1961/1 2165/1960/1
f 2187/1957/1 2223/1956/1 2293/1954/1
f 2188/1962/1 2223/1956/1 2187/1957/1
f 2189/1963/1 2223/1956/1 2188/1962/1
f 2190/1964/1 2223/1956/1 2189/1963/1
f 2191/1965/1 2223/1956/1 2190/1964/1
f 2191/1965/1 2222/1966/1 2223/1956/1
f 2192/1967/1 2222/1966/1 2191/1965/1
f 2193/1968/1 2222/1966/1 2192/1967/1
f 2194/1969/1 2222/1966/1 2193/1968/1
f 2195/1970/1 2222/1966/1 2194/1969/1
f 2195/1970/1 2221/1971/1 2222/1966/1
f 2196/1972/1 2221/1971/1 2195/1970/1
f 2098/1973/1 2164/1961/1 2097/1958/1
f 2099/1974/1 2163/1975/1 2098/1973/1
f 2163/1975/1 2164/1961/1 2098/1973/1
f 2099/1974/1 2162/1976/1 2163/1975/1
f 2197/1977/1 2221/1971/1 2196/1972/1
f 2371/1978/1 2369/1979/1 2370/1980/1
f 2198/1981/1 2221/1971/1 2197/1977/1
f 2198/1981/1 2220/1982/1 2221/1971/1
f 2199/1983/1 2220/1982/1 2198/1981/1
f 2371/1978/1 2368/1984/1 2369/1979/1
f 2099/1974/1 2161/1985/1 2162/1976/1
f 2200/1986/1 2220/1982/1 2199/1983/1
f 2371/1978/1 2367/1987/1 2368/1984/1
f 2372/1988/1 2367/1987/1 2371/1978/1
f 2100/1989/1 2161/1985/1 2099/1974/1
f 2201/1990/1 2220/1982/1 2200/1986/1
f 2100/1989/1 2160/1991/1 2161/1985/1
f 2372/1988/1 2366/1992/1 2367/1987/1
f 2202/1993/1 2220/1982/1 2201/1990/1
f 2202/1993/1 2219/1994/1 2220/1982/1
f 2372/1988/1 2365/1995/1 2366/1992/1
f 2203/1996/1 2219/1994/1 2202/1993/1
f 2100/1989/1 2159/1997/1 2160/1991/1
f 2204/1998/1 2219/1994/1 2203/1996/1
f 2372/1988/1 2364/1999/1 2365/1995/1
f 2205/2000/1 2219/1994/1 2204/1998/1
f 2373/2001/1 2364/1999/1 2372/1988/1
f 2373/2001/1 2363/2002/1 2364/1999/1
f 2206/2003/1 2219/1994/1 2205/2000/1
f 2100/1989/1 2158/2004/1 2159/1997/1
f 2101/2005/1 2158/2004/1 2100/1989/1
f 2206/2003/1 2218/2006/1 2219/1994/1
f 2207/2007/1 2218/2006/1 2206/2003/1
f 2373/2001/1 2362/2008/1 2363/2002/1
f 2208/2009/1 2218/2006/1 2207/2007/1
f 2373/2001/1 2361/2010/1 2362/2008/1
f 2209/2011/1 2218/2006/1 2208/2009/1
f 2101/2005/1 2157/2012/1 2158/2004/1
f 2373/2001/1 2360/2013/1 2361/2010/1
f 2210/2014/1 2218/2006/1 2209/2011/1
f 2374/2015/1 2360/2013/1 2373/2001/1
f 2210/2014/1 2217/2016/1 2218/2006/1
f 2211/2017/1 2217/2016/1 2210/2014/1
f 2374/2015/1 2359/2018/1 2360/2013/1
f 2212/2019/1 2217/2016/1 2211/2017/1
f 2101/2005/1 2156/2020/1 2157/2012/1
f 2374/2015/1 2358/2021/1 2359/2018/1
f 2102/2022/1 2137/2023/1 2101/2005/1
f 2137/2023/1 2156/2020/1 2101/2005/1
f 2213/2024/1 2217/2016/1 2212/2019/1
f 2374/2015/1 2357/2025/1 2358/2021/1
f 2214/2026/1 2217/2016/1 2213/2024/1
f 2214/2026/1 2215/2027/1 2217/2016/1
f 2215/2027/1 2216/2028/1 2217/2016/1
f 2356/2029/1 2354/2030/1 2355/2031/1
f 2374/2015/1 2356/2029/1 2357/2025/1
f 2374/2015/1 2354/2030/1 2356/2029/1
f 2375/2032/1 2354/2030/1 2374/2015/1
f 2137/2023/1 2155/2033/1 2156/2020/1
f 2102/2022/1 2134/2034/1 2137/2023/1
f 2134/2034/1 2136/2035/1 2137/2023/1
f 2138/2036/1 2155/2033/1 2137/2023/1
f 2139/2037/1 2155/2033/1 2138/2036/1
f 2139/2037/1 2154/2038/1 2155/2033/1
f 2103/2039/1 2134/2034/1 2102/2022/1
f 2375/2032/1 2407/2040/1 2354/2030/1
f 2407/2040/1 2353/2041/1 2354/2030/1
f 2103/2039/1 2133/2042/1 2134/2034/1
f 2135/2043/1 2136/2035/1 2134/2034/1
f 2376/2044/1 2407/2040/1 2375/2032/1
f 2140/2045/1 2154/2038/1 2139/2037/1
f 2140/2045/1 2153/2046/1 2154/2038/1
f 2141/2047/1 2153/2046/1 2140/2045/1
f 2103/2039/1 2132/2048/1 2133/2042/1
f 2377/2049/1 2406/2050/1 2376/2044/1
f 2406/2050/1 2407/2040/1 2376/2044/1
f 2141/2047/1 2152/2051/1 2153/2046/1
f 2104/2052/1 2132/2048/1 2103/2039/1
f 2142/2053/1 2152/2051/1 2141/2047/1
f 2142/2053/1 2151/2054/1 2152/2051/1
f 2377/2049/1 2405/2055/1 2406/2050/1
f 2408/2056/1 2353/2041/1 2407/2040/1
f 2143/2057/1 2151/2054/1 2142/2053/1
f 2378/2058/1 2405/2055/1 2377/2049/1
f 2143/2057/1 2150/2059/1 2151/2054/1
f 2104/2052/1 2131/2060/1 2132/2048/1
f 2105/2061/1 2131/2060/1 2104/2052/1
f 2144/2062/1 2150/2059/1 2143/2057/1
f 2144/2062/1 2145/2063/1 2150/2059/1
f 2145/2063/1 2146/2064/1 2150/2059/1
f 2146/2064/1 2147/2065/1 2150/2059/1
f 2147/2065/1 2148/2066/1 2150/2059/1
f 2148/2066/1 2149/2067/1 2150/2059/1
f 2378/2058/1 2404/2068/1 2405/2055/1
f 2409/2069/1 2353/2041/1 2408/2056/1
f 2409/2069/1 2352/2070/1 2353/2041/1
f 2379/2071/1 2404/2068/1 2378/2058/1
f 2379/2071/1 2403/2072/1 2404/2068/1
f 2105/2061/1 2130/2073/1 2131/2060/1
f 2410/2074/1 2352/2070/1 2409/2069/1
f 2106/2075/1 2130/2073/1 2105/2061/1
f 2379/2071/1 2402/2076/1 2403/2072/1
f 2380/2077/1 2402/2076/1 2379/2071/1
f 2411/2078/1 2352/2070/1 2410/2074/1
f 2106/2075/1 2129/2079/1 2130/2073/1
f 2380/2077/1 2401/2080/1 2402/2076/1
f 2412/2081/1 2352/2070/1 2411/2078/1
f 2107/2082/1 2129/2079/1 2106/2075/1
f 2381/2083/1 2401/2080/1 2380/2077/1
f 2381/2083/1 2400/2084/1 2401/2080/1
f 2412/2081/1 2351/2085/1 2352/2070/1
f 2413/2086/1 2351/2085/1 2412/2081/1
f 2107/2082/1 2128/2087/1 2129/2079/1
f 2381/2083/1 2399/2088/1 2400/2084/1
f 2382/2089/1 2399/2088/1 2381/2083/1
f 2306/2090/1 2430/2091/1 2431/2/1
f 2108/2092/1 2128/2087/1 2107/2082/1
f 2306/2090/1 2429/2093/1 2430/2091/1
f 2414/2094/1 2351/2085/1 2413/2086/1
f 2382/2089/1 2398/2095/1 2399/2088/1
f 2306/2090/1 2428/2096/1 2429/2093/1
f 2108/2092/1 2127/2097/1 2128/2087/1
f 2383/2098/1 2398/2095/1 2382/2089/1
f 2306/2090/1 2427/2099/1 2428/2096/1
f 2384/2100/1 2398/2095/1 2383/2098/1
f 2415/2101/1 2351/2085/1 2414/2094/1
f 2384/2100/1 2397/2102/1 2398/2095/1
f 2385/2103/1 2397/2102/1 2384/2100/1
f 2109/2104/1 2127/2097/1 2108/2092/1
f 2306/2090/1 2426/2105/1 2427/2099/1
f 2386/2106/1 2397/2102/1 2385/2103/1
f 2387/2107/1 2397/2102/1 2386/2106/1
f 2306/2090/1 2425/2108/1 2426/2105/1
f 2387/2107/1 2396/2109/1 2397/2102/1
f 2416/2110/1 2351/2085/1 2415/2101/1
f 2388/2111/1 2396/2109/1 2387/2107/1
f 2307/2112/1 2425/2108/1 2306/2090/1
f 2109/2104/1 2126/2113/1 2127/2097/1
f 2416/2110/1 2350/2114/1 2351/2085/1
f 2307/2112/1 2424/2115/1 2425/2108/1
f 2389/2116/1 2396/2109/1 2388/2111/1
f 2308/2117/1 2424/2115/1 2307/2112/1
f 2389/2116/1 2395/2118/1 2396/2109/1
f 2390/2119/1 2395/2118/1 2389/2116/1
f 2110/2120/1 2126/2113/1 2109/2104/1
f 2308/2117/1 2423/2121/1 2424/2115/1
f 2417/2122/1 2350/2114/1 2416/2110/1
f 2391/2123/1 2395/2118/1 2390/2119/1
f 2309/2124/1 2423/2121/1 2308/2117/1
f 2309/2124/1 2422/2125/1 2423/2121/1
f 2392/2126/1 2395/2118/1 2391/2123/1
f 2392/2126/1 2393/2127/1 2395/2118/1
f 2393/2127/1 2394/2128/1 2395/2118/1
f 2310/2129/1 2422/2125/1 2309/2124/1
f 2110/2120/1 2125/2130/1 2126/2113/1
f 2418/2131/1 2350/2114/1 2417/2122/1
f 2310/2129/1 2421/2132/1 2422/2125/1
f 2111/2133/1 2125/2130/1 2110/2120/1
f 2311/2134/1 2421/2132/1 2310/2129/1
f 2112/2135/1 2125/2130/1 2111/2133/1
f 2311/2134/1 2420/2136/1 2421/2132/1
f 2312/2137/1 2420/2136/1 2311/2134/1
f 2419/2138/1 2350/2114/1 2418/2131/1
f 2113/2139/1 2125/2130/1 2112/2135/1
f 2312/2137/1 2419/2138/1 2420/2136/1
f 2113/2139/1 2124/2140/1 2125/2130/1
f 2114/2141/1 2124/2140/1 2113/2139/1
f 2313/2142/1 2419/2138/1 2312/2137/1
f 2313/2142/1 2350/2114/1 2419/2138/1
f 2313/2142/1 2349/2143/1 2350/2114/1
f 2115/2144/1 2124/2140/1 2114/2141/1
f 2314/2145/1 2349/2143/1 2313/2142/1
f 2116/2146/1 2124/2140/1 2115/2144/1
f 2315/2147/1 2349/2143/1 2314/2145/1
f 2117/2148/1 2124/2140/1 2116/2146/1
f 2117/2148/1 2123/2149/1 2124/2140/1
f 2118/2150/1 2123/2149/1 2117/2148/1
f 2316/2151/1 2349/2143/1 2315/2147/1
f 2119/2152/1 2123/2149/1 2118/2150/1
f 2317/2153/1 2349/2143/1 2316/2151/1
f 2120/2154/1 2123/2149/1 2119/2152/1
f 2120/2154/1 2121/2155/1 2123/2149/1
f 2121/2155/1 2122/2156/1 2123/2149/1
f 2318/2157/1 2349/2143/1 2317/2153/1
f 2319/2158/1 2349/2143/1 2318/2157/1
f 2319/2158/1 2348/2159/1 2349/2143/1
f 2320/2160/1 2348/2159/1 2319/2158/1
f 2321/2161/1 2348/2159/1 2320/2160/1
f 2321/2161/1 2347/2162/1 2348/2159/1
f 2322/2163/1 2347/2162/1 2321/2161/1
f 2323/2164/1 2347/2162/1 2322/2163/1
f 2324/2165/1 2347/2162/1 2323/2164/1
f 2324/2165/1 2346/2166/1 2347/2162/1
f 2325/2167/1 2346/2166/1 2324/2165/1
f 2326/2168/1 2346/2166/1 2325/2167/1
f 2327/2169/1 2346/2166/1 2326/2168/1
f 2327/2169/1 2345/2170/1 2346/2166/1
f 2328/2171/1 2345/2170/1 2327/2169/1
f 2329/2172/1 2345/2170/1 2328/2171/1
f 2330/2173/1 2345/2170/1 2329/2172/1
f 2331/2174/1 2345/2170/1 2330/2173/1
f 2331/2174/1 2344/2175/1 2345/2170/1
f 2332/2176/1 2344/2175/1 2331/2174/1
f 2333/2177/1 2344/2175/1 2332/2176/1
f 2334/2178/1 2344/2175/1 2333/2177/1
f 2335/2179/1 2344/2175/1 2334/2178/1
f 2336/2180/1 2344/2175/1 2335/2179/1
f 2336/2180/1 2343/2181/1 2344/2175/1
f 2337/2182/1 2343/2181/1 2336/2180/1
f 2338/2183/1 2343/2181/1 2337/2182/1
f 2339/2184/1 2343/2181/1 2338/2183/1
f 2339/2184/1 2340/2185/1 2343/2181/1
f 2340/2185/1 2341/2186/1 2343/2181/1
f 2341/2186/1 2342/2187/1 2343/2181/1
f 2549/2188/1 2547/2189/1 2548/2190/1
f 2458/2191/1 2482/2192/1 2483/2193/1
f 2522/2194/1 2613/2195/1 2614/2196/1
f 2458/2191/1 2481/2197/1 2482/2192/1
f 2522/2194/1 2612/2198/1 2613/2195/1
f 2458/2191/1 2480/2199/1 2481/2197/1
f 2549/2188/1 2546/2200/1 2547/2189/1
f 2550/2201/1 2546/2200/1 2549/2188/1
f 2522/2194/1 2611/2202/1 2612/2198/1
f 2458/2191/1 2479/2203/1 2480/2199/1
f 2550/2201/1 2545/2204/1 2546/2200/1
f 2523/2205/1 2611/2202/1 2522/2194/1
f 2458/2191/1 2478/2206/1 2479/2203/1
f 2523/2205/1 2610/2207/1 2611/2202/1
f 2524/2208/1 2610/2207/1 2523/2205/1
f 2550/2201/1 2544/2209/1 2545/2204/1
f 2458/2191/1 2477/2210/1 2478/2206/1
f 2525/2211/1 2610/2207/1 2524/2208/1
f 2525/2211/1 2609/2212/1 2610/2207/1
f 2550/2201/1 2543/2213/1 2544/2209/1
f 2458/2191/1 2476/2214/1 2477/2210/1
f 2551/2215/1 2543/2213/1 2550/2201/1
f 2526/2216/1 2609/2212/1 2525/2211/1
f 2551/2215/1 2542/2217/1 2543/2213/1
f 2526/2216/1 2608/2218/1 2609/2212/1
f 2458/2191/1 2475/2219/1 2476/2214/1
f 2527/2220/1 2608/2218/1 2526/2216/1
f 2551/2215/1 2541/2221/1 2542/2217/1
f 2458/2191/1 2474/2222/1 2475/2219/1
f 2527/2220/1 2607/2223/1 2608/2218/1
f 2459/2224/1 2474/2222/1 2458/2191/1
f 2528/2225/1 2607/2223/1 2527/2220/1
f 2459/2224/1 2473/2226/1 2474/2222/1
f 2551/2215/1 2540/2227/1 2541/2221/1
f 2460/2228/1 2473/2226/1 2459/2224/1
f 2529/113/1 2607/2223/1 2528/2225/1
f 2529/113/1 2606/2229/1 2607/2223/1
f 2552/2230/1 2540/2227/1 2551/2215/1
f 2460/2228/1 2472/2231/1 2473/2226/1
f 2461/2232/1 2472/2231/1 2460/2228/1
f 2552/2230/1 2539/2233/1 2540/2227/1
f 2530/2234/1 2606/2229/1 2529/113/1
f 2530/2234/1 2605/2235/1 2606/2229/1
f 2461/2232/1 2471/2236/1 2472/2231/1
f 2462/2237/1 2471/2236/1 2461/2232/1
f 2552/2230/1 2538/2238/1 2539/2233/1
f 2531/2239/1 2605/2235/1 2530/2234/1
f 2462/2237/1 2463/2240/1 2471/2236/1
f 2463/2240/1 2464/2241/1 2471/2236/1
f 2464/2241/1 2465/2242/1 2471/2236/1
f 2465/2242/1 2466/2243/1 2471/2236/1
f 2466/2243/1 2467/2244/1 2471/2236/1
f 2467/2244/1 2468/2245/1 2471/2236/1
f 2468/2245/1 2469/2246/1 2471/2236/1
f 2469/2246/1 2470/2247/1 2471/2236/1
f 2531/2239/1 2604/2248/1 2605/2235/1
f 2552/2230/1 2537/2249/1 2538/2238/1
f 2532/2250/1 2604/2248/1 2531/2239/1
f 2532/2250/1 2603/2251/1 2604/2248/1
f 2552/2230/1 2536/2252/1 2537/2249/1
f 2553/2253/1 2536/2252/1 2552/2230/1
f 2533/2254/1 2603/2251/1 2532/2250/1
f 2533/2254/1 2602/2255/1 2603/2251/1
f 2553/2253/1 2535/2256/1 2536/2252/1
f 2534/2257/1 2602/2255/1 2533/2254/1
f 2553/2253/1 2534/2257/1 2535/2256/1
f 2553/2253/1 2602/2255/1 2534/2257/1
f 2553/2253/1 2601/2258/1 2602/2255/1
f 2553/2253/1 2600/2259/1 2601/2258/1
f 2554/2260/1 2600/2259/1 2553/2253/1
f 2555/2261/1 2600/2259/1 2554/2260/1
f 2556/2262/1 2625/2263/1 2555/2261/1
f 2625/2263/1 2600/2259/1 2555/2261/1
f 2556/2262/1 2624/2264/1 2625/2263/1
f 2626/2/1 2600/2259/1 2625/2263/1
f 2623/2265/1 2599/2266/1 2626/2/1
f 2599/2266/1 2600/2259/1 2626/2/1
f 2623/2265/1 2598/2267/1 2599/2266/1
f 2557/2268/1 2624/2264/1 2556/2262/1
f 2558/2269/1 2624/2264/1 2557/2268/1
f 2559/2270/1 2624/2264/1 2558/2269/1
f 2560/2271/1 2584/2272/1 2559/2270/1
f 2584/2272/1 2624/2264/1 2559/2270/1
f 2584/2272/1 2623/2265/1 2624/2264/1
f 2584/2272/1 2598/2267/1 2623/2265/1
f 2584/2272/1 2597/2273/1 2598/2267/1
f 2584/2272/1 2596/2274/1 2597/2273/1
f 2560/2271/1 2583/2275/1 2584/2272/1
f 2585/2276/1 2622/2277/1 2584/2272/1
f 2622/2277/1 2596/2274/1 2584/2272/1
f 2560/2271/1 2582/2278/1 2583/2275/1
f 2560/2271/1 2581/2279/1 2582/2278/1
f 2561/2280/1 2581/2279/1 2560/2271/1
f 2562/2281/1 2581/2279/1 2561/2280/1
f 2562/2281/1 2580/2282/1 2581/2279/1
f 2563/2283/1 2580/2282/1 2562/2281/1
f 2563/2283/1 2579/2284/1 2580/2282/1
f 2564/2285/1 2579/2284/1 2563/2283/1
f 2564/2285/1 2578/2286/1 2579/2284/1
f 2565/2287/1 2578/2286/1 2564/2285/1
f 2566/2288/1 2578/2286/1 2565/2287/1
f 2566/2288/1 2577/2289/1 2578/2286/1
f 2567/2290/1 2577/2289/1 2566/2288/1
f 2567/2290/1 2576/2291/1 2577/2289/1
f 2568/2292/1 2576/2291/1 2567/2290/1
f 2568/2292/1 2575/2293/1 2576/2291/1
f 2569/2294/1 2575/2293/1 2568/2292/1
f 2569/2294/1 2574/2295/1 2575/2293/1
f 2570/2296/1 2574/2295/1 2569/2294/1
f 2585/2276/1 2621/2297/1 2622/2277/1
f 2619/2298/1 2596/2274/1 2622/2277/1
f 2620/2299/1 2595/2300/1 2619/2298/1
f 2595/2300/2 2596/2274/2 2619/2298/2
f 2620/2299/1 2594/2301/1 2595/2300/1
f 2570/2296/1 2573/2302/1 2574/2295/1
f 2571/2303/1 2573/2302/1 2570/2296/1
f 2571/2303/1 2572/2304/1 2573/2302/1
f 2499/2305/1 2497/2306/1 2498/2307/1
f 2500/2308/1 2497/2306/1 2499/2305/1
f 2585/2276/1 2617/2309/1 2621/2297/1
f 2617/2309/1 2620/2299/1 2621/2297/1
f 2617/2309/1 2594/2301/1 2620/2299/1
f 2617/2309/1 2593/2310/1 2594/2301/1
f 2617/2309/1 2592/2311/1 2593/2310/1
f 2501/2312/1 2497/2306/1 2500/2308/1
f 2501/2312/1 2496/2313/1 2497/2306/1
f 2502/2314/1 2496/2313/1 2501/2312/1
f 2502/2314/1 2495/2315/1 2496/2313/1
f 2503/2316/1 2495/2315/1 2502/2314/1
f 2585/2276/1 2616/2317/1 2617/2309/1
f 2618/2318/1 2592/2311/1 2617/2309/1
f 2615/2319/1 2591/2320/1 2618/2318/1
f 2591/2320/1 2592/2311/1 2618/2318/1
f 2615/2319/1 2590/2321/1 2591/2320/1
f 2503/2316/1 2494/2322/1 2495/2315/1
f 2504/2323/1 2494/2322/1 2503/2316/1
f 2504/2323/1 2493/2324/1 2494/2322/1
f 2505/2325/1 2493/2324/1 2504/2323/1
f 2505/2325/1 2492/2326/1 2493/2324/1
f 2506/2327/1 2492/2326/1 2505/2325/1
f 2506/2327/1 2491/2328/1 2492/2326/1
f 2507/2329/1 2491/2328/1 2506/2327/1
f 2585/2276/1 2587/2330/1 2616/2317/1
f 2587/2330/1 2615/2319/1 2616/2317/1
f 2587/2330/1 2590/2321/1 2615/2319/1
f 2587/2330/1 2589/2331/1 2590/2321/1
f 2587/2330/1 2588/2332/1 2589/2331/1
f 2507/2329/1 2490/2333/1 2491/2328/1
f 2508/2334/1 2490/2333/1 2507/2329/1
f 2508/2334/1 2489/2335/1 2490/2333/1
f 2509/2336/1 2489/2335/1 2508/2334/1
f 2484/2337/1 2489/2335/1 2509/2336/1
f 2484/2337/1 2488/2338/1 2489/2335/1
f 2485/2339/1 2488/2338/1 2484/2337/1
f 2485/2339/1 2487/2340/1 2488/2338/1
f 2585/2276/1 2586/2341/1 2587/2330/1
f 2485/2339/1 2486/2342/1 2487/2340/1
f 2511/2343/1 2521/2344/1 2510/2345/1
f 2511/2343/1 2520/2346/1 2521/2344/1
f 2513/2347/1 2511/2343/1 2512/2348/1
f 2513/2347/1 2520/2346/1 2511/2343/1
f 2513/2347/1 2519/2349/1 2520/2346/1
f 2513/2347/1 2518/2350/1 2519/2349/1
f 2514/2351/1 2518/2350/1 2513/2347/1
f 2515/2352/1 2517/2353/1 2514/2351/1
f 2517/2353/1 2518/2350/1 2514/2351/1
f 2515/2352/1 2516/2354/1 2517/2353/1
f 2432/132/1 2456/2355/1 2457/2356/1
f 2432/132/1 2455/2357/1 2456/2355/1
f 2432/132/1 2454/2358/1 2455/2357/1
f 2432/132/1 2453/2359/1 2454/2358/1
f 2432/132/1 2452/2360/1 2453/2359/1
f 2432/132/1 2451/2361/1 2452/2360/1
f 2432/132/1 2450/2362/1 2451/2361/1
f 2432/132/1 2449/2363/1 2450/2362/1
f 2432/132/1 2448/2364/1 2449/2363/1
f 2433/2365/1 2448/2364/1 2432/132/1
f 2433/2365/1 2447/2366/1 2448/2364/1
f 2434/2367/1 2447/2366/1 2433/2365/1
f 2434/2367/1 2446/2368/1 2447/2366/1
f 2435/2369/1 2446/2368/1 2434/2367/1
f 2435/2369/1 2445/2370/1 2446/2368/1
f 2436/2371/1 2445/2370/1 2435/2369/1
f 2436/2371/1 2437/2372/1 2445/2370/1
f 2437/2372/1 2438/2373/1 2445/2370/1
f 2438/2373/1 2439/2374/1 2445/2370/1
f 2439/2374/1 2440/2375/1 2445/2370/1
f 2440/2375/1 2441/2376/1 2445/2370/1
f 2441/2376/1 2442/2377/1 2445/2370/1
f 2442/2377/1 2443/2378/1 2445/2370/1
f 2443/2378/1 2444/2379/1 2445/2370/1
f 2768/2380/1 2763/2381/1 2767/2382/1
f 2763/2381/1 2770/2383/1 2767/2382/1
f 2763/2381/1 2764/2384/1 2770/2383/1
f 2764/2384/1 2769/2385/1 2770/2383/1
f 2768/2380/1 2766/2386/1 2763/2381/1
f 2765/2387/1 2769/2385/1 2764/2384/1
f 2768/2380/1 2765/2387/1 2766/2386/1
f 2768/2380/1 2769/2385/1 2765/2387/1
f 2771/2388/1 2795/2389/1 2796/2390/1
f 2772/985/1 2795/2389/1 2771/2388/1
f 2772/985/1 2794/2391/1 2795/2389/1
f 2773/2392/1 2794/2391/1 2772/985/1
f 2773/2392/1 2793/2393/1 2794/2391/1
f 2774/2394/1 2793/2393/1 2773/2392/1
f 2774/2394/1 2792/2395/1 2793/2393/1
f 2775/2396/1 2792/2395/1 2774/2394/1
f 2775/2396/1 2791/2397/1 2792/2395/1
f 2776/2398/1 2791/2397/1 2775/2396/1
f 2776/2398/1 2790/2399/1 2791/2397/1
f 2777/2400/1 2790/2399/1 2776/2398/1
f 2777/2400/1 2789/2401/1 2790/2399/1
f 2778/2402/1 2789/2401/1 2777/2400/1
f 2778/2402/1 2788/2403/1 2789/2401/1
f 2779/2404/1 2788/2403/1 2778/2402/1
f 2779/2404/1 2787/2405/1 2788/2403/1
f 2780/2406/1 2787/2405/1 2779/2404/1
f 2780/2406/1 2786/2407/1 2787/2405/1
f 2781/2408/1 2786/2407/1 2780/2406/1
f 2781/2408/1 2785/2409/1 2786/2407/1
f 2782/2410/1 2785/2409/1 2781/2408/1
f 2782/2410/1 2784/2411/1 2785/2409/1
f 2783/2412/1 2784/2411/1 2782/2410/1
f 2797/2413/1 2821/2414/1 2822/2415/1
f 2798/2416/1 2821/2414/1 2797/2413/1
f 2798/2416/1 2820/2417/1 2821/2414/1
f 2799/2418/1 2820/2417/1 2798/2416/1
f 2799/2418/1 2819/2419/1 2820/2417/1
f 2800/2420/1 2819/2419/1 2799/2418/1
f 2800/2420/1 2818/2421/1 2819/2419/1
f 2801/572/1 2818/2421/1 2800/2420/1
f 2801/572/1 2817/2422/1 2818/2421/1
f 2802/2423/1 2817/2422/1 2801/572/1
f 2802/2423/1 2816/2424/1 2817/2422/1
f 2803/2425/1 2816/2424/1 2802/2423/1
f 2803/2425/1 2815/2426/1 2816/2424/1
f 2804/2427/1 2815/2426/1 2803/2425/1
f 2804/2427/1 2814/2428/1 2815/2426/1
f 2805/2429/1 2814/2428/1 2804/2427/1
f 2805/2429/1 2813/2430/1 2814/2428/1
f 2805/2429/1 2812/2431/1 2813/2430/1
f 2806/2432/1 2812/2431/1 2805/2429/1
f 2806/2432/1 2811/2433/1 2812/2431/1
f 2807/2434/1 2811/2433/1 2806/2432/1
f 2807/2434/1 2810/2435/1 2811/2433/1
f 2808/2436/1 2810/2435/1 2807/2434/1
f 2808/2436/1 2809/2437/1 2810/2435/1
f 2823/2438/1 2847/2439/1 2848/2440/1
f 2823/2438/1 2846/2441/1 2847/2439/1
f 2824/2442/1 2846/2441/1 2823/2438/1
f 2824/2442/1 2845/2443/1 2846/2441/1
f 2825/2444/1 2845/2443/1 2824/2442/1
f 2825/2444/1 2844/2445/1 2845/2443/1
f 2826/2446/1 2844/2445/1 2825/2444/1
f 2826/2446/1 2843/2447/1 2844/2445/1
f 2827/2448/1 2843/2447/1 2826/2446/1
f 2827/2448/1 2842/2449/1 2843/2447/1
f 2828/2450/1 2842/2449/1 2827/2448/1
f 2828/2450/1 2841/2451/1 2842/2449/1
f 2829/2452/1 2841/2451/1 2828/2450/1
f 2829/2452/1 2840/2453/1 2841/2451/1
f 2830/1092/1 2840/2453/1 2829/2452/1
f 2830/1092/1 2839/2454/1 2840/2453/1
f 2831/2455/1 2839/2454/1 2830/1092/1
f 2831/2455/1 2838/2456/1 2839/2454/1
f 2832/2457/1 2838/2456/1 2831/2455/1
f 2832/2457/1 2837/2458/1 2838/2456/1
f 2833/2459/1 2837/2458/1 2832/2457/1
f 2833/2459/1 2836/2460/1 2837/2458/1
f 2833/2459/1 2834/2461/1 2836/2460/1
f 2834/2461/1 2835/2462/1 2836/2460/1
f 2850/2463/1 2874/2464/1 2849/2465/1
f 2851/2466/1 2874/2464/1 2850/2463/1
f 2851/2466/1 2873/2467/1 2874/2464/1
f 2852/2468/1 2873/2467/1 2851/2466/1
f 2852/2468/1 2872/2469/1 2873/2467/1
f 2853/2470/1 2872/2469/1 2852/2468/1
f 2853/2470/1 2871/2471/1 2872/2469/1
f 2854/2472/1 2871/2471/1 2853/2470/1
f 2854/2472/1 2870/2473/1 2871/2471/1
f 2855/2474/1 2870/2473/1 2854/2472/1
f 2855/2474/1 2869/2475/1 2870/2473/1
f 2856/2476/1 2869/2475/1 2855/2474/1
f 2856/2476/1 2868/2477/1 2869/2475/1
f 2857/2478/1 2868/2477/1 2856/2476/1
f 2857/2478/1 2867/2479/1 2868/2477/1
f 2858/2480/1 2867/2479/1 2857/2478/1
f 2858/2480/1 2866/2481/1 2867/2479/1
f 2859/1065/1 2866/2481/1 2858/2480/1
f 2859/1065/1 2865/2482/1 2866/2481/1
f 2860/2483/1 2865/2482/1 2859/1065/1
f 2860/2483/1 2864/2484/1 2865/2482/1
f 2861/2485/1 2864/2484/1 2860/2483/1
f 2862/2486/1 2864/2484/1 2861/2485/1
f 2862/2486/1 2863/2487/1 2864/2484/1
f 2884/2488/1 2875/2489/1 2883/2490/1
f 2875/2489/1 2888/2/1 2883/2490/1
f 2875/2489/1 2876/2491/1 2888/2/1
f 2876/2491/1 2887/2492/1 2888/2/1
f 2884/2488/1 2878/2493/1 2875/2489/1
f 2877/2494/1 2887/2492/1 2876/2491/1
f 2884/2488/1 2880/2495/1 2878/2493/1
f 2880/2495/1 2877/2494/1 2878/2493/1
f 2880/2495/1 2881/2496/1 2877/2494/1
f 2881/2496/1 2887/2492/1 2877/2494/1
f 2884/2488/1 2879/2497/1 2880/2495/1
f 2882/2498/1 2887/2492/1 2881/2496/1
f 2884/2488/1 2886/2499/1 2879/2497/1
f 2886/2499/1 2882/2498/1 2879/2497/1
f 2886/2499/1 2887/2492/1 2882/2498/1
f 2884/2488/1 2885/2500/1 2886/2499/1
f 2628/2501/1 2762/2502/1 2627/132/1
f 2628/2501/1 2761/2503/1 2762/2502/1
f 2628/2501/1 2760/2504/1 2761/2503/1
f 2628/2501/1 2759/2505/1 2760/2504/1
f 2628/2501/1 2758/2506/1 2759/2505/1
f 2628/2501/1 2757/2507/1 2758/2506/1
f 2628/2501/1 2756/2508/1 2757/2507/1
f 2628/2501/1 2755/2509/1 2756/2508/1
f 2628/2501/1 2754/2510/1 2755/2509/1
f 2628/2501/1 2753/2511/1 2754/2510/1
f 2628/2501/1 2752/2512/1 2753/2511/1
f 2628/2501/1 2751/2513/1 2752/2512/1
f 2628/2501/1 2750/2514/1 2751/2513/1
f 2628/2501/1 2749/2515/1 2750/2514/1
f 2628/2501/1 2629/2516/1 2749/2515/1
f 2629/2516/1 2665/2517/1 2749/2515/1
f 2665/2517/1 2666/2518/1 2749/2515/1
f 2666/2518/1 2748/2519/1 2749/2515/1
f 2630/2520/1 2665/2517/1 2629/2516/1
f 2630/2520/1 2664/2521/1 2665/2517/1
f 2667/2522/1 2748/2519/1 2666/2518/1
f 2668/2523/1 2748/2519/1 2667/2522/1
f 2631/2524/1 2664/2521/1 2630/2520/1
f 2668/2523/1 2747/2525/1 2748/2519/1
f 2631/2524/1 2663/2526/1 2664/2521/1
f 2669/2527/1 2747/2525/1 2668/2523/1
f 2632/2528/1 2663/2526/1 2631/2524/1
f 2669/2527/1 2746/2529/1 2747/2525/1
f 2632/2528/1 2662/2530/1 2663/2526/1
f 2670/2531/1 2746/2529/1 2669/2527/1
f 2633/2532/1 2662/2530/1 2632/2528/1
f 2671/2533/1 2746/2529/1 2670/2531/1
f 2671/2533/1 2745/2534/1 2746/2529/1
f 2633/2532/1 2661/2535/1 2662/2530/1
f 2634/2536/1 2661/2535/1 2633/2532/1
f 2672/2537/1 2745/2534/1 2671/2533/1
f 2635/2538/1 2661/2535/1 2634/2536/1
f 2672/2537/1 2744/2539/1 2745/2534/1
f 2673/2540/1 2744/2539/1 2672/2537/1
f 2635/2538/1 2660/2541/1 2661/2535/1
f 2674/2542/1 2744/2539/1 2673/2540/1
f 2636/2543/1 2660/2541/1 2635/2538/1
f 2674/2542/1 2743/1018/1 2744/2539/1
f 2675/2544/1 2743/1018/1 2674/2542/1
f 2636/2543/1 2659/2545/1 2660/2541/1
f 2676/2546/1 2743/1018/1 2675/2544/1
f 2637/2547/1 2659/2545/1 2636/2543/1
f 2677/2548/1 2743/1018/1 2676/2546/1
f 2677/2548/1 2742/2549/1 2743/1018/1
f 2678/2550/1 2742/2549/1 2677/2548/1
f 2679/2551/1 2742/2549/1 2678/2550/1
f 2638/2552/1 2659/2545/1 2637/2547/1
f 2680/2553/1 2742/2549/1 2679/2551/1
f 2681/2554/1 2742/2549/1 2680/2553/1
f 2703/2555/1 2701/2556/1 2702/2557/1
f 2682/2558/1 2742/2549/1 2681/2554/1
f 2703/2555/1 2700/2559/1 2701/2556/1
f 2683/2560/1 2742/2549/1 2682/2558/1
f 2638/2552/1 2658/2561/1 2659/2545/1
f 2703/2555/1 2699/2562/1 2700/2559/1
f 2684/2563/1 2742/2549/1 2683/2560/1
f 2684/2563/1 2741/2564/1 2742/2549/1
f 2703/2555/1 2698/2565/1 2699/2562/1
f 2685/1125/1 2741/2564/1 2684/2563/1
f 2703/2555/1 2697/2566/1 2698/2565/1
f 2686/2567/1 2741/2564/1 2685/1125/1
f 2703/2555/1 2696/2568/1 2697/2566/1
f 2687/2569/1 2741/2564/1 2686/2567/1
f 2703/2555/1 2695/2570/1 2696/2568/1
f 2703/2555/1 2694/2571/1 2695/2570/1
f 2688/2572/1 2741/2564/1 2687/2569/1
f 2703/2555/1 2693/2573/1 2694/2571/1
f 2689/2574/1 2741/2564/1 2688/2572/1
f 2703/2555/1 2692/2575/1 2693/2573/1
f 2690/2576/1 2741/2564/1 2689/2574/1
f 2703/2555/1 2691/2577/1 2692/2575/1
f 2703/2555/1 2690/2576/1 2691/2577/1
f 2703/2555/1 2741/2564/1 2690/2576/1
f 2704/2578/1 2741/2564/1 2703/2555/1
f 2705/2579/1 2741/2564/1 2704/2578/1
f 2639/2580/1 2658/2561/1 2638/2552/1
f 2706/2581/1 2741/2564/1 2705/2579/1
f 2706/2581/1 2740/2582/1 2741/2564/1
f 2707/2583/1 2740/2582/1 2706/2581/1
f 2639/2580/1 2657/2584/1 2658/2561/1
f 2640/2585/1 2657/2584/1 2639/2580/1
f 2707/2583/1 2739/2586/1 2740/2582/1
f 2708/2587/1 2739/2586/1 2707/2583/1
f 2709/2588/1 2739/2586/1 2708/2587/1
f 2641/2589/1 2657/2584/1 2640/2585/1
f 2709/2588/1 2738/2590/1 2739/2586/1
f 2710/2591/1 2738/2590/1 2709/2588/1
f 2710/2591/1 2737/2592/1 2738/2590/1
f 2641/2589/1 2656/1040/1 2657/2584/1
f 2711/2593/1 2737/2592/1 2710/2591/1
f 2642/2594/1 2656/1040/1 2641/2589/1
f 2711/2593/1 2736/2595/1 2737/2592/1
f 2643/2596/1 2656/1040/1 2642/2594/1
f 2711/2593/1 2735/2597/1 2736/2595/1
f 2712/2598/1 2735/2597/1 2711/2593/1
f 2644/2599/1 2656/1040/1 2643/2596/1
f 2712/2598/1 2734/2600/1 2735/2597/1
f 2712/2598/1 2733/2601/1 2734/2600/1
f 2713/2602/1 2733/2601/1 2712/2598/1
f 2645/2603/1 2656/1040/1 2644/2599/1
f 2713/2602/1 2732/2604/1 2733/2601/1
f 2713/2602/1 2731/2605/1 2732/2604/1
f 2645/2603/1 2655/2606/1 2656/1040/1
f 2714/320/1 2731/2605/1 2713/2602/1
f 2714/320/1 2730/2607/1 2731/2605/1
f 2646/2608/1 2655/2606/1 2645/2603/1
f 2714/320/1 2729/2609/1 2730/2607/1
f 2714/320/1 2728/2610/1 2729/2609/1
f 2714/320/1 2727/2611/1 2728/2610/1
f 2715/2612/1 2727/2611/1 2714/320/1
f 2715/2612/1 2726/2613/1 2727/2611/1
f 2716/2614/1 2726/2613/1 2715/2612/1
f 2716/2614/1 2725/2615/1 2726/2613/1
f 2647/2616/1 2655/2606/1 2646/2608/1
f 2717/2617/1 2725/2615/1 2716/2614/1
f 2717/2617/1 2724/2618/1 2725/2615/1
f 2717/2617/1 2723/2619/1 2724/2618/1
f 2718/2620/1 2723/2619/1 2717/2617/1
f 2718/2620/1 2722/2621/1 2723/2619/1
f 2719/2622/1 2722/2621/1 2718/2620/1
f 2719/2622/1 2721/2623/1 2722/2621/1
f 2720/2624/1 2721/2623/1 2719/2622/1
f 2648/2625/1 2655/2606/1 2647/2616/1
f 2648/2625/1 2654/2626/1 2655/2606/1
f 2649/2627/1 2654/2626/1 2648/2625/1
f 2650/2628/1 2654/2626/1 2649/2627/1
f 2651/2629/1 2654/2626/1 2650/2628/1
f 2651/2629/1 2652/2630/1 2654/2626/1
f 2652/2630/1 2653/2631/1 2654/2626/1
f 2965/970/1 2963/971/1 2964/972/1
f 2966/973/1 2963/971/1 2965/970/1
f 2967/974/1 2963/971/1 2966/973/1
f 2968/975/1 2963/971/1 2967/974/1
f 2969/976/1 2963/971/1 2968/975/1
f 2970/113/1 2963/971/1 2969/976/1
f 2971/977/1 2963/971/1 2970/113/1
f 2972/978/1 2963/971/1 2971/977/1
f 2973/979/1 2963/971/1 2972/978/1
f 2974/980/1 2963/971/1 2973/979/1
f 2975/981/1 2963/971/1 2974/980/1
f 2976/982/1 2963/971/1 2975/981/1
f 2977/983/1 2963/971/1 2976/982/1
f 2978/984/1 2963/971/1 2977/983/1
f 2979/985/1 2963/971/1 2978/984/1
f 2980/986/1 2963/971/1 2979/985/1
f 2981/987/1 2963/971/1 2980/986/1
f 2982/988/1 2963/971/1 2981/987/1
f 2983/989/1 2963/971/1 2982/988/1
f 2984/990/1 2963/971/1 2983/989/1
f 2985/991/1 2963/971/1 2984/990/1
f 2986/992/1 2963/971/1 2985/991/1
f 2987/993/1 2963/971/1 2986/992/1
f 2988/994/1 2963/971/1 2987/993/1
f 2989/995/1 2963/971/1 2988/994/1
f 2990/996/1 2963/971/1 2989/995/1
f 2991/997/1 2963/971/1 2990/996/1
f 2992/998/1 2963/971/1 2991/997/1
f 2993/999/1 2963/971/1 2992/998/1
f 2994/1000/1 2963/971/1 2993/999/1
f 2995/1001/1 2963/971/1 2994/1000/1
f 2996/1002/1 2963/971/1 2995/1001/1
f 2997/572/1 2963/971/1 2996/1002/1
f 2998/1003/1 2963/971/1 2997/572/1
f 2999/1004/1 2963/971/1 2998/1003/1
f 2889/132/1 2963/971/1 2999/1004/1
f 2890/1005/1 2891/1006/1 2889/132/1
f 2891/1006/1 2892/1007/1 2889/132/1
f 2892/1007/1 2893/1008/1 2889/132/1
f 2893/1008/1 2894/1009/1 2889/132/1
f 2894/1009/1 2895/1010/1 2889/132/1
f 2895/1010/1 2896/1011/1 2889/132/1
f 2896/1011/1 2897/1012/1 2889/132/1
f 2897/1012/1 2898/1013/1 2889/132/1
f 2898/1013/1 2902/1014/1 2889/132/1
f 2902/1014/1 2958/1015/1 2889/132/1
f 2958/1015/1 2959/1016/1 2889/132/1
f 2959/1016/1 2960/1017/1 2889/132/1
f 2960/1017/1 2961/1018/1 2889/132/1
f 2961/1018/1 2962/1019/1 2889/132/1
f 2962/1019/1 2963/971/1 2889/132/1
f 2902/1014/1 2957/1020/1 2958/1015/1
f 2902/1014/1 2956/1021/1 2957/1020/1
f 2902/1014/1 2955/1022/1 2956/1021/1
f 2902/1014/1 2954/1023/1 2955/1022/1
f 2902/1014/1 2953/1024/1 2954/1023/1
f 2902/1014/1 2952/1025/1 2953/1024/1
f 2898/1013/1 2899/1026/1 2902/1014/1
f 2899/1026/1 2901/1027/1 2902/1014/1
f 2903/1028/1 2952/1025/1 2902/1014/1
f 2903/1028/1 2951/1029/1 2952/1025/1
f 2899/1026/1 2900/1030/1 2901/1027/1
f 2903/1028/1 2950/1031/1 2951/1029/1
f 2904/1032/1 2950/1031/1 2903/1028/1
f 2904/1032/1 2949/1033/1 2950/1031/1
f 2905/1034/1 2949/1033/1 2904/1032/1
f 2905/1034/1 2948/1035/1 2949/1033/1
f 2906/1036/1 2948/1035/1 2905/1034/1
f 2906/1036/1 2947/1037/1 2948/1035/1
f 3027/1038/1 3051/2/1 3026/1039/1
f 2907/1040/1 2947/1037/1 2906/1036/1
f 3027/1038/1 3050/1041/1 3051/2/1
f 2907/1040/1 2946/1042/1 2947/1037/1
f 3027/1038/1 3049/1043/1 3050/1041/1
f 3028/1044/1 3049/1043/1 3027/1038/1
f 3028/1044/1 3048/1045/1 3049/1043/1
f 3029/1046/1 3048/1045/1 3028/1044/1
f 2908/1047/1 2946/1042/1 2907/1040/1
f 2908/1047/1 2945/1048/1 2946/1042/1
f 3029/1046/1 3047/1049/1 3048/1045/1
f 3001/1050/1 3025/1051/1 3000/1052/1
f 3030/1053/1 3047/1049/1 3029/1046/1
f 3001/1050/1 3024/475/1 3025/1051/1
f 3030/1053/1 3046/1054/1 3047/1049/1
f 3031/1055/1 3046/1054/1 3030/1053/1
f 3001/1050/1 3023/1056/1 3024/475/1
f 2909/1057/1 2945/1048/1 2908/1047/1
f 3002/1058/1 3023/1056/1 3001/1050/1
f 3031/1055/1 3045/1059/1 3046/1054/1
f 2909/1057/1 2944/1060/1 2945/1048/1
f 3032/1061/1 3045/1059/1 3031/1055/1
f 3002/1058/1 3022/1062/1 3023/1056/1
f 3003/1063/1 3022/1062/1 3002/1058/1
f 3032/1061/1 3044/1064/1 3045/1059/1
f 3033/1065/1 3044/1064/1 3032/1061/1
f 3003/1063/1 3021/1066/1 3022/1062/1
f 3004/1067/1 3021/1066/1 3003/1063/1
f 3033/1065/1 3043/1068/1 3044/1064/1
f 3034/1069/1 3043/1068/1 3033/1065/1
f 2910/1070/1 2944/1060/1 2909/1057/1
f 3004/1067/1 3020/1071/1 3021/1066/1
f 2910/1070/1 2943/320/1 2944/1060/1
f 3005/1072/1 3020/1071/1 3004/1067/1
f 3035/1073/1 3043/1068/1 3034/1069/1
f 3035/1073/1 3042/1074/1 3043/1068/1
f 3005/1072/1 3019/1075/1 3020/1071/1
f 3006/1076/1 3019/1075/1 3005/1072/1
f 3036/1077/1 3042/1074/1 3035/1073/1
f 3036/1077/1 3041/1078/1 3042/1074/1
f 3007/1079/1 3019/1075/1 3006/1076/1
f 3007/1079/1 3018/1080/1 3019/1075/1
f 2911/1081/1 2943/320/1 2910/1070/1
f 3037/1082/1 3041/1078/1 3036/1077/1
f 3037/1082/1 3040/1083/1 3041/1078/1
f 2911/1081/1 2942/1084/1 2943/320/1
f 3008/1085/1 3018/1080/1 3007/1079/1
f 3008/1085/1 3017/1086/1 3018/1080/1
f 3037/1082/1 3038/1087/1 3040/1083/1
f 3038/1087/1 3039/1088/1 3040/1083/1
f 3009/1089/1 3017/1086/1 3008/1085/1
f 3009/1089/1 3016/1090/1 3017/1086/1
f 3010/1091/1 3016/1090/1 3009/1089/1
f 3010/1091/1 3015/1092/1 3016/1090/1
f 2912/1093/1 2942/1084/1 2911/1081/1
f 2912/1093/1 2941/1094/1 2942/1084/1
f 3011/1095/1 3015/1092/1 3010/1091/1
f 3011/1095/1 3014/1096/1 3015/1092/1
f 3012/1097/1 3014/1096/1 3011/1095/1
f 3012/1097/1 3013/1098/1 3014/1096/1
f 2912/1093/1 2940/1099/1 2941/1094/1
f 2913/1100/1 2940/1099/1 2912/1093/1
f 2913/1100/1 2939/1101/1 2940/1099/1
f 2914/1102/1 2939/1101/1 2913/1100/1
f 2914/1102/1 2938/1103/1 2939/1101/1
f 2915/1104/1 2938/1103/1 2914/1102/1
f 2915/1104/1 2937/1105/1 2938/1103/1
f 2916/246/1 2937/1105/1 2915/1104/1
f 2916/246/1 2936/1106/1 2937/1105/1
f 2917/1107/1 2936/1106/1 2916/246/1
f 2917/1107/1 2935/1108/1 2936/1106/1
f 2917/1107/1 2934/1109/1 2935/1108/1
f 2918/1110/1 2934/1109/1 2917/1107/1
f 2918/1110/1 2933/1111/1 2934/1109/1
f 2919/1112/1 2933/1111/1 2918/1110/1
f 2919/1112/1 2932/1113/1 2933/1111/1
f 2919/1112/1 2931/1114/1 2932/1113/1
f 2920/1115/1 2931/1114/1 2919/1112/1
f 2920/1115/1 2930/1116/1 2931/1114/1
f 2920/1115/1 2929/1117/1 2930/1116/1
f 2920/1115/1 2928/1118/1 2929/1117/1
f 2920/1115/1 2927/1119/1 2928/1118/1
f 2921/1120/1 2927/1119/1 2920/1115/1
f 2921/1120/1 2926/1121/1 2927/1119/1
f 2922/1122/1 2926/1121/1 2921/1120/1
f 2923/1123/1 2926/1121/1 2922/1122/1
f 2924/1124/1 2926/1121/1 2923/1123/1
f 2925/1125/1 2926/1121/1 2924/1124/1
f 3054/2632/1 3052/132/1 3053/2633/1
f 3055/2634/1 3052/132/1 3054/2632/1
f 3090/2635/1 3088/2636/1 3089/2637/1
f 3056/2638/1 3052/132/1 3055/2634/1
f 3090/2635/1 3087/1189/1 3088/2636/1
f 3090/2635/1 3086/2639/1 3087/1189/1
f 3057/2640/1 3052/132/1 3056/2638/1
f 3090/2635/1 3085/2641/1 3086/2639/1
f 3058/2642/1 3052/132/1 3057/2640/1
f 3090/2635/1 3084/2643/1 3085/2641/1
f 3090/2635/1 3083/2644/1 3084/2643/1
f 3059/1131/1 3052/132/1 3058/2642/1
f 3090/2635/1 3082/2645/1 3083/2644/1
f 3060/2646/1 3052/132/1 3059/1131/1
f 3090/2635/1 3081/2647/1 3082/2645/1
f 3061/2648/1 3052/132/1 3060/2646/1
f 3090/2635/1 3080/1188/1 3081/2647/1
f 3062/2649/1 3052/132/1 3061/2648/1
f 3090/2635/1 3079/2650/1 3080/1188/1
f 3063/2651/1 3052/132/1 3062/2649/1
f 3090/2635/1 3078/2652/1 3079/2650/1
f 3064/2653/1 3052/132/1 3063/2651/1
f 3090/2635/1 3077/2654/1 3078/2652/1
f 3065/2655/1 3052/132/1 3064/2653/1
f 3090/2635/1 3076/2656/1 3077/2654/1
f 3090/2635/1 3075/2657/1 3076/2656/1
f 3090/2635/1 3074/2658/1 3075/2657/1
f 3090/2635/1 3073/185/1 3074/2658/1
f 3090/2635/1 3072/2659/1 3073/185/1
f 3090/2635/1 3071/2660/1 3072/2659/1
f 3090/2635/1 3070/2661/1 3071/2660/1
f 3090/2635/1 3069/2662/1 3070/2661/1
f 3090/2635/1 3068/2663/1 3069/2662/1
f 3090/2635/1 3067/2664/1 3068/2663/1
f 3090/2635/1 3066/1140/1 3067/2664/1
f 3090/2635/1 3065/2655/1 3066/1140/1
f 3090/2635/1 3052/132/1 3065/2655/1
f 3090/2635/1 3091/2665/1 3052/132/1
f 3091/2665/1 3199/2/1 3052/132/1
f 3091/2665/1 3198/2666/1 3199/2/1
f 3091/2665/1 3092/2667/1 3198/2666/1
f 3092/2667/1 3197/2668/1 3198/2666/1
f 3092/2667/1 3093/2669/1 3197/2668/1
f 3093/2669/1 3196/2670/1 3197/2668/1
f 3093/2669/1 3094/199/1 3196/2670/1
f 3094/199/1 3095/2671/1 3196/2670/1
f 3095/2671/1 3195/2672/1 3196/2670/1
f 3095/2671/1 3096/2673/1 3195/2672/1
f 3096/2673/1 3194/2674/1 3195/2672/1
f 3096/2673/1 3097/2675/1 3194/2674/1
f 3097/2675/1 3098/2676/1 3194/2674/1
f 3098/2676/1 3193/2677/1 3194/2674/1
f 3098/2676/1 3099/2678/1 3193/2677/1
f 3099/2678/1 3192/1141/1 3193/2677/1
f 3099/2678/1 3100/2679/1 3192/1141/1
f 3100/2679/1 3191/2680/1 3192/1141/1
f 3100/2679/1 3190/2681/1 3191/2680/1
f 3100/2679/1 3101/320/1 3190/2681/1
f 3101/320/1 3189/2682/1 3190/2681/1
f 3101/320/1 3188/2683/1 3189/2682/1
f 3101/320/1 3102/2684/1 3188/2683/1
f 3102/2684/1 3104/2685/1 3188/2683/1
f 3104/2685/1 3105/2686/1 3188/2683/1
f 3105/2686/1 3106/2687/1 3188/2683/1
f 3106/2687/1 3107/2688/1 3188/2683/1
f 3107/2688/1 3108/1196/1 3188/2683/1
f 3108/1196/1 3109/2689/1 3188/2683/1
f 3109/2689/1 3110/2690/1 3188/2683/1
f 3110/2690/1 3111/2691/1 3188/2683/1
f 3111/2691/1 3112/2692/1 3188/2683/1
f 3112/2692/1 3113/2693/1 3188/2683/1
f 3113/2693/1 3114/2694/1 3188/2683/1
f 3114/2694/1 3187/2695/1 3188/2683/1
f 3103/2696/1 3104/2685/1 3102/2684/1
f 3115/222/1 3187/2695/1 3114/2694/1
f 3115/222/1 3186/2697/1 3187/2695/1
f 3116/2698/1 3186/2697/1 3115/222/1
f 3116/2698/1 3185/1147/1 3186/2697/1
f 3117/2699/1 3185/1147/1 3116/2698/1
f 3117/2699/1 3184/2700/1 3185/1147/1
f 3118/2701/1 3184/2700/1 3117/2699/1
f 3118/2701/1 3183/2702/1 3184/2700/1
f 3119/2703/1 3183/2702/1 3118/2701/1
f 3119/2703/1 3182/2704/1 3183/2702/1
f 3120/2705/1 3182/2704/1 3119/2703/1
f 3120/2705/1 3181/2706/1 3182/2704/1
f 3121/2707/1 3181/2706/1 3120/2705/1
f 3121/2707/1 3180/2708/1 3181/2706/1
f 3122/1213/1 3180/2708/1 3121/2707/1
f 3123/2709/1 3180/2708/1 3122/1213/1
f 3123/2709/1 3179/2710/1 3180/2708/1
f 3124/2711/1 3179/2710/1 3123/2709/1
f 3124/2711/1 3178/76/1 3179/2710/1
f 3125/2712/1 3178/76/1 3124/2711/1
f 3125/2712/1 3177/2713/1 3178/76/1
f 3126/2714/1 3177/2713/1 3125/2712/1
f 3126/2714/1 3176/2715/1 3177/2713/1
f 3127/2716/1 3176/2715/1 3126/2714/1
f 3127/2716/1 3175/2717/1 3176/2715/1
f 3128/2718/1 3175/2717/1 3127/2716/1
f 3128/2718/1 3174/2719/1 3175/2717/1
f 3129/1220/1 3174/2719/1 3128/2718/1
f 3129/1220/1 3151/2720/1 3174/2719/1
f 3151/2720/1 3173/2721/1 3174/2719/1
f 3129/1220/1 3150/572/1 3151/2720/1
f 3152/2722/1 3173/2721/1 3151/2720/1
f 3152/2722/1 3172/2723/1 3173/2721/1
f 3130/2724/1 3150/572/1 3129/1220/1
f 3153/2725/1 3172/2723/1 3152/2722/1
f 3130/2724/1 3149/2726/1 3150/572/1
f 3153/2725/1 3171/1149/1 3172/2723/1
f 3131/2727/1 3149/2726/1 3130/2724/1
f 3154/2728/1 3171/1149/1 3153/2725/1
f 3131/2727/1 3148/2729/1 3149/2726/1
f 3154/2728/1 3170/2730/1 3171/1149/1
f 3132/2731/1 3148/2729/1 3131/2727/1
f 3155/2732/1 3170/2730/1 3154/2728/1
f 3132/2731/1 3147/2733/1 3148/2729/1
f 3155/2732/1 3169/2734/1 3170/2730/1
f 3133/2735/1 3147/2733/1 3132/2731/1
f 3156/2736/1 3169/2734/1 3155/2732/1
f 3133/2735/1 3146/2737/1 3147/2733/1
f 3156/2736/1 3168/2738/1 3169/2734/1
f 3134/2739/1 3146/2737/1 3133/2735/1
f 3157/6/1 3168/2738/1 3156/2736/1
f 3134/2739/1 3145/2740/1 3146/2737/1
f 3157/6/1 3167/2741/1 3168/2738/1
f 3135/2742/1 3145/2740/1 3134/2739/1
f 3158/2743/1 3167/2741/1 3157/6/1
f 3135/2742/1 3144/2744/1 3145/2740/1
f 3136/116/1 3144/2744/1 3135/2742/1
f 3158/2743/1 3166/2745/1 3167/2741/1
f 3159/2746/1 3166/2745/1 3158/2743/1
f 3136/116/1 3143/1200/1 3144/2744/1
f 3137/2747/1 3143/1200/1 3136/116/1
f 3159/2746/1 3165/2748/1 3166/2745/1
f 3160/2749/1 3165/2748/1 3159/2746/1
f 3138/2750/1 3143/1200/1 3137/2747/1
f 3138/2750/1 3142/2751/1 3143/1200/1
f 3160/2749/1 3164/1162/1 3165/2748/1
f 3139/2752/1 3142/2751/1 3138/2750/1
f 3161/2753/1 3164/1162/1 3160/2749/1
f 3139/2752/1 3141/2754/1 3142/2751/1
f 3161/2753/1 3162/2755/1 3164/1162/1
f 3162/2755/1 3163/2756/1 3164/1162/1
f 3139/2752/1 3140/2757/1 3141/2754/1
f 3229/2758/1 3227/2759/1 3228/2760/1
f 3229/2758/1 3226/2761/1 3227/2759/1
f 3230/2762/1 3226/2761/1 3229/2758/1
f 3230/2762/1 3225/2763/1 3226/2761/1
f 3231/2764/1 3225/2763/1 3230/2762/1
f 3231/2764/1 3224/2765/1 3225/2763/1
f 3232/2766/1 3224/2765/1 3231/2764/1
f 3232/2766/1 3223/2767/1 3224/2765/1
f 3233/2768/1 3223/2767/1 3232/2766/1
f 3233/2768/1 3222/2769/1 3223/2767/1
f 3234/2770/1 3222/2769/1 3233/2768/1
f 3234/2770/1 3221/2771/1 3222/2769/1
f 3235/2772/1 3221/2771/1 3234/2770/1
f 3235/2772/1 3220/2773/1 3221/2771/1
f 3236/2774/1 3220/2773/1 3235/2772/1
f 3236/2774/1 3219/2775/1 3220/2773/1
f 3237/2776/1 3219/2775/1 3236/2774/1
f 3237/2776/1 3218/2777/1 3219/2775/1
f 3238/2778/1 3218/2777/1 3237/2776/1
f 3238/2778/1 3217/2779/1 3218/2777/1
f 3239/2780/1 3217/2779/1 3238/2778/1
f 3239/2780/1 3216/2781/1 3217/2779/1
f 3240/2782/1 3216/2781/1 3239/2780/1
f 3240/2782/1 3215/2783/1 3216/2781/1
f 3241/2784/1 3215/2783/1 3240/2782/1
f 3241/2784/1 3214/2785/1 3215/2783/1
f 3202/2786/1 3200/132/1 3201/2787/1
f 3203/2788/1 3200/132/1 3202/2786/1
f 3204/2789/1 3200/132/1 3203/2788/1
f 3205/2790/1 3200/132/1 3204/2789/1
f 3255/2791/1 3253/2792/1 3254/2793/1
f 3206/2794/1 3200/132/1 3205/2790/1
f 3255/2791/1 3252/2795/1 3253/2792/1
f 3207/2796/1 3200/132/1 3206/2794/1
f 3255/2791/1 3251/2797/1 3252/2795/1
f 3208/2798/1 3200/132/1 3207/2796/1
f 3255/2791/1 3250/2799/1 3251/2797/1
f 3255/2791/1 3249/2800/1 3250/2799/1
f 3209/2801/1 3200/132/1 3208/2798/1
f 3255/2791/1 3248/2802/1 3249/2800/1
f 3210/2803/1 3200/132/1 3209/2801/1
f 3255/2791/1 3247/646/1 3248/2802/1
f 3255/2791/1 3246/2804/1 3247/646/1
f 3211/2805/1 3200/132/1 3210/2803/1
f 3255/2791/1 3245/2806/1 3246/2804/1
f 3212/2807/1 3200/132/1 3211/2805/1
f 3255/2791/1 3244/2808/1 3245/2806/1
f 3255/2791/1 3243/2809/1 3244/2808/1
f 3213/2810/1 3200/132/1 3212/2807/1
f 3255/2791/1 3242/2811/1 3243/2809/1
f 3255/2791/1 3241/2784/1 3242/2811/1
f 3255/2791/1 3214/2785/1 3241/2784/1
f 3255/2791/1 3213/2810/1 3214/2785/1
f 3255/2791/1 3200/132/1 3213/2810/1
f 3256/2812/1 3200/132/1 3255/2791/1
f 3257/2813/1 3200/132/1 3256/2812/1
f 3258/2814/1 3200/132/1 3257/2813/1
f 3259/2815/1 3200/132/1 3258/2814/1
f 3259/2815/1 3388/2/1 3200/132/1
f 3260/2816/1 3388/2/1 3259/2815/1
f 3260/2816/1 3387/2817/1 3388/2/1
f 3260/2816/1 3386/2818/1 3387/2817/1
f 3261/2819/1 3386/2818/1 3260/2816/1
f 3261/2819/1 3385/2820/1 3386/2818/1
f 3262/2821/1 3385/2820/1 3261/2819/1
f 3262/2821/1 3384/2822/1 3385/2820/1
f 3263/2823/1 3384/2822/1 3262/2821/1
f 3263/2823/1 3383/2824/1 3384/2822/1
f 3263/2823/1 3382/2825/1 3383/2824/1
f 3264/2826/1 3382/2825/1 3263/2823/1
f 3264/2826/1 3381/2827/1 3382/2825/1
f 3265/2828/1 3381/2827/1 3264/2826/1
f 3265/2828/1 3380/2829/1 3381/2827/1
f 3266/2830/1 3380/2829/1 3265/2828/1
f 3266/2830/1 3316/2831/1 3380/2829/1
f 3316/2831/1 3379/2832/1 3380/2829/1
f 3267/2833/1 3315/2834/1 3266/2830/1
f 3315/2834/1 3316/2831/1 3266/2830/1
f 3267/2833/1 3314/2835/1 3315/2834/1
f 3317/2836/1 3379/2832/1 3316/2831/1
f 3317/2836/1 3378/2837/1 3379/2832/1
f 3317/2836/1 3377/2838/1 3378/2837/1
f 3268/2839/1 3314/2835/1 3267/2833/1
f 3268/2839/1 3313/2840/1 3314/2835/1
f 3317/2836/1 3376/2841/1 3377/2838/1
f 3269/2842/1 3313/2840/1 3268/2839/1
f 3318/2843/1 3376/2841/1 3317/2836/1
f 3269/2842/1 3312/2844/1 3313/2840/1
f 3318/2843/1 3375/2845/1 3376/2841/1
f 3270/2846/1 3312/2844/1 3269/2842/1
f 3270/2846/1 3311/2847/1 3312/2844/1
f 3319/2848/1 3375/2845/1 3318/2843/1
f 3271/2849/1 3311/2847/1 3270/2846/1
f 3319/2848/1 3374/2850/1 3375/2845/1
f 3271/2849/1 3310/2851/1 3311/2847/1
f 3320/2852/1 3374/2850/1 3319/2848/1
f 3272/2853/1 3310/2851/1 3271/2849/1
f 3272/2853/1 3309/2854/1 3310/2851/1
f 3320/2852/1 3373/2855/1 3374/2850/1
f 3273/2856/1 3309/2854/1 3272/2853/1
f 3273/2856/1 3308/2857/1 3309/2854/1
f 3321/2858/1 3373/2855/1 3320/2852/1
f 3321/2858/1 3372/2859/1 3373/2855/1
f 3274/2860/1 3308/2857/1 3273/2856/1
f 3274/2860/1 3307/2861/1 3308/2857/1
f 3322/2862/1 3372/2859/1 3321/2858/1
f 3275/2863/1 3307/2861/1 3274/2860/1
f 3275/2863/1 3306/2864/1 3307/2861/1
f 3322/2862/1 3371/2865/1 3372/2859/1
f 3276/2866/1 3306/2864/1 3275/2863/1
f 3276/2866/1 3305/2867/1 3306/2864/1
f 3323/2868/1 3371/2865/1 3322/2862/1
f 3277/2869/1 3305/2867/1 3276/2866/1
f 3323/2868/1 3370/2870/1 3371/2865/1
f 3277/2869/1 3304/2871/1 3305/2867/1
f 3278/2872/1 3304/2871/1 3277/2869/1
f 3278/2872/1 3303/2873/1 3304/2871/1
f 3324/2874/1 3370/2870/1 3323/2868/1
f 3279/2875/1 3303/2873/1 3278/2872/1
f 3279/2875/1 3302/2876/1 3303/2873/1
f 3280/2877/1 3302/2876/1 3279/2875/1
f 3324/2874/1 3369/2878/1 3370/2870/1
f 3280/2877/1 3301/2879/1 3302/2876/1
f 3281/2880/1 3301/2879/1 3280/2877/1
f 3281/2880/1 3300/2881/1 3301/2879/1
f 3282/2882/1 3300/2881/1 3281/2880/1
f 3282/2882/1 3299/2883/1 3300/2881/1
f 3283/2884/1 3299/2883/1 3282/2882/1
f 3325/2885/1 3369/2878/1 3324/2874/1
f 3283/2884/1 3298/2886/1 3299/2883/1
f 3284/2887/1 3298/2886/1 3283/2884/1
f 3284/2887/1 3297/2888/1 3298/2886/1
f 3285/2889/1 3297/2888/1 3284/2887/1
f 3285/2889/1 3296/2890/1 3297/2888/1
f 3325/2885/1 3368/2891/1 3369/2878/1
f 3286/2892/1 3296/2890/1 3285/2889/1
f 3286/2892/1 3295/2893/1 3296/2890/1
f 3287/2894/1 3295/2893/1 3286/2892/1
f 3287/2894/1 3294/113/1 3295/2893/1
f 3326/2895/1 3368/2891/1 3325/2885/1
f 3288/2896/1 3294/113/1 3287/2894/1
f 3288/2896/1 3293/2897/1 3294/113/1
f 3289/2898/1 3293/2897/1 3288/2896/1
f 3289/2898/1 3292/2899/1 3293/2897/1
f 3290/2900/1 3292/2899/1 3289/2898/1
f 3290/2900/1 3291/2901/1 3292/2899/1
f 3326/2895/1 3367/2902/1 3368/2891/1
f 3327/2903/1 3367/2902/1 3326/2895/1
f 3327/2903/1 3366/2904/1 3367/2902/1
f 3328/2905/1 3366/2904/1 3327/2903/1
f 3328/2905/1 3365/2906/1 3366/2904/1
f 3329/2907/1 3365/2906/1 3328/2905/1
f 3329/2907/1 3364/2908/1 3365/2906/1
f 3330/2909/1 3364/2908/1 3329/2907/1
f 3331/2910/1 3364/2908/1 3330/2909/1
f 3331/2910/1 3363/2911/1 3364/2908/1
f 3332/2912/1 3363/2911/1 3331/2910/1
f 3332/2912/1 3362/2913/1 3363/2911/1
f 3333/2914/1 3362/2913/1 3332/2912/1
f 3334/2915/1 3362/2913/1 3333/2914/1
f 3334/2915/1 3361/2916/1 3362/2913/1
f 3335/2917/1 3361/2916/1 3334/2915/1
f 3336/2918/1 3361/2916/1 3335/2917/1
f 3336/2918/1 3360/2919/1 3361/2916/1
f 3337/2920/1 3360/2919/1 3336/2918/1
f 3337/2920/1 3359/2921/1 3360/2919/1
f 3338/2922/1 3359/2921/1 3337/2920/1
f 3339/2923/1 3359/2921/1 3338/2922/1
f 3340/2924/1 3359/2921/1 3339/2923/1
f 3340/2924/1 3358/2925/1 3359/2921/1
f 3341/625/1 3358/2925/1 3340/2924/1
f 3342/2926/1 3358/2925/1 3341/625/1
f 3343/2927/1 3358/2925/1 3342/2926/1
f 3344/2928/1 3358/2925/1 3343/2927/1
f 3345/2929/1 3358/2925/1 3344/2928/1
f 3346/2930/1 3358/2925/1 3345/2929/1
f 3346/2930/1 3357/2931/1 3358/2925/1
f 3347/2932/1 3357/2931/1 3346/2930/1
f 3348/2933/1 3357/2931/1 3347/2932/1
f 3349/2934/1 3357/2931/1 3348/2933/1
f 3350/2935/1 3357/2931/1 3349/2934/1
f 3351/2936/1 3357/2931/1 3350/2935/1
f 3352/2937/1 3357/2931/1 3351/2936/1
f 3353/2938/1 3357/2931/1 3352/2937/1
f 3353/2938/1 3356/2939/1 3357/2931/1
f 3353/2938/1 3355/2940/1 3356/2939/1
f 3353/2938/1 3354/2941/1 3355/2940/1
f 3476/2752/1 3474/2747/1 3475/2750/1
f 3440/2696/1 3438/320/1 3439/2684/1
f 3476/2752/1 3473/116/1 3474/2747/1
f 3441/2685/1 3438/320/1 3440/2696/1
f 3476/2752/1 3472/2742/1 3473/116/1
f 3442/2686/1 3438/320/1 3441/2685/1
f 3476/2752/1 3471/2739/1 3472/2742/1
f 3443/2687/1 3438/320/1 3442/2686/1
f 3476/2752/1 3470/2735/1 3471/2739/1
f 3444/2688/1 3438/320/1 3443/2687/1
f 3476/2752/1 3469/2731/1 3470/2735/1
f 3445/1196/1 3438/320/1 3444/2688/1
f 3476/2752/1 3468/2727/1 3469/2731/1
f 3446/2689/1 3438/320/1 3445/1196/1
f 3476/2752/1 3467/2724/1 3468/2727/1
f 3447/2690/1 3438/320/1 3446/2689/1
f 3476/2752/1 3466/1220/1 3467/2724/1
f 3448/2691/1 3438/320/1 3447/2690/1
f 3476/2752/1 3465/2718/1 3466/1220/1
f 3449/2692/1 3438/320/1 3448/2691/1
f 3476/2752/1 3464/2716/1 3465/2718/1
f 3450/2693/1 3438/320/1 3449/2692/1
f 3476/2752/1 3463/2714/1 3464/2716/1
f 3451/2694/1 3438/320/1 3450/2693/1
f 3476/2752/1 3462/2712/1 3463/2714/1
f 3476/2752/1 3461/2711/1 3462/2712/1
f 3476/2752/1 3460/2709/1 3461/2711/1
f 3476/2752/1 3459/1213/1 3460/2709/1
f 3476/2752/1 3458/2707/1 3459/1213/1
f 3476/2752/1 3457/2705/1 3458/2707/1
f 3476/2752/1 3456/2703/1 3457/2705/1
f 3476/2752/1 3455/2701/1 3456/2703/1
f 3476/2752/1 3454/2699/1 3455/2701/1
f 3476/2752/1 3453/2698/1 3454/2699/1
f 3476/2752/1 3452/222/1 3453/2698/1
f 3476/2752/1 3451/2694/1 3452/222/1
f 3476/2752/1 3477/2757/1 3451/2694/1
f 3477/2757/1 3478/2754/1 3451/2694/1
f 3478/2754/1 3479/2751/1 3451/2694/1
f 3479/2751/1 3480/1200/1 3451/2694/1
f 3480/1200/1 3481/2744/1 3451/2694/1
f 3481/2744/1 3482/2740/1 3451/2694/1
f 3482/2740/1 3483/2737/1 3451/2694/1
f 3483/2737/1 3484/2733/1 3451/2694/1
f 3484/2733/1 3485/2729/1 3451/2694/1
f 3485/2729/1 3438/320/1 3451/2694/1
f 3485/2729/1 3437/2679/1 3438/320/1
f 3485/2729/1 3436/2678/1 3437/2679/1
f 3485/2729/1 3486/2726/1 3436/2678/1
f 3486/2726/1 3435/2676/1 3436/2678/1
f 3486/2726/1 3434/2675/1 3435/2676/1
f 3486/2726/1 3433/2673/1 3434/2675/1
f 3486/2726/1 3432/2671/1 3433/2673/1
f 3486/2726/1 3487/572/1 3432/2671/1
f 3487/572/1 3431/199/1 3432/2671/1
f 3487/572/1 3430/2669/1 3431/199/1
f 3487/572/1 3429/2667/1 3430/2669/1
f 3487/572/1 3428/2665/1 3429/2667/1
f 3487/572/1 3488/2720/1 3428/2665/1
f 3488/2720/1 3427/2635/1 3428/2665/1
f 3488/2720/1 3426/2637/1 3427/2635/1
f 3488/2720/1 3489/2722/1 3426/2637/1
f 3489/2722/1 3490/2725/1 3426/2637/1
f 3490/2725/1 3492/2732/1 3426/2637/1
f 3492/2732/1 3493/2736/1 3426/2637/1
f 3493/2736/1 3494/6/1 3426/2637/1
f 3494/6/1 3495/2743/1 3426/2637/1
f 3495/2743/1 3496/2746/1 3426/2637/1
f 3496/2746/1 3498/2753/1 3426/2637/1
f 3498/2753/1 3499/2755/1 3426/2637/1
f 3499/2755/1 3500/2756/1 3426/2637/1
f 3500/2756/1 3425/2636/1 3426/2637/1
f 3491/2728/1 3492/2732/1 3490/2725/1
f 3497/2749/1 3498/2753/1 3496/2746/1
f 3501/1162/1 3425/2636/1 3500/2756/1
f 3502/2748/1 3425/2636/1 3501/1162/1
f 3502/2748/1 3424/1189/1 3425/2636/1
f 3503/2745/1 3424/1189/1 3502/2748/1
f 3503/2745/1 3423/2639/1 3424/1189/1
f 3504/2741/1 3423/2639/1 3503/2745/1
f 3504/2741/1 3422/2641/1 3423/2639/1
f 3505/2738/1 3422/2641/1 3504/2741/1
f 3505/2738/1 3421/2643/1 3422/2641/1
f 3506/2734/1 3421/2643/1 3505/2738/1
f 3506/2734/1 3420/2644/1 3421/2643/1
f 3507/2730/1 3420/2644/1 3506/2734/1
f 3525/2683/1 3523/2697/1 3524/2695/1
f 3508/1149/1 3420/2644/1 3507/2730/1
f 3508/1149/1 3419/2645/1 3420/2644/1
f 3525/2683/1 3522/1147/1 3523/2697/1
f 3525/2683/1 3521/2700/1 3522/1147/1
f 3525/2683/1 3520/2702/1 3521/2700/1
f 3509/2723/1 3419/2645/1 3508/1149/1
f 3525/2683/1 3519/2704/1 3520/2702/1
f 3509/2723/1 3418/2647/1 3419/2645/1
f 3525/2683/1 3518/2706/1 3519/2704/1
f 3526/2682/1 3518/2706/1 3525/2683/1
f 3527/2681/1 3518/2706/1 3526/2682/1
f 3527/2681/1 3517/2708/1 3518/2706/1
f 3510/2721/1 3418/2647/1 3509/2723/1
f 3528/2680/1 3517/2708/1 3527/2681/1
f 3510/2721/1 3417/1188/1 3418/2647/1
f 3528/2680/1 3516/2710/1 3517/2708/1
f 3529/1141/1 3516/2710/1 3528/2680/1
f 3529/1141/1 3515/76/1 3516/2710/1
f 3511/2719/1 3417/1188/1 3510/2721/1
f 3530/2677/1 3515/76/1 3529/1141/1
f 3530/2677/1 3514/2713/1 3515/76/1
f 3511/2719/1 3416/2650/1 3417/1188/1
f 3530/2677/1 3513/2715/1 3514/2713/1
f 3531/2674/1 3513/2715/1 3530/2677/1
f 3512/2717/1 3416/2650/1 3511/2719/1
f 3531/2674/1 3512/2717/1 3513/2715/1
f 3532/2672/1 3512/2717/1 3531/2674/1
f 3512/2717/1 3415/2652/1 3416/2650/1
f 3532/2672/1 3415/2652/1 3512/2717/1
f 3533/2670/1 3415/2652/1 3532/2672/1
f 3533/2670/1 3414/2654/1 3415/2652/1
f 3534/2668/1 3414/2654/1 3533/2670/1
f 3535/2666/1 3414/2654/1 3534/2668/1
f 3535/2666/1 3413/2656/1 3414/2654/1
f 3536/2/1 3413/2656/1 3535/2666/1
f 3536/2/1 3412/2657/1 3413/2656/1
f 3389/132/1 3412/2657/1 3536/2/1
f 3389/132/1 3411/2658/1 3412/2657/1
f 3390/2633/1 3411/2658/1 3389/132/1
f 3390/2633/1 3410/185/1 3411/2658/1
f 3391/2632/1 3410/185/1 3390/2633/1
f 3391/2632/1 3409/2659/1 3410/185/1
f 3392/2634/1 3409/2659/1 3391/2632/1
f 3392/2634/1 3408/2660/1 3409/2659/1
f 3393/2638/1 3408/2660/1 3392/2634/1
f 3393/2638/1 3407/2661/1 3408/2660/1
f 3394/2640/1 3407/2661/1 3393/2638/1
f 3394/2640/1 3406/2662/1 3407/2661/1
f 3395/2642/1 3406/2662/1 3394/2640/1
f 3395/2642/1 3405/2663/1 3406/2662/1
f 3395/2642/1 3404/2664/1 3405/2663/1
f 3396/1131/1 3404/2664/1 3395/2642/1
f 3396/1131/1 3403/1140/1 3404/2664/1
f 3397/2646/1 3403/1140/1 3396/1131/1
f 3397/2646/1 3402/2655/1 3403/1140/1
f 3398/2648/1 3402/2655/1 3397/2646/1
f 3398/2648/1 3399/2649/1 3402/2655/1
f 3399/2649/1 3400/2651/1 3402/2655/1
f 3400/2651/1 3401/2653/1 3402/2655/1
f 3734/2942/1 3732/2943/1 3733/2944/1
f 3735/835/1 3732/2943/1 3734/2942/1
f 3735/835/1 3731/2945/1 3732/2943/1
f 3736/2946/1 3731/2945/1 3735/835/1
f 3736/2946/1 3730/2947/1 3731/2945/1
f 3737/2948/1 3730/2947/1 3736/2946/1
f 3737/2948/1 3729/2949/1 3730/2947/1
f 3738/2950/1 3729/2949/1 3737/2948/1
f 3738/2950/1 3728/2951/1 3729/2949/1
f 3739/2952/1 3728/2951/1 3738/2950/1
f 3739/2952/1 3727/2953/1 3728/2951/1
f 3740/2954/1 3727/2953/1 3739/2952/1
f 3740/2954/1 3726/776/1 3727/2953/1
f 3741/2955/1 3548/2956/1 3740/2954/1
f 3548/2956/1 3549/2957/1 3740/2954/1
f 3549/2957/1 3726/776/1 3740/2954/1
f 3549/2957/1 3550/2958/1 3726/776/1
f 3550/2958/1 3725/2959/1 3726/776/1
f 3741/2955/1 3547/2960/1 3548/2956/1
f 3551/2961/1 3725/2959/1 3550/2958/1
f 3741/2955/1 3546/883/1 3547/2960/1
f 3552/2962/1 3725/2959/1 3551/2961/1
f 3741/2955/1 3545/2963/1 3546/883/1
f 3553/2964/1 3725/2959/1 3552/2962/1
f 3741/2955/1 3544/2965/1 3545/2963/1
f 3554/2966/1 3725/2959/1 3553/2964/1
f 3742/2967/1 3544/2965/1 3741/2955/1
f 3554/2966/1 3724/2968/1 3725/2959/1
f 3742/2967/1 3543/2969/1 3544/2965/1
f 3555/895/1 3724/2968/1 3554/2966/1
f 3742/2967/1 3542/2970/1 3543/2969/1
f 3556/2971/1 3724/2968/1 3555/895/1
f 3743/2972/1 3542/2970/1 3742/2967/1
f 3556/2971/1 3723/2973/1 3724/2968/1
f 3743/2972/1 3541/2974/1 3542/2970/1
f 3557/2975/1 3723/2973/1 3556/2971/1
f 3743/2972/1 3540/2976/1 3541/2974/1
f 3558/2977/1 3723/2973/1 3557/2975/1
f 3744/2/1 3540/2976/1 3743/2972/1
f 3558/2977/1 3722/2978/1 3723/2973/1
f 3744/2/1 3539/2979/1 3540/2976/1
f 3559/2980/1 3722/2978/1 3558/2977/1
f 3744/2/1 3538/2981/1 3539/2979/1
f 3560/1040/1 3722/2978/1 3559/2980/1
f 3585/2982/1 3538/2981/1 3744/2/1
f 3560/1040/1 3721/1065/1 3722/2978/1
f 3585/2982/1 3537/132/1 3538/2981/1
f 3561/2983/1 3721/1065/1 3560/1040/1
f 3586/2984/1 3537/132/1 3585/2982/1
f 3586/2984/1 3584/2985/1 3537/132/1
f 3562/2986/1 3721/1065/1 3561/2983/1
f 3562/2986/1 3720/2987/1 3721/1065/1
f 3587/2988/1 3584/2985/1 3586/2984/1
f 3588/2989/1 3584/2985/1 3587/2988/1
f 3589/2990/1 3584/2985/1 3588/2989/1
f 3589/2990/1 3583/1125/1 3584/2985/1
f 3563/2991/1 3720/2987/1 3562/2986/1
f 3590/2992/1 3583/1125/1 3589/2990/1
f 3591/945/1 3583/1125/1 3590/2992/1
f 3563/2991/1 3719/2993/1 3720/2987/1
f 3592/2994/1 3583/1125/1 3591/945/1
f 3592/2994/1 3582/913/1 3583/1125/1
f 3564/910/1 3719/2993/1 3563/2991/1
f 3593/2995/1 3582/913/1 3592/2994/1
f 3594/2996/1 3582/913/1 3593/2995/1
f 3595/2997/1 3582/913/1 3594/2996/1
f 3595/2997/1 3581/2998/1 3582/913/1
f 3565/2999/1 3719/2993/1 3564/910/1
f 3623/3000/1 3621/3001/1 3622/3002/1
f 3596/3003/1 3581/2998/1 3595/2997/1
f 3623/3000/1 3620/3004/1 3621/3001/1
f 3623/3000/1 3619/3005/1 3620/3004/1
f 3623/3000/1 3618/906/1 3619/3005/1
f 3597/3006/1 3581/2998/1 3596/3003/1
f 3623/3000/1 3617/3007/1 3618/906/1
f 3565/2999/1 3718/3008/1 3719/2993/1
f 3623/3000/1 3616/3009/1 3617/3007/1
f 3623/3000/1 3615/3010/1 3616/3009/1
f 3623/3000/1 3614/3011/1 3615/3010/1
f 3598/3012/1 3581/2998/1 3597/3006/1
f 3623/3000/1 3613/3013/1 3614/3011/1
f 3623/3000/1 3612/3014/1 3613/3013/1
f 3623/3000/1 3611/3015/1 3612/3014/1
f 3623/3000/1 3610/3016/1 3611/3015/1
f 3623/3000/1 3609/952/1 3610/3016/1
f 3623/3000/1 3608/3017/1 3609/952/1
f 3623/3000/1 3607/3018/1 3608/3017/1
f 3623/3000/1 3606/320/1 3607/3018/1
f 3623/3000/1 3605/3019/1 3606/320/1
f 3623/3000/1 3604/3020/1 3605/3019/1
f 3623/3000/1 3603/3021/1 3604/3020/1
f 3623/3000/1 3602/3022/1 3603/3021/1
f 3623/3000/1 3601/3023/1 3602/3022/1
f 3623/3000/1 3600/968/1 3601/3023/1
f 3623/3000/1 3599/3024/1 3600/968/1
f 3623/3000/1 3598/3012/1 3599/3024/1
f 3623/3000/1 3581/2998/1 3598/3012/1
f 3623/3000/1 3580/3025/1 3581/2998/1
f 3566/3026/1 3718/3008/1 3565/2999/1
f 3623/3000/1 3579/3027/1 3580/3025/1
f 3567/3028/1 3718/3008/1 3566/3026/1
f 3567/3028/1 3717/828/1 3718/3008/1
f 3623/3000/1 3578/3029/1 3579/3027/1
f 3568/3030/1 3717/828/1 3567/3028/1
f 3623/3000/1 3577/3031/1 3578/3029/1
f 3569/3032/1 3717/828/1 3568/3030/1
f 3569/3032/1 3716/3033/1 3717/828/1
f 3623/3000/1 3576/3034/1 3577/3031/1
f 3570/3035/1 3716/3033/1 3569/3032/1
f 3623/3000/1 3575/3036/1 3576/3034/1
f 3571/3037/1 3716/3033/1 3570/3035/1
f 3623/3000/1 3574/3038/1 3575/3036/1
f 3572/3039/1 3716/3033/1 3571/3037/1
f 3623/3000/1 3573/929/1 3574/3038/1
f 3573/929/1 3716/3033/1 3572/3039/1
f 3623/3000/1 3716/3033/1 3573/929/1
f 3623/3000/1 3715/3040/1 3716/3033/1
f 3623/3000/1 3627/879/1 3715/3040/1
f 3627/879/1 3628/3041/1 3715/3040/1
f 3628/3041/1 3629/1018/1 3715/3040/1
f 3629/1018/1 3630/3042/1 3715/3040/1
f 3630/3042/1 3714/3043/1 3715/3040/1
f 3630/3042/1 3631/3044/1 3714/3043/1
f 3631/3044/1 3632/3045/1 3714/3043/1
f 3632/3045/1 3713/3046/1 3714/3043/1
f 3632/3045/1 3633/3047/1 3713/3046/1
f 3633/3047/1 3712/3048/1 3713/3046/1
f 3633/3047/1 3634/3049/1 3712/3048/1
f 3634/3049/1 3697/3050/1 3712/3048/1
f 3697/3050/1 3711/3051/1 3712/3048/1
f 3634/3049/1 3635/3052/1 3697/3050/1
f 3635/3052/1 3636/868/1 3697/3050/1
f 3636/868/1 3637/3053/1 3697/3050/1
f 3637/3053/1 3638/3054/1 3697/3050/1
f 3638/3054/1 3639/3055/1 3697/3050/1
f 3639/3055/1 3640/3056/1 3697/3050/1
f 3640/3056/1 3641/3057/1 3697/3050/1
f 3641/3057/1 3642/3058/1 3697/3050/1
f 3642/3058/1 3644/3059/1 3697/3050/1
f 3644/3059/1 3646/3060/1 3697/3050/1
f 3646/3060/1 3647/3061/1 3697/3050/1
f 3647/3061/1 3696/3062/1 3697/3050/1
f 3698/1092/1 3711/3051/1 3697/3050/1
f 3699/795/1 3711/3051/1 3698/1092/1
f 3700/3063/1 3711/3051/1 3699/795/1
f 3700/3063/1 3710/3064/1 3711/3051/1
f 3701/3065/1 3710/3064/1 3700/3063/1
f 3702/3066/1 3710/3064/1 3701/3065/1
f 3703/3067/1 3710/3064/1 3702/3066/1
f 3704/3068/1 3710/3064/1 3703/3067/1
f 3705/3069/1 3710/3064/1 3704/3068/1
f 3705/3069/1 3709/3070/1 3710/3064/1
f 3706/3071/1 3709/3070/1 3705/3069/1
f 3707/3072/1 3709/3070/1 3706/3071/1
f 3708/845/1 3709/3070/1 3707/3072/1
f 3643/3073/1 3644/3059/1 3642/3058/1
f 3645/750/1 3646/3060/1 3644/3059/1
f 3648/3074/1 3696/3062/1 3647/3061/1
f 3623/3000/1 3626/3075/1 3627/879/1
f 3623/3000/1 3625/3076/1 3626/3075/1
f 3623/3000/1 3624/3077/1 3625/3076/1
f 3648/3074/1 3695/3078/1 3696/3062/1
f 3649/3079/1 3695/3078/1 3648/3074/1
f 3649/3079/1 3694/3080/1 3695/3078/1
f 3650/3081/1 3694/3080/1 3649/3079/1
f 3650/3081/1 3693/3082/1 3694/3080/1
f 3651/3083/1 3693/3082/1 3650/3081/1
f 3651/3083/1 3692/3084/1 3693/3082/1
f 3652/985/1 3692/3084/1 3651/3083/1
f 3652/985/1 3691/3085/1 3692/3084/1
f 3653/3086/1 3691/3085/1 3652/985/1
f 3653/3086/1 3690/743/1 3691/3085/1
f 3654/810/1 3690/743/1 3653/3086/1
f 3654/810/1 3689/3087/1 3690/743/1
f 3655/3088/1 3689/3087/1 3654/810/1
f 3656/3089/1 3689/3087/1 3655/3088/1
f 3656/3089/1 3688/3090/1 3689/3087/1
f 3657/3091/1 3688/3090/1 3656/3089/1
f 3657/3091/1 3687/3092/1 3688/3090/1
f 3658/3093/1 3687/3092/1 3657/3091/1
f 3658/3093/1 3686/3094/1 3687/3092/1
f 3659/3095/1 3686/3094/1 3658/3093/1
f 3659/3095/1 3685/3096/1 3686/3094/1
f 3660/3097/1 3685/3096/1 3659/3095/1
f 3660/3097/1 3684/3098/1 3685/3096/1
f 3661/3099/1 3684/3098/1 3660/3097/1
f 3661/3099/1 3683/3100/1 3684/3098/1
f 3662/3101/1 3683/3100/1 3661/3099/1
f 3663/772/1 3683/3100/1 3662/3101/1
f 3663/772/1 3682/3102/1 3683/3100/1
f 3664/3103/1 3682/3102/1 3663/772/1
f 3664/3103/1 3681/800/1 3682/3102/1
f 3665/3104/1 3681/800/1 3664/3103/1
f 3665/3104/1 3680/3105/1 3681/800/1
f 3666/3106/1 3680/3105/1 3665/3104/1
f 3666/3106/1 3679/3107/1 3680/3105/1
f 3667/3108/1 3679/3107/1 3666/3106/1
f 3668/3109/1 3679/3107/1 3667/3108/1
f 3668/3109/1 3678/3110/1 3679/3107/1
f 3669/3111/1 3678/3110/1 3668/3109/1
f 3669/3111/1 3677/3112/1 3678/3110/1
f 3670/3113/1 3677/3112/1 3669/3111/1
f 3670/3113/1 3676/3114/1 3677/3112/1
f 3671/3115/1 3676/3114/1 3670/3113/1
f 3672/768/1 3676/3114/1 3671/3115/1
f 3672/768/1 3675/572/1 3676/3114/1
f 3672/768/1 3674/3116/1 3675/572/1
f 3672/768/1 3673/3117/1 3674/3116/1
f 3746/3118/1 3770/320/1 3745/132/1
f 3746/3118/1 3769/3119/1 3770/320/1
f 3746/3118/1 3768/3120/1 3769/3119/1
f 3746/3118/1 3767/3121/1 3768/3120/1
f 3747/3122/1 3767/3121/1 3746/3118/1
f 3747/3122/1 3766/3123/1 3767/3121/1
f 3748/3124/1 3766/3123/1 3747/3122/1
f 3748/3124/1 3765/1542/1 3766/3123/1
f 3749/3125/1 3765/1542/1 3748/3124/1
f 3749/3125/1 3764/3126/1 3765/1542/1
f 3750/1504/1 3764/3126/1 3749/3125/1
f 3750/1504/1 3763/3127/1 3764/3126/1
f 3751/3128/1 3763/3127/1 3750/1504/1
f 3751/3128/1 3762/3129/1 3763/3127/1
f 3752/3130/1 3762/3129/1 3751/3128/1
f 3798/3131/1 3796/3132/1 3797/3133/1
f 3752/3130/1 3761/3134/1 3762/3129/1
f 3753/3135/1 3761/3134/1 3752/3130/1
f 3753/3135/1 3760/921/1 3761/3134/1
f 3754/3136/1 3760/921/1 3753/3135/1
f 3799/3137/1 3796/3132/1 3798/3131/1
f 3754/3136/1 3759/3138/1 3760/921/1
f 3755/1512/1 3759/3138/1 3754/3136/1
f 3755/1512/1 3756/3139/1 3759/3138/1
f 3756/3139/1 3757/3140/1 3759/3138/1
f 3757/3140/1 3758/3141/1 3759/3138/1
f 3800/1526/1 3796/3132/1 3799/3137/1
f 3800/1526/1 3795/572/1 3796/3132/1
f 3801/3142/1 3795/572/1 3800/1526/1
f 3801/3142/1 3794/3143/1 3795/572/1
f 3802/3144/1 3794/3143/1 3801/3142/1
f 3802/3144/1 3793/3145/1 3794/3143/1
f 3803/3146/1 3793/3145/1 3802/3144/1
f 3803/3146/1 3792/3147/1 3793/3145/1
f 3804/3148/1 3792/3147/1 3803/3146/1
f 3804/3148/1 3791/3149/1 3792/3147/1
f 3805/818/1 3791/3149/1 3804/3148/1
f 3805/818/1 3790/782/1 3791/3149/1
f 3806/3150/1 3790/782/1 3805/818/1
f 3806/3150/1 3789/3151/1 3790/782/1
f 3807/3152/1 3789/3151/1 3806/3150/1
f 3807/3152/1 3788/3153/1 3789/3151/1
f 3808/3154/1 3788/3153/1 3807/3152/1
f 3808/3154/1 3787/3155/1 3788/3153/1
f 3809/3156/1 3787/3155/1 3808/3154/1
f 3809/3156/1 3786/3157/1 3787/3155/1
f 3810/1513/1 3786/3157/1 3809/3156/1
f 3811/3158/1 3786/3157/1 3810/1513/1
f 3811/3158/1 3785/1537/1 3786/3157/1
f 3812/3159/1 3785/1537/1 3811/3158/1
f 3813/3160/1 3785/1537/1 3812/3159/1
f 3813/3160/1 3784/3161/1 3785/1537/1
f 3814/3162/1 3784/3161/1 3813/3160/1
f 3815/1505/1 3784/3161/1 3814/3162/1
f 3815/1505/1 3783/3163/1 3784/3161/1
f 3816/3164/1 3783/3163/1 3815/1505/1
f 3816/3164/1 3782/3165/1 3783/3163/1
f 3817/3166/1 3782/3165/1 3816/3164/1
f 3817/3166/1 3781/3167/1 3782/3165/1
f 3818/3168/1 3781/3167/1 3817/3166/1
f 3818/3168/1 3780/1546/1 3781/3167/1
f 3819/3169/1 3780/1546/1 3818/3168/1
f 3820/2/1 3780/1546/1 3819/3169/1
f 3820/2/1 3779/3170/1 3780/1546/1
f 3771/3171/1 3779/3170/1 3820/2/1
f 3772/3172/1 3779/3170/1 3771/3171/1
f 3772/3172/1 3778/3173/1 3779/3170/1
f 3772/3172/1 3777/3174/1 3778/3173/1
f 3772/3172/1 3776/3175/1 3777/3174/1
f 3772/3172/1 3775/901/1 3776/3175/1
f 3772/3172/1 3774/3176/1 3775/901/1
f 3772/3172/1 3773/3177/1 3774/3176/1
f 3860/969/1 3858/3178/1 3859/3179/1
f 3860/969/1 3857/3180/1 3858/3178/1
f 3860/969/1 3856/626/1 3857/3180/1
f 3860/969/1 3855/3181/1 3856/626/1
f 3860/969/1 3854/3182/1 3855/3181/1
f 3861/602/1 3854/3182/1 3860/969/1
f 3861/602/1 3853/3183/1 3854/3182/1
f 3862/3184/1 3853/3183/1 3861/602/1
f 3863/3185/1 3853/3183/1 3862/3184/1
f 3863/3185/1 3852/3186/1 3853/3183/1
f 3864/3187/1 3852/3186/1 3863/3185/1
f 3864/3187/1 3851/665/1 3852/3186/1
f 3865/3188/1 3851/665/1 3864/3187/1
f 3865/3188/1 3850/3189/1 3851/665/1
f 3866/622/1 3850/3189/1 3865/3188/1
f 3866/622/1 3849/3190/1 3850/3189/1
f 3867/3191/1 3849/3190/1 3866/622/1
f 3867/3191/1 3848/3192/1 3849/3190/1
f 3868/3193/1 3848/3192/1 3867/3191/1
f 3869/3194/1 3848/3192/1 3868/3193/1
f 3869/3194/1 3847/921/1 3848/3192/1
f 3870/3195/1 3847/921/1 3869/3194/1
f 3870/3195/1 3846/691/1 3847/921/1
f 3871/658/1 3846/691/1 3870/3195/1
f 3872/3196/1 3846/691/1 3871/658/1
f 3873/901/1 3846/691/1 3872/3196/1
f 3823/3197/1 3821/132/1 3822/3198/1
f 3824/3199/1 3821/132/1 3823/3197/1
f 3825/3200/1 3821/132/1 3824/3199/1
f 3826/631/1 3821/132/1 3825/3200/1
f 3827/3201/1 3821/132/1 3826/631/1
f 3828/3202/1 3821/132/1 3827/3201/1
f 3829/3203/1 3821/132/1 3828/3202/1
f 3830/3204/1 3821/132/1 3829/3203/1
f 3831/657/1 3821/132/1 3830/3204/1
f 3832/3205/1 3821/132/1 3831/657/1
f 3833/3206/1 3821/132/1 3832/3205/1
f 3834/900/1 3821/132/1 3833/3206/1
f 3835/3207/1 3821/132/1 3834/900/1
f 3836/687/1 3821/132/1 3835/3207/1
f 3837/3208/1 3821/132/1 3836/687/1
f 3838/3209/1 3821/132/1 3837/3208/1
f 3839/3210/1 3821/132/1 3838/3209/1
f 3840/3211/1 3821/132/1 3839/3210/1
f 3840/3211/1 3951/2/1 3821/132/1
f 3841/708/1 3951/2/1 3840/3211/1
f 3842/3212/1 3951/2/1 3841/708/1
f 3843/3213/1 3951/2/1 3842/3212/1
f 3843/3213/1 3950/3214/1 3951/2/1
f 3844/3215/1 3950/3214/1 3843/3213/1
f 3845/3216/1 3950/3214/1 3844/3215/1
f 3846/691/1 3950/3214/1 3845/3216/1
f 3873/901/1 3950/3214/1 3846/691/1
f 3873/901/1 3927/3217/1 3950/3214/1
f 3927/3217/1 3949/3218/1 3950/3214/1
f 3873/901/1 3926/697/1 3927/3217/1
f 3928/3219/1 3949/3218/1 3927/3217/1
f 3874/3220/1 3926/697/1 3873/901/1
f 3929/3221/1 3949/3218/1 3928/3219/1
f 3929/3221/1 3948/3222/1 3949/3218/1
f 3875/3223/1 3926/697/1 3874/3220/1
f 3876/695/1 3926/697/1 3875/3223/1
f 3930/3224/1 3948/3222/1 3929/3221/1
f 3877/3225/1 3926/697/1 3876/695/1
f 3878/3226/1 3926/697/1 3877/3225/1
f 3879/3227/1 3926/697/1 3878/3226/1
f 3880/3228/1 3926/697/1 3879/3227/1
f 3881/720/1 3926/697/1 3880/3228/1
f 3882/3229/1 3926/697/1 3881/720/1
f 3883/3230/1 3926/697/1 3882/3229/1
f 3884/3231/1 3926/697/1 3883/3230/1
f 3885/3232/1 3926/697/1 3884/3231/1
f 3886/113/1 3926/697/1 3885/3232/1
f 3887/3233/1 3926/697/1 3886/113/1
f 3930/3224/1 3947/3234/1 3948/3222/1
f 3931/728/1 3947/3234/1 3930/3224/1
f 3887/3233/1 3888/3235/1 3926/697/1
f 3888/3235/1 3925/818/1 3926/697/1
f 3932/3236/1 3947/3234/1 3931/728/1
f 3932/3236/1 3946/637/1 3947/3234/1
f 3889/3237/1 3925/818/1 3888/3235/1
f 3933/3238/1 3946/637/1 3932/3236/1
f 3889/3237/1 3924/3239/1 3925/818/1
f 3933/3238/1 3945/3240/1 3946/637/1
f 3934/3241/1 3945/3240/1 3933/3238/1
f 3935/3242/1 3945/3240/1 3934/3241/1
f 3935/3242/1 3944/3243/1 3945/3240/1
f 3889/3237/1 3923/3244/1 3924/3239/1
f 3936/711/1 3944/3243/1 3935/3242/1
f 3936/711/1 3943/3245/1 3944/3243/1
f 3937/3246/1 3943/3245/1 3936/711/1
f 3889/3237/1 3922/3247/1 3923/3244/1
f 3938/796/1 3943/3245/1 3937/3246/1
f 3938/796/1 3942/3248/1 3943/3245/1
f 3939/3249/1 3942/3248/1 3938/796/1
f 3939/3249/1 3941/663/1 3942/3248/1
f 3940/3250/1 3941/663/1 3939/3249/1
f 3889/3237/1 3921/653/1 3922/3247/1
f 3889/3237/1 3920/3251/1 3921/653/1
f 3889/3237/1 3919/3252/1 3920/3251/1
f 3889/3237/1 3918/3253/1 3919/3252/1
f 3889/3237/1 3917/3254/1 3918/3253/1
f 3889/3237/1 3916/601/1 3917/3254/1
f 3889/3237/1 3915/3255/1 3916/601/1
f 3889/3237/1 3914/3256/1 3915/3255/1
f 3889/3237/1 3913/3257/1 3914/3256/1
f 3889/3237/1 3912/794/1 3913/3257/1
f 3889/3237/1 3911/593/1 3912/794/1
f 3889/3237/1 3910/3258/1 3911/593/1
f 3890/3259/1 3910/3258/1 3889/3237/1
f 3890/3259/1 3909/3260/1 3910/3258/1
f 3891/737/1 3909/3260/1 3890/3259/1
f 3891/737/1 3908/3261/1 3909/3260/1
f 3892/3262/1 3908/3261/1 3891/737/1
f 3892/3262/1 3907/3263/1 3908/3261/1
f 3893/3264/1 3907/3263/1 3892/3262/1
f 3893/3264/1 3906/614/1 3907/3263/1
f 3894/3265/1 3906/614/1 3893/3264/1
f 3894/3265/1 3905/3266/1 3906/614/1
f 3895/3267/1 3905/3266/1 3894/3265/1
f 3895/3267/1 3904/3268/1 3905/3266/1
f 3896/716/1 3904/3268/1 3895/3267/1
f 3896/716/1 3903/3269/1 3904/3268/1
f 3897/3270/1 3903/3269/1 3896/716/1
f 3897/3270/1 3902/3271/1 3903/3269/1
f 3898/3272/1 3902/3271/1 3897/3270/1
f 3898/3272/1 3899/782/1 3902/3271/1
f 3899/782/1 3900/3273/1 3902/3271/1
f 3900/3273/1 3901/666/1 3902/3271/1
f 4055/3274/1 4079/3275/1 4054/572/1
f 4055/3274/1 4078/53/1 4079/3275/1
f 4055/3274/1 4077/3276/1 4078/53/1
f 4056/3277/1 4077/3276/1 4055/3274/1
f 4056/3277/1 4076/3278/1 4077/3276/1
f 4057/3279/1 4076/3278/1 4056/3277/1
f 4057/3279/1 4075/3280/1 4076/3278/1
f 4058/3281/1 4075/3280/1 4057/3279/1
f 4029/3282/1 4053/3283/1 4028/3284/1
f 4029/3282/1 4052/3285/1 4053/3283/1
f 4058/3281/1 4074/3286/1 4075/3280/1
f 4059/3287/1 4074/3286/1 4058/3281/1
f 4029/3282/1 4051/38/1 4052/3285/1
f 4030/3288/1 4051/38/1 4029/3282/1
f 4059/3287/1 4073/3289/1 4074/3286/1
f 4060/3/1 4073/3289/1 4059/3287/1
f 4030/3288/1 4050/3290/1 4051/38/1
f 4031/3291/1 4050/3290/1 4030/3288/1
f 4061/3292/1 4073/3289/1 4060/3/1
f 4061/3292/1 4072/3293/1 4073/3289/1
f 4031/3291/1 4049/3294/1 4050/3290/1
f 4032/3295/1 4049/3294/1 4031/3291/1
f 4062/3296/1 4072/3293/1 4061/3292/1
f 4062/3296/1 4071/1092/1 4072/3293/1
f 4032/3295/1 4048/3297/1 4049/3294/1
f 4033/99/1 4048/3297/1 4032/3295/1
f 4063/3298/1 4071/1092/1 4062/3296/1
f 4063/3298/1 4070/3299/1 4071/1092/1
f 4034/3300/1 4048/3297/1 4033/99/1
f 4034/3300/1 4047/3301/1 4048/3297/1
f 4064/3302/1 4070/3299/1 4063/3298/1
f 4064/3302/1 4069/49/1 4070/3299/1
f 4035/3303/1 4047/3301/1 4034/3300/1
f 4035/3303/1 4046/3304/1 4047/3301/1
f 4065/3305/1 4069/49/1 4064/3302/1
f 4065/3305/1 4068/3306/1 4069/49/1
f 4036/3307/1 4046/3304/1 4035/3303/1
f 4036/3307/1 4045/3308/1 4046/3304/1
f 4066/3309/1 4068/3306/1 4065/3305/1
f 4066/3309/1 4067/3310/1 4068/3306/1
f 4037/985/1 4045/3308/1 4036/3307/1
f 4037/985/1 4044/3311/1 4045/3308/1
f 4038/3312/1 4044/3311/1 4037/985/1
f 4038/3312/1 4043/3313/1 4044/3311/1
f 4039/3314/1 4043/3313/1 4038/3312/1
f 4039/3314/1 4042/126/1 4043/3313/1
f 4040/3315/1 4042/126/1 4039/3314/1
f 4040/3315/1 4041/3316/1 4042/126/1
f 4081/3317/1 4105/2/1 4080/3318/1
f 4081/3317/1 4104/3319/1 4105/2/1
f 4081/3317/1 4103/3320/1 4104/3319/1
f 4081/3317/1 4102/3321/1 4103/3320/1
f 4081/3317/1 4101/3322/1 4102/3321/1
f 4081/3317/1 4100/3323/1 4101/3322/1
f 4082/3324/1 4100/3323/1 4081/3317/1
f 4082/3324/1 4099/3325/1 4100/3323/1
f 4083/3326/1 4099/3325/1 4082/3324/1
f 4083/3326/1 4098/3327/1 4099/3325/1
f 4084/3328/1 4098/3327/1 4083/3326/1
f 4084/3328/1 4097/3329/1 4098/3327/1
f 4085/3330/1 4097/3329/1 4084/3328/1
f 4085/3330/1 4096/78/1 4097/3329/1
f 4086/3331/1 4096/78/1 4085/3330/1
f 4086/3331/1 4095/3332/1 4096/78/1
f 4087/96/1 4095/3332/1 4086/3331/1
f 4087/96/1 4094/3333/1 4095/3332/1
f 4088/1065/1 4094/3333/1 4087/96/1
f 4088/1065/1 4089/3334/1 4094/3333/1
f 4089/3334/1 4090/3335/1 4094/3333/1
f 4090/3335/1 4091/3336/1 4094/3333/1
f 4091/3336/1 4092/3337/1 4094/3333/1
f 4092/3337/1 4093/3338/1 4094/3333/1
f 4003/320/1 4027/3339/1 4002/3340/1
f 3979/163/1 3977/3341/1 3978/3342/1
f 4003/320/1 4026/3343/1 4027/3339/1
f 4003/320/1 4025/3344/1 4026/3343/1
f 4003/320/1 4024/129/1 4025/3344/1
f 3980/3345/1 3977/3341/1 3979/163/1
f 4003/320/1 4023/3346/1 4024/129/1
f 4003/320/1 4022/3347/1 4023/3346/1
f 4003/320/1 4021/3348/1 4022/3347/1
f 4004/3349/1 4021/3348/1 4003/320/1
f 4005/3350/1 4021/3348/1 4004/3349/1
f 3981/3351/1 3977/3341/1 3980/3345/1
f 4005/3350/1 4020/1018/1 4021/3348/1
f 4006/221/1 4020/1018/1 4005/3350/1
f 3981/3351/1 3976/3352/1 3977/3341/1
f 4006/221/1 4019/3353/1 4020/1018/1
f 4007/3354/1 4019/3353/1 4006/221/1
f 4007/3354/1 4018/3355/1 4019/3353/1
f 4008/3356/1 4018/3355/1 4007/3354/1
f 3982/3357/1 3976/3352/1 3981/3351/1
f 4008/3356/1 4017/3358/1 4018/3355/1
f 4009/3359/1 4017/3358/1 4008/3356/1
f 3982/3357/1 3975/3360/1 3976/3352/1
f 4009/3359/1 4016/3361/1 4017/3358/1
f 4010/3362/1 4016/3361/1 4009/3359/1
f 4010/3362/1 4011/3363/1 4016/3361/1
f 4011/3363/1 4012/3364/1 4016/3361/1
f 4012/3364/1 4013/3365/1 4016/3361/1
f 4013/3365/1 4014/3366/1 4016/3361/1
f 4014/3366/1 4015/229/1 4016/3361/1
f 3983/3367/1 3975/3360/1 3982/3357/1
f 3983/3367/1 3974/3368/1 3975/3360/1
f 3984/3369/1 3974/3368/1 3983/3367/1
f 3984/3369/1 3973/3370/1 3974/3368/1
f 3985/3371/1 3973/3370/1 3984/3369/1
f 3985/3371/1 3972/3372/1 3973/3370/1
f 3986/1125/1 3972/3372/1 3985/3371/1
f 3986/1125/1 3971/3373/1 3972/3372/1
f 3987/3374/1 3971/3373/1 3986/1125/1
f 3987/3374/1 3970/169/1 3971/3373/1
f 3988/179/1 3970/169/1 3987/3374/1
f 3988/179/1 3969/1040/1 3970/169/1
f 3989/3375/1 3969/1040/1 3988/179/1
f 3989/3375/1 3968/3376/1 3969/1040/1
f 3990/3377/1 3968/3376/1 3989/3375/1
f 3990/3377/1 3967/3378/1 3968/3376/1
f 3991/3379/1 3967/3378/1 3990/3377/1
f 3992/3380/1 3967/3378/1 3991/3379/1
f 3992/3380/1 3966/3381/1 3967/3378/1
f 3993/3382/1 3966/3381/1 3992/3380/1
f 3994/3383/1 3966/3381/1 3993/3382/1
f 3994/3383/1 3965/3384/1 3966/3381/1
f 3995/3385/1 3965/3384/1 3994/3383/1
f 3996/3386/1 3965/3384/1 3995/3385/1
f 3997/203/1 3965/3384/1 3996/3386/1
f 3997/203/1 3964/3387/1 3965/3384/1
f 3998/3388/1 3964/3387/1 3997/203/1
f 3998/3388/1 3963/3389/1 3964/3387/1
f 3999/3390/1 3963/3389/1 3998/3388/1
f 4000/3391/1 3963/3389/1 3999/3390/1
f 4000/3391/1 3962/3392/1 3963/3389/1
f 4001/3393/1 3962/3392/1 4000/3391/1
f 3952/132/1 3962/3392/1 4001/3393/1
f 3952/132/1 3961/142/1 3962/3392/1
f 3953/3394/1 3961/142/1 3952/132/1
f 3953/3394/1 3960/3395/1 3961/142/1
f 3953/3394/1 3959/3396/1 3960/3395/1
f 3953/3394/1 3958/3397/1 3959/3396/1
f 3953/3394/1 3957/3398/1 3958/3397/1
f 3953/3394/1 3956/3399/1 3957/3398/1
f 3953/3394/1 3955/3400/1 3956/3399/1
f 3953/3394/1 3954/3401/1 3955/3400/1
f 4182/970/1 4180/971/1 4181/972/1
f 4183/973/1 4180/971/1 4182/970/1
f 4184/974/1 4180/971/1 4183/973/1
f 4185/975/1 4180/971/1 4184/974/1
f 4186/976/1 4180/971/1 4185/975/1
f 4187/113/1 4180/971/1 4186/976/1
f 4188/977/1 4180/971/1 4187/113/1
f 4189/978/1 4180/971/1 4188/977/1
f 4190/979/1 4180/971/1 4189/978/1
f 4191/980/1 4180/971/1 4190/979/1
f 4192/981/1 4180/971/1 4191/980/1
f 4193/982/1 4180/971/1 4192/981/1
f 4194/983/1 4180/971/1 4193/982/1
f 4195/984/1 4180/971/1 4194/983/1
f 4196/985/1 4180/971/1 4195/984/1
f 4197/986/1 4180/971/1 4196/985/1
f 4198/987/1 4180/971/1 4197/986/1
f 4199/988/1 4180/971/1 4198/987/1
f 4200/989/1 4180/971/1 4199/988/1
f 4201/990/1 4180/971/1 4200/989/1
f 4202/991/1 4180/971/1 4201/990/1
f 4203/992/1 4180/971/1 4202/991/1
f 4204/993/1 4180/971/1 4203/992/1
f 4205/994/1 4180/971/1 4204/993/1
f 4206/995/1 4180/971/1 4205/994/1
f 4207/996/1 4180/971/1 4206/995/1
f 4208/997/1 4180/971/1 4207/996/1
f 4209/998/1 4180/971/1 4208/997/1
f 4210/999/1 4180/971/1 4209/998/1
f 4211/1000/1 4180/971/1 4210/999/1
f 4212/1001/1 4180/971/1 4211/1000/1
f 4213/1002/1 4180/971/1 4212/1001/1
f 4214/572/1 4180/971/1 4213/1002/1
f 4215/1003/1 4180/971/1 4214/572/1
f 4216/1004/1 4180/971/1 4215/1003/1
f 4106/132/1 4180/971/1 4216/1004/1
f 4107/1005/1 4108/1006/1 4106/132/1
f 4108/1006/1 4109/1007/1 4106/132/1
f 4109/1007/1 4110/1008/1 4106/132/1
f 4110/1008/1 4111/1009/1 4106/132/1
f 4111/1009/1 4112/1010/1 4106/132/1
f 4112/1010/1 4113/1011/1 4106/132/1
f 4113/1011/1 4114/1012/1 4106/132/1
f 4114/1012/1 4115/1013/1 4106/132/1
f 4115/1013/1 4119/1014/1 4106/132/1
f 4119/1014/1 4175/1015/1 4106/132/1
f 4175/1015/1 4176/1016/1 4106/132/1
f 4176/1016/1 4177/1017/1 4106/132/1
f 4177/1017/1 4178/1018/1 4106/132/1
f 4178/1018/1 4179/1019/1 4106/132/1
f 4179/1019/1 4180/971/1 4106/132/1
f 4119/1014/1 4174/1020/1 4175/1015/1
f 4119/1014/1 4173/1021/1 4174/1020/1
f 4119/1014/1 4172/1022/1 4173/1021/1
f 4119/1014/1 4171/1023/1 4172/1022/1
f 4119/1014/1 4170/1024/1 4171/1023/1
f 4119/1014/1 4169/1025/1 4170/1024/1
f 4115/1013/1 4116/1026/1 4119/1014/1
f 4116/1026/1 4118/1027/1 4119/1014/1
f 4120/1028/1 4169/1025/1 4119/1014/1
f 4120/1028/1 4168/1029/1 4169/1025/1
f 4116/1026/1 4117/1030/1 4118/1027/1
f 4120/1028/1 4167/1031/1 4168/1029/1
f 4121/1032/1 4167/1031/1 4120/1028/1
f 4121/1032/1 4166/1033/1 4167/1031/1
f 4122/1034/1 4166/1033/1 4121/1032/1
f 4122/1034/1 4165/1035/1 4166/1033/1
f 4123/1036/1 4165/1035/1 4122/1034/1
f 4123/1036/1 4164/1037/1 4165/1035/1
f 4244/1038/1 4268/2/1 4243/1039/1
f 4124/1040/1 4164/1037/1 4123/1036/1
f 4244/1038/1 4267/1041/1 4268/2/1
f 4124/1040/1 4163/1042/1 4164/1037/1
f 4244/1038/1 4266/1043/1 4267/1041/1
f 4245/1044/1 4266/1043/1 4244/1038/1
f 4245/1044/1 4265/1045/1 4266/1043/1
f 4246/1046/1 4265/1045/1 4245/1044/1
f 4125/1047/1 4163/1042/1 4124/1040/1
f 4125/1047/1 4162/1048/1 4163/1042/1
f 4246/1046/1 4264/1049/1 4265/1045/1
f 4218/1050/1 4242/1051/1 4217/1052/1
f 4247/1053/1 4264/1049/1 4246/1046/1
f 4218/1050/1 4241/475/1 4242/1051/1
f 4247/1053/1 4263/1054/1 4264/1049/1
f 4248/1055/1 4263/1054/1 4247/1053/1
f 4218/1050/1 4240/1056/1 4241/475/1
f 4126/1057/1 4162/1048/1 4125/1047/1
f 4219/1058/1 4240/1056/1 4218/1050/1
f 4248/1055/1 4262/1059/1 4263/1054/1
f 4126/1057/1 4161/1060/1 4162/1048/1
f 4249/1061/1 4262/1059/1 4248/1055/1
f 4219/1058/1 4239/1062/1 4240/1056/1
f 4220/1063/1 4239/1062/1 4219/1058/1
f 4249/1061/1 4261/1064/1 4262/1059/1
f 4250/1065/1 4261/1064/1 4249/1061/1
f 4220/1063/1 4238/1066/1 4239/1062/1
f 4221/1067/1 4238/1066/1 4220/1063/1
f 4250/1065/1 4260/1068/1 4261/1064/1
f 4251/1069/1 4260/1068/1 4250/1065/1
f 4127/1070/1 4161/1060/1 4126/1057/1
f 4221/1067/1 4237/1071/1 4238/1066/1
f 4127/1070/1 4160/320/1 4161/1060/1
f 4222/1072/1 4237/1071/1 4221/1067/1
f 4252/1073/1 4260/1068/1 4251/1069/1
f 4252/1073/1 4259/1074/1 4260/1068/1
f 4222/1072/1 4236/1075/1 4237/1071/1
f 4223/1076/1 4236/1075/1 4222/1072/1
f 4253/1077/1 4259/1074/1 4252/1073/1
f 4253/1077/1 4258/1078/1 4259/1074/1
f 4224/1079/1 4236/1075/1 4223/1076/1
f 4224/1079/1 4235/1080/1 4236/1075/1
f 4128/1081/1 4160/320/1 4127/1070/1
f 4254/1082/1 4258/1078/1 4253/1077/1
f 4254/1082/1 4257/1083/1 4258/1078/1
f 4128/1081/1 4159/1084/1 4160/320/1
f 4225/1085/1 4235/1080/1 4224/1079/1
f 4225/1085/1 4234/1086/1 4235/1080/1
f 4254/1082/1 4255/1087/1 4257/1083/1
f 4255/1087/1 4256/1088/1 4257/1083/1
f 4226/1089/1 4234/1086/1 4225/1085/1
f 4226/1089/1 4233/1090/1 4234/1086/1
f 4227/1091/1 4233/1090/1 4226/1089/1
f 4227/1091/1 4232/1092/1 4233/1090/1
f 4129/1093/1 4159/1084/1 4128/1081/1
f 4129/1093/1 4158/1094/1 4159/1084/1
f 4228/1095/1 4232/1092/1 4227/1091/1
f 4228/1095/1 4231/1096/1 4232/1092/1
f 4229/1097/1 4231/1096/1 4228/1095/1
f 4229/1097/1 4230/1098/1 4231/1096/1
f 4129/1093/1 4157/1099/1 4158/1094/1
f 4130/1100/1 4157/1099/1 4129/1093/1
f 4130/1100/1 4156/1101/1 4157/1099/1
f 4131/1102/1 4156/1101/1 4130/1100/1
f 4131/1102/1 4155/1103/1 4156/1101/1
f 4132/1104/1 4155/1103/1 4131/1102/1
f 4132/1104/1 4154/1105/1 4155/1103/1
f 4133/246/1 4154/1105/1 4132/1104/1
f 4133/246/1 4153/1106/1 4154/1105/1
f 4134/1107/1 4153/1106/1 4133/246/1
f 4134/1107/1 4152/1108/1 4153/1106/1
f 4134/1107/1 4151/1109/1 4152/1108/1
f 4135/1110/1 4151/1109/1 4134/1107/1
f 4135/1110/1 4150/1111/1 4151/1109/1
f 4136/1112/1 4150/1111/1 4135/1110/1
f 4136/1112/1 4149/1113/1 4150/1111/1
f 4136/1112/1 4148/1114/1 4149/1113/1
f 4137/1115/1 4148/1114/1 4136/1112/1
f 4137/1115/1 4147/1116/1 4148/1114/1
f 4137/1115/1 4146/1117/1 4147/1116/1
f 4137/1115/1 4145/1118/1 4146/1117/1
f 4137/1115/1 4144/1119/1 4145/1118/1
f 4138/1120/1 4144/1119/1 4137/1115/1
f 4138/1120/1 4143/1121/1 4144/1119/1
f 4139/1122/1 4143/1121/1 4138/1120/1
f 4140/1123/1 4143/1121/1 4139/1122/1
f 4141/1124/1 4143/1121/1 4140/1123/1
f 4142/1125/1 4143/1121/1 4141/1124/1
f 4271/3402/1 4279/3403/1 4270/3404/1
f 4279/3403/1 4269/132/1 4270/3404/1
f 4279/3403/1 4280/2/1 4269/132/1
f 4271/3402/1 4278/3405/1 4279/3403/1
f 4271/3402/1 4275/3406/1 4278/3405/1
f 4275/3406/1 4277/3407/1 4278/3405/1
f 4275/3406/1 4276/3408/1 4277/3407/1
f 4271/3402/1 4274/3409/1 4275/3406/1
f 4271/3402/1 4273/3410/1 4274/3409/1
f 4271/3402/1 4272/3411/1 4273/3410/1
f 4294/2191/1 4292/2358/1 4293/2355/1
f 4294/2191/1 4291/2360/1 4292/2358/1
f 4294/2191/1 4290/2362/1 4291/2360/1
f 4295/2228/1 4290/2362/1 4294/2191/1
f 4295/2228/1 4289/2364/1 4290/2362/1
f 4295/2228/1 4288/2368/1 4289/2364/1
f 4295/2228/1 4287/2379/1 4288/2368/1
f 4296/2237/1 4287/2379/1 4295/2228/1
f 4296/2237/1 4286/2377/1 4287/2379/1
f 4296/2237/1 4285/2375/1 4286/2377/1
f 4296/2237/1 4284/2373/1 4285/2375/1
f 4297/2241/1 4284/2373/1 4296/2237/1
f 4297/2241/1 4283/2371/1 4284/2373/1
f 4297/2241/1 4282/2367/1 4283/2371/1
f 4297/2241/1 4281/132/1 4282/2367/1
f 4298/2243/1 4281/132/1 4297/2241/1
f 4298/2243/1 4368/2229/1 4281/132/1
f 4368/2229/1 4369/2218/1 4281/132/1
f 4369/2218/1 4370/2207/1 4281/132/1
f 4370/2207/1 4371/2198/1 4281/132/1
f 4371/2198/1 4372/2196/1 4281/132/1
f 4372/2196/1 4373/2317/1 4281/132/1
f 4373/2317/1 4374/2318/1 4281/132/1
f 4374/2318/1 4375/2299/1 4281/132/1
f 4375/2299/1 4376/2277/1 4281/132/1
f 4376/2277/1 4377/2264/1 4281/132/1
f 4377/2264/1 4378/2/1 4281/132/1
f 4299/2245/1 4366/2255/1 4298/2243/1
f 4366/2255/1 4367/2248/1 4298/2243/1
f 4367/2248/1 4368/2229/1 4298/2243/1
f 4299/2245/1 4365/2259/1 4366/2255/1
f 4299/2245/1 4364/2267/1 4365/2259/1
f 4299/2245/1 4363/2274/1 4364/2267/1
f 4300/2247/1 4363/2274/1 4299/2245/1
f 4300/2247/1 4362/2301/1 4363/2274/1
f 4300/2247/1 4361/2311/1 4362/2301/1
f 4301/2231/1 4361/2311/1 4300/2247/1
f 4301/2231/1 4360/2321/1 4361/2311/1
f 4301/2231/1 4359/2332/1 4360/2321/1
f 4302/2222/1 4359/2332/1 4301/2231/1
f 4302/2222/1 4358/2341/1 4359/2332/1
f 4303/2214/1 4358/2341/1 4302/2222/1
f 4303/2214/1 4357/2272/1 4358/2341/1
f 4303/2214/1 4356/2278/1 4357/2272/1
f 4304/2206/1 4356/2278/1 4303/2214/1
f 4304/2206/1 4355/2282/1 4356/2278/1
f 4305/2199/1 4355/2282/1 4304/2206/1
f 4305/2199/1 4354/2286/1 4355/2282/1
f 4305/2199/1 4353/2291/1 4354/2286/1
f 4306/2192/1 4353/2291/1 4305/2199/1
f 4306/2192/1 4352/2295/1 4353/2291/1
f 4307/2337/1 4352/2295/1 4306/2192/1
f 4307/2337/1 4351/2304/1 4352/2295/1
f 4308/2342/1 4351/2304/1 4307/2337/1
f 4308/2342/1 4350/2296/1 4351/2304/1
f 4309/2338/1 4350/2296/1 4308/2342/1
f 4309/2338/1 4349/2292/1 4350/2296/1
f 4310/2333/1 4349/2292/1 4309/2338/1
f 4310/2333/1 4348/2288/1 4349/2292/1
f 4331/2250/1 4329/2225/1 4330/2234/1
f 4310/2333/1 4347/2285/1 4348/2288/1
f 4332/2257/1 4329/2225/1 4331/2250/1
f 4311/2326/1 4347/2285/1 4310/2333/1
f 4333/2252/1 4329/2225/1 4332/2257/1
f 4311/2326/1 4346/2281/1 4347/2285/1
f 4334/2238/1 4329/2225/1 4333/2252/1
f 4335/2227/1 4329/2225/1 4334/2238/1
f 4311/2326/1 4345/2271/1 4346/2281/1
f 4336/2217/1 4329/2225/1 4335/2227/1
f 4312/2322/1 4345/2271/1 4311/2326/1
f 4337/2209/1 4329/2225/1 4336/2217/1
f 4312/2322/1 4344/2269/1 4345/2271/1
f 4338/2200/1 4329/2225/1 4337/2209/1
f 4339/2190/1 4329/2225/1 4338/2200/1
f 4312/2322/1 4343/2262/1 4344/2269/1
f 4340/2201/1 4329/2225/1 4339/2190/1
f 4341/2230/1 4329/2225/1 4340/2201/1
f 4312/2322/1 4342/2260/1 4343/2262/1
f 4342/2260/1 4329/2225/1 4341/2230/1
f 4312/2322/1 4329/2225/1 4342/2260/1
f 4313/2313/1 4329/2225/1 4312/2322/1
f 4313/2313/1 4328/2216/1 4329/2225/1
f 4314/2307/1 4328/2216/1 4313/2313/1
f 4314/2307/1 4327/2208/1 4328/2216/1
f 4314/2307/1 4326/2194/1 4327/2208/1
f 4314/2307/1 4325/2346/1 4326/2194/1
f 4315/2308/1 4325/2346/1 4314/2307/1
f 4315/2308/1 4324/2350/1 4325/2346/1
f 4315/2308/1 4323/2354/1 4324/2350/1
f 4315/2308/1 4322/2351/1 4323/2354/1
f 4316/2314/1 4322/2351/1 4315/2308/1
f 4316/2314/1 4321/2348/1 4322/2351/1
f 4316/2314/1 4320/2345/1 4321/2348/1
f 4316/2314/1 4319/2334/1 4320/2345/1
f 4317/2323/1 4319/2334/1 4316/2314/1
f 4317/2323/1 4318/2327/1 4319/2334/1
f 4381/921/1 4379/132/1 4380/900/1
f 4381/921/1 4387/818/1 4379/132/1
f 4387/818/1 4386/794/1 4379/132/1
f 4381/921/1 4389/2/1 4387/818/1
f 4388/796/1 4386/794/1 4387/818/1
f 4381/921/1 4383/901/1 4389/2/1
f 4383/901/1 4388/796/1 4389/2/1
f 4383/901/1 4384/113/1 4388/796/1
f 4384/113/1 4386/794/1 4388/796/1
f 4381/921/1 4382/969/1 4383/901/1
f 4385/782/1 4386/794/1 4384/113/1
f 4391/3412/1 4419/3413/1 4390/132/1
f 4419/3413/1 4418/3414/1 4390/132/1
f 4419/3413/1 4417/3415/1 4418/3414/1
f 4419/3413/1 4416/3416/1 4417/3415/1
f 4419/3413/1 4415/3409/1 4416/3416/1
f 4419/3413/1 4414/3417/1 4415/3409/1
f 4419/3413/1 4413/3418/1 4414/3417/1
f 4419/3413/1 4412/901/1 4413/3418/1
f 4419/3413/1 4411/3419/1 4412/901/1
f 4419/3413/1 4420/3406/1 4411/3419/1
f 4420/3406/1 4410/3410/1 4411/3419/1
f 4391/3412/1 4445/2/1 4419/3413/1
f 4421/3420/1 4410/3410/1 4420/3406/1
f 4422/3421/1 4410/3410/1 4421/3420/1
f 4423/782/1 4410/3410/1 4422/3421/1
f 4423/782/1 4409/3422/1 4410/3410/1
f 4424/3423/1 4409/3422/1 4423/782/1
f 4425/3408/1 4409/3422/1 4424/3423/1
f 4426/3424/1 4409/3422/1 4425/3408/1
f 4426/3424/1 4408/3425/1 4409/3422/1
f 4427/3426/1 4408/3425/1 4426/3424/1
f 4428/3427/1 4408/3425/1 4427/3426/1
f 4429/3428/1 4408/3425/1 4428/3427/1
f 4429/3428/1 4407/3429/1 4408/3425/1
f 4430/3407/1 4407/3429/1 4429/3428/1
f 4431/3430/1 4407/3429/1 4430/3407/1
f 4431/3430/1 4406/3431/1 4407/3429/1
f 4432/3432/1 4406/3431/1 4431/3430/1
f 4433/3433/1 4406/3431/1 4432/3432/1
f 4433/3433/1 4405/3411/1 4406/3431/1
f 4434/818/1 4405/3411/1 4433/3433/1
f 4434/818/1 4404/3434/1 4405/3411/1
f 4435/3405/1 4404/3434/1 4434/818/1
f 4436/3435/1 4404/3434/1 4435/3405/1
f 4436/3435/1 4403/3436/1 4404/3434/1
f 4437/3437/1 4403/3436/1 4436/3435/1
f 4438/3438/1 4403/3436/1 4437/3437/1
f 4438/3438/1 4402/3439/1 4403/3436/1
f 4439/3440/1 4402/3439/1 4438/3438/1
f 4440/3403/1 4402/3439/1 4439/3440/1
f 4441/3441/1 4402/3439/1 4440/3403/1
f 4442/3442/1 4402/3439/1 4441/3441/1
f 4442/3442/1 4401/921/1 4402/3439/1
f 4443/3443/1 4401/921/1 4442/3442/1
f 4444/3444/1 4401/921/1 4443/3443/1
f 4391/3412/1 4393/3445/1 4445/2/1
f 4393/3445/1 4444/3444/1 4445/2/1
f 4393/3445/1 4401/921/1 4444/3444/1
f 4393/3445/1 4400/3402/1 4401/921/1
f 4393/3445/1 4399/3446/1 4400/3402/1
f 4393/3445/1 4398/3447/1 4399/3446/1
f 4393/3445/1 4397/3448/1 4398/3447/1
f 4393/3445/1 4396/3449/1 4397/3448/1
f 4393/3445/1 4395/3404/1 4396/3449/1
f 4393/3445/1 4394/3450/1 4395/3404/1
f 4391/3412/1 4392/3451/1 4393/3445/1
f 4459/3452/1 4457/3404/1 4458/3453/1
f 4459/3452/1 4456/3454/1 4457/3404/1
f 4459/3452/1 4455/3455/1 4456/3454/1
f 4460/3456/1 4455/3455/1 4459/3452/1
f 4460/3456/1 4454/3457/1 4455/3455/1
f 4460/3456/1 4453/3458/1 4454/3457/1
f 4461/3459/1 4453/3458/1 4460/3456/1
f 4461/3459/1 4452/3460/1 4453/3458/1
f 4461/3459/1 4451/3461/1 4452/3460/1
f 4462/3462/1 4451/3461/1 4461/3459/1
f 4462/3462/1 4450/3463/1 4451/3461/1
f 4462/3462/1 4449/3464/1 4450/3463/1
f 4463/3465/1 4449/3464/1 4462/3462/1
f 4463/3465/1 4448/3466/1 4449/3464/1
f 4463/3465/1 4447/3467/1 4448/3466/1
f 4464/3468/1 4447/3467/1 4463/3465/1
f 4464/3468/1 4446/132/1 4447/3467/1
f 4464/3468/1 4559/3469/1 4446/132/1
f 4559/3469/1 4560/3470/1 4446/132/1
f 4560/3470/1 4561/3471/1 4446/132/1
f 4561/3471/1 4562/3472/1 4446/132/1
f 4562/3472/1 4563/3473/1 4446/132/1
f 4563/3473/1 4564/3474/1 4446/132/1
f 4564/3474/1 4565/3475/1 4446/132/1
f 4565/3475/1 4566/3476/1 4446/132/1
f 4566/3476/1 4567/2/1 4446/132/1
f 4465/3477/1 4557/3478/1 4464/3468/1
f 4557/3478/1 4558/3479/1 4464/3468/1
f 4558/3479/1 4559/3469/1 4464/3468/1
f 4466/3480/1 4555/3481/1 4465/3477/1
f 4555/3481/1 4556/3403/1 4465/3477/1
f 4556/3403/1 4557/3478/1 4465/3477/1
f 4467/3482/1 4554/3483/1 4466/3480/1
f 4554/3483/1 4555/3481/1 4466/3480/1
f 4467/3482/1 4553/3484/1 4554/3483/1
f 4467/3482/1 4552/3485/1 4553/3484/1
f 4467/3482/1 4551/3486/1 4552/3485/1
f 4467/3482/1 4550/3487/1 4551/3486/1
f 4467/3482/1 4549/3488/1 4550/3487/1
f 4468/3402/1 4549/3488/1 4467/3482/1
f 4468/3402/1 4548/3489/1 4549/3488/1
f 4468/3402/1 4547/3490/1 4548/3489/1
f 4468/3402/1 4546/3491/1 4547/3490/1
f 4469/3492/1 4546/3491/1 4468/3402/1
f 4469/3492/1 4545/3405/1 4546/3491/1
f 4469/3492/1 4544/3493/1 4545/3405/1
f 4470/3494/1 4544/3493/1 4469/3492/1
f 4470/3494/1 4543/3495/1 4544/3493/1
f 4470/3494/1 4542/3496/1 4543/3495/1
f 4471/3497/1 4542/3496/1 4470/3494/1
f 4471/3497/1 4541/3498/1 4542/3496/1
f 4471/3497/1 4540/3499/1 4541/3498/1
f 4472/3500/1 4540/3499/1 4471/3497/1
f 4472/3500/1 4539/3501/1 4540/3499/1
f 4473/3502/1 4539/3501/1 4472/3500/1
f 4473/3502/1 4538/3503/1 4539/3501/1
f 4473/3502/1 4537/3504/1 4538/3503/1
f 4474/3505/1 4537/3504/1 4473/3502/1
f 4474/3505/1 4536/3506/1 4537/3504/1
f 4475/3507/1 4536/3506/1 4474/3505/1
f 4475/3507/1 4535/3508/1 4536/3506/1
f 4476/3509/1 4535/3508/1 4475/3507/1
f 4476/3509/1 4534/3407/1 4535/3508/1
f 4477/3510/1 4534/3407/1 4476/3509/1
f 4477/3510/1 4533/3511/1 4534/3407/1
f 4478/3512/1 4533/3511/1 4477/3510/1
f 4479/3411/1 4533/3511/1 4478/3512/1
f 4479/3411/1 4532/3513/1 4533/3511/1
f 4480/3514/1 4532/3513/1 4479/3411/1
f 4481/3515/1 4532/3513/1 4480/3514/1
f 4481/3515/1 4531/3516/1 4532/3513/1
f 4482/3517/1 4531/3516/1 4481/3515/1
f 4507/3518/1 4505/3519/1 4506/3520/1
f 4482/3517/1 4530/3521/1 4531/3516/1
f 4483/3522/1 4530/3521/1 4482/3517/1
f 4507/3518/1 4504/3523/1 4505/3519/1
f 4484/3524/1 4530/3521/1 4483/3522/1
f 4484/3524/1 4529/3525/1 4530/3521/1
f 4507/3518/1 4503/3526/1 4504/3523/1
f 4485/3527/1 4529/3525/1 4484/3524/1
f 4507/3518/1 4502/3528/1 4503/3526/1
f 4486/3529/1 4529/3525/1 4485/3527/1
f 4487/3530/1 4529/3525/1 4486/3529/1
f 4487/3530/1 4528/3531/1 4529/3525/1
f 4507/3518/1 4501/3409/1 4502/3528/1
f 4488/3532/1 4528/3531/1 4487/3530/1
f 4507/3518/1 4500/3533/1 4501/3409/1
f 4489/3534/1 4528/3531/1 4488/3532/1
f 4507/3518/1 4499/3535/1 4500/3533/1
f 4489/3534/1 4527/3536/1 4528/3531/1
f 4490/3410/1 4527/3536/1 4489/3534/1
f 4507/3518/1 4498/3537/1 4499/3535/1
f 4491/3538/1 4527/3536/1 4490/3410/1
f 4507/3518/1 4497/3539/1 4498/3537/1
f 4492/3540/1 4527/3536/1 4491/3538/1
f 4507/3518/1 4496/3541/1 4497/3539/1
f 4493/3542/1 4527/3536/1 4492/3540/1
f 4507/3518/1 4495/3543/1 4496/3541/1
f 4493/3542/1 4526/3544/1 4527/3536/1
f 4494/3545/1 4526/3544/1 4493/3542/1
f 4507/3518/1 4494/3545/1 4495/3543/1
f 4507/3518/1 4526/3544/1 4494/3545/1
f 4507/3518/1 4525/3546/1 4526/3544/1
f 4508/3547/1 4525/3546/1 4507/3518/1
f 4509/3548/1 4525/3546/1 4508/3547/1
f 4509/3548/1 4524/3549/1 4525/3546/1
f 4510/3550/1 4524/3549/1 4509/3548/1
f 4510/3550/1 4523/3408/1 4524/3549/1
f 4511/3551/1 4523/3408/1 4510/3550/1
f 4512/3406/1 4523/3408/1 4511/3551/1
f 4512/3406/1 4522/3552/1 4523/3408/1
f 4513/3553/1 4522/3552/1 4512/3406/1
f 4514/3554/1 4522/3552/1 4513/3553/1
f 4514/3554/1 4521/3555/1 4522/3552/1
f 4515/3556/1 4521/3555/1 4514/3554/1
f 4516/3557/1 4521/3555/1 4515/3556/1
f 4516/3557/1 4520/3558/1 4521/3555/1
f 4517/3559/1 4520/3558/1 4516/3557/1
f 4518/3560/1 4520/3558/1 4517/3559/1
f 4518/3560/1 4519/3561/1 4520/3558/1
f 4624/921/1 4622/1560/1 4623/1561/1
f 4569/1562/1 4832/1563/1 4568/132/1
f 4569/1562/1 4831/1564/1 4832/1563/1
f 4625/1565/1 4622/1560/1 4624/921/1
f 4626/1566/1 4622/1560/1 4625/1565/1
f 4627/1567/1 4622/1560/1 4626/1566/1
f 4628/144/1 4622/1560/1 4627/1567/1
f 4570/1568/1 4831/1564/1 4569/1562/1
f 4570/1568/1 4830/1569/1 4831/1564/1
f 4629/1570/1 4622/1560/1 4628/144/1
f 4630/1571/1 4622/1560/1 4629/1570/1
f 4631/1572/1 4622/1560/1 4630/1571/1
f 4632/1573/1 4622/1560/1 4631/1572/1
f 4571/1574/1 4830/1569/1 4570/1568/1
f 4571/1574/1 4829/1575/1 4830/1569/1
f 4633/1576/1 4622/1560/1 4632/1573/1
f 4634/1577/1 4622/1560/1 4633/1576/1
f 4635/1578/1 4622/1560/1 4634/1577/1
f 4636/1579/1 4622/1560/1 4635/1578/1
f 4637/1580/1 4622/1560/1 4636/1579/1
f 4638/646/1 4622/1560/1 4637/1580/1
f 4638/646/1 4621/1581/1 4622/1560/1
f 4572/1582/1 4829/1575/1 4571/1574/1
f 4572/1582/1 4828/83/1 4829/1575/1
f 4638/646/1 4620/1583/1 4621/1581/1
f 4639/1584/1 4620/1583/1 4638/646/1
f 4639/1584/1 4619/1585/1 4620/1583/1
f 4639/1584/1 4618/1586/1 4619/1585/1
f 4640/1587/1 4618/1586/1 4639/1584/1
f 4640/1587/1 4617/1588/1 4618/1586/1
f 4640/1587/1 4616/1589/1 4617/1588/1
f 4641/1590/1 4616/1589/1 4640/1587/1
f 4641/1590/1 4615/1591/1 4616/1589/1
f 4641/1590/1 4614/1592/1 4615/1591/1
f 4642/1593/1 4614/1592/1 4641/1590/1
f 4573/1594/1 4828/83/1 4572/1582/1
f 4573/1594/1 4827/1595/1 4828/83/1
f 4642/1593/1 4613/1596/1 4614/1592/1
f 4642/1593/1 4612/1597/1 4613/1596/1
f 4643/1598/1 4612/1597/1 4642/1593/1
f 4643/1598/1 4611/1599/1 4612/1597/1
f 4643/1598/1 4610/1600/1 4611/1599/1
f 4644/1601/1 4610/1600/1 4643/1598/1
f 4644/1601/1 4659/1602/1 4610/1600/1
f 4659/1602/1 4609/1603/1 4610/1600/1
f 4645/1604/1 4659/1602/1 4644/1601/1
f 4645/1604/1 4658/1605/1 4659/1602/1
f 4660/1606/1 4609/1603/1 4659/1602/1
f 4645/1604/1 4657/1607/1 4658/1605/1
f 4646/1608/1 4657/1607/1 4645/1604/1
f 4646/1608/1 4656/1609/1 4657/1607/1
f 4574/1610/1 4827/1595/1 4573/1594/1
f 4574/1610/1 4826/1611/1 4827/1595/1
f 4646/1608/1 4655/1612/1 4656/1609/1
f 4646/1608/1 4654/1613/1 4655/1612/1
f 4646/1608/1 4653/1614/1 4654/1613/1
f 4646/1608/1 4652/969/1 4653/1614/1
f 4647/1615/1 4652/969/1 4646/1608/1
f 4647/1615/1 4651/1616/1 4652/969/1
f 4647/1615/1 4650/1617/1 4651/1616/1
f 4647/1615/1 4649/1618/1 4650/1617/1
f 4647/1615/1 4648/199/1 4649/1618/1
f 4575/1619/1 4826/1611/1 4574/1610/1
f 4575/1619/1 4825/1620/1 4826/1611/1
f 4576/1621/1 4825/1620/1 4575/1619/1
f 4576/1621/1 4824/1622/1 4825/1620/1
f 4577/1623/1 4824/1622/1 4576/1621/1
f 4577/1623/1 4823/1624/1 4824/1622/1
f 4662/1625/1 4660/1606/1 4661/1626/1
f 4662/1625/1 4609/1603/1 4660/1606/1
f 4662/1625/1 4608/185/1 4609/1603/1
f 4662/1625/1 4607/1627/1 4608/185/1
f 4578/1628/1 4823/1624/1 4577/1623/1
f 4578/1628/1 4822/1629/1 4823/1624/1
f 4579/1630/1 4822/1629/1 4578/1628/1
f 4579/1630/1 4821/1631/1 4822/1629/1
f 4580/1632/1 4821/1631/1 4579/1630/1
f 4580/1632/1 4820/796/1 4821/1631/1
f 4663/1633/1 4607/1627/1 4662/1625/1
f 4664/1634/1 4606/1635/1 4663/1633/1
f 4606/1635/2 4607/1627/2 4663/1633/2
f 4664/1634/1 4605/1636/1 4606/1635/1
f 4582/1637/1 4580/1632/1 4581/1638/1
f 4582/1637/1 4820/796/1 4580/1632/1
f 4582/1637/1 4819/1639/1 4820/796/1
f 4582/1637/1 4818/1640/1 4819/1639/1
f 4582/1637/1 4817/1641/1 4818/1640/1
f 4582/1637/1 4816/1642/1 4817/1641/1
f 4582/1637/1 4815/1643/1 4816/1642/1
f 4582/1637/1 4814/1644/1 4815/1643/1
f 4582/1637/1 4813/1645/1 4814/1644/1
f 4582/1637/1 4812/1646/1 4813/1645/1
f 4582/1637/1 4811/1647/1 4812/1646/1
f 4582/1637/1 4810/1648/1 4811/1647/1
f 4582/1637/1 4809/1649/1 4810/1648/1
f 4582/1637/1 4808/76/1 4809/1649/1
f 4582/1637/1 4807/1650/1 4808/76/1
f 4582/1637/1 4722/1651/1 4807/1650/1
f 4722/1651/1 4723/1652/1 4807/1650/1
f 4723/1652/1 4806/1653/1 4807/1650/1
f 4666/1654/1 4841/1655/1 4665/1656/1
f 4841/1655/1 4664/1634/1 4665/1656/1
f 4841/1655/1 4605/1636/1 4664/1634/1
f 4841/1655/1 4604/1657/1 4605/1636/1
f 4841/1655/1 4842/1658/1 4604/1657/1
f 4842/1658/1 4845/1659/1 4604/1657/1
f 4845/1659/1 4846/1660/1 4604/1657/1
f 4846/1660/1 4603/1661/1 4604/1657/1
f 4583/1662/2 4722/1651/2 4582/1637/2
f 4584/1663/1 4722/1651/1 4583/1662/1
f 4584/1663/1 4721/1664/1 4722/1651/1
f 4724/1665/1 4806/1653/1 4723/1652/1
f 4666/1654/1 4844/1666/1 4841/1655/1
f 4843/1667/1 4845/1659/1 4842/1658/1
f 4843/1667/1 4848/2/1 4845/1659/1
f 4847/1668/1 4603/1661/1 4846/1660/1
f 4585/1669/1 4721/1664/1 4584/1663/1
f 4585/1669/1 4720/1670/1 4721/1664/1
f 4724/1665/1 4805/1671/1 4806/1653/1
f 4725/1672/1 4805/1671/1 4724/1665/1
f 4586/1673/1 4720/1670/1 4585/1669/1
f 4666/1654/1 4833/1674/1 4844/1666/1
f 4833/1674/1 4843/1667/1 4844/1666/1
f 4833/1674/1 4848/2/1 4843/1667/1
f 4833/1674/1 4847/1668/1 4848/2/1
f 4833/1674/1 4834/1675/1 4847/1668/1
f 4834/1675/1 4837/1676/1 4847/1668/1
f 4837/1676/1 4838/1677/1 4847/1668/1
f 4838/1677/1 4603/1661/1 4847/1668/1
f 4586/1673/1 4719/1678/1 4720/1670/1
f 4587/1679/1 4719/1678/1 4586/1673/1
f 4725/1672/1 4804/1680/1 4805/1671/1
f 4666/1654/1 4836/1681/1 4833/1674/1
f 4835/1682/1 4837/1676/1 4834/1675/1
f 4835/1682/1 4840/1683/1 4837/1676/1
f 4839/1684/1 4603/1661/1 4838/1677/1
f 4726/1685/1 4804/1680/1 4725/1672/1
f 4588/150/1 4719/1678/1 4587/1679/1
f 4588/150/1 4718/1686/1 4719/1678/1
f 4589/1687/1 4718/1686/1 4588/150/1
f 4727/1688/1 4804/1680/1 4726/1685/1
f 4727/1688/1 4803/1689/1 4804/1680/1
f 4666/1654/1 4835/1682/1 4836/1681/1
f 4666/1654/1 4840/1683/1 4835/1682/1
f 4666/1654/1 4839/1684/1 4840/1683/1
f 4666/1654/1 4603/1661/1 4839/1684/1
f 4589/1687/1 4717/1690/1 4718/1686/1
f 4590/1691/1 4717/1690/1 4589/1687/1
f 4667/1692/1 4603/1661/1 4666/1654/1
f 4668/223/1 4602/1693/1 4667/1692/1
f 4602/1693/1 4603/1661/1 4667/1692/1
f 4668/223/1 4601/1694/1 4602/1693/1
f 4728/116/1 4803/1689/1 4727/1688/1
f 4591/1695/1 4717/1690/1 4590/1691/1
f 4728/116/1 4802/1696/1 4803/1689/1
f 4591/1695/1 4716/1697/1 4717/1690/1
f 4592/1698/1 4716/1697/1 4591/1695/1
f 4729/1699/1 4802/1696/1 4728/116/1
f 4670/1700/1 4668/223/1 4669/1701/1
f 4670/1700/1 4601/1694/1 4668/223/1
f 4670/1700/1 4600/1702/1 4601/1694/1
f 4670/1700/1 4599/1703/1 4600/1702/1
f 4592/1698/1 4715/1704/1 4716/1697/1
f 4729/1699/1 4801/1705/1 4802/1696/1
f 4593/1706/1 4715/1704/1 4592/1698/1
f 4730/1707/1 4801/1705/1 4729/1699/1
f 4594/1708/1 4715/1704/1 4593/1706/1
f 4671/1709/1 4599/1703/1 4670/1700/1
f 4672/1710/1 4598/1711/1 4671/1709/1
f 4598/1711/1 4599/1703/1 4671/1709/1
f 4672/1710/1 4597/1712/1 4598/1711/1
f 4594/1708/1 4714/1713/1 4715/1704/1
f 4730/1707/1 4800/1714/1 4801/1705/1
f 4731/1715/1 4800/1714/1 4730/1707/1
f 4595/1716/1 4714/1713/1 4594/1708/1
f 4731/1715/1 4799/1717/1 4800/1714/1
f 4732/1718/1 4799/1717/1 4731/1715/1
f 4595/1716/1 4713/1719/1 4714/1713/1
f 4597/1712/1 4595/1716/1 4596/900/1
f 4597/1712/1 4713/1719/1 4595/1716/1
f 4733/1720/1 4799/1717/1 4732/1718/1
f 4672/1710/1 4713/1719/1 4597/1712/1
f 4733/1720/1 4798/1721/1 4799/1717/1
f 4673/1722/1 4713/1719/1 4672/1710/1
f 4734/1723/1 4798/1721/1 4733/1720/1
f 4673/1722/1 4686/1724/1 4713/1719/1
f 4686/1724/1 4712/1725/1 4713/1719/1
f 4674/1726/1 4686/1724/1 4673/1722/1
f 4735/1727/1 4798/1721/1 4734/1723/1
f 4735/1727/1 4797/1728/1 4798/1721/1
f 4736/782/1 4797/1728/1 4735/1727/1
f 4737/1729/1 4797/1728/1 4736/782/1
f 4674/1726/1 4685/1730/1 4686/1724/1
f 4687/1731/1 4712/1725/1 4686/1724/1
f 4738/1732/1 4797/1728/1 4737/1729/1
f 4688/222/1 4712/1725/1 4687/1731/1
f 4739/1733/1 4797/1728/1 4738/1732/1
f 4674/1726/1 4684/1734/1 4685/1730/1
f 4740/1735/1 4797/1728/1 4739/1733/1
f 4689/1736/1 4712/1725/1 4688/222/1
f 4760/1737/1 4758/1738/1 4759/1739/1
f 4741/1740/1 4797/1728/1 4740/1735/1
f 4760/1737/1 4757/1741/1 4758/1738/1
f 4742/1742/1 4797/1728/1 4741/1740/1
f 4760/1737/1 4756/1743/1 4757/1741/1
f 4674/1726/1 4683/1744/1 4684/1734/1
f 4690/1745/1 4712/1725/1 4689/1736/1
f 4743/1746/1 4797/1728/1 4742/1742/1
f 4760/1737/1 4755/1747/1 4756/1743/1
f 4760/1737/1 4754/1748/1 4755/1747/1
f 4743/1746/1 4796/1749/1 4797/1728/1
f 4744/1750/1 4796/1749/1 4743/1746/1
f 4760/1737/1 4753/1751/1 4754/1748/1
f 4745/1752/1 4796/1749/1 4744/1750/1
f 4760/1737/1 4752/1753/1 4753/1751/1
f 4760/1737/1 4751/1754/1 4752/1753/1
f 4746/1755/1 4796/1749/1 4745/1752/1
f 4760/1737/1 4750/1756/1 4751/1754/1
f 4760/1737/1 4749/1757/1 4750/1756/1
f 4747/1758/1 4796/1749/1 4746/1755/1
f 4760/1737/1 4748/37/1 4749/1757/1
f 4760/1737/1 4747/1758/1 4748/37/1
f 4760/1737/1 4796/1749/1 4747/1758/1
f 4691/1759/1 4712/1725/1 4690/1745/1
f 4761/1760/1 4796/1749/1 4760/1737/1
f 4674/1726/1 4682/1761/1 4683/1744/1
f 4692/1762/1 4712/1725/1 4691/1759/1
f 4692/1762/1 4711/1763/1 4712/1725/1
f 4674/1726/1 4681/1764/1 4682/1761/1
f 4762/1765/1 4796/1749/1 4761/1760/1
f 4693/1766/1 4711/1763/1 4692/1762/1
f 4694/1767/1 4711/1763/1 4693/1766/1
f 4674/1726/1 4680/901/1 4681/1764/1
f 4695/1768/1 4711/1763/1 4694/1767/1
f 4763/1769/1 4796/1749/1 4762/1765/1
f 4674/1726/1 4679/1770/1 4680/901/1
f 4696/1771/1 4711/1763/1 4695/1768/1
f 4763/1769/1 4795/1772/1 4796/1749/1
f 4697/1773/1 4711/1763/1 4696/1771/1
f 4764/794/1 4795/1772/1 4763/1769/1
f 4674/1726/1 4678/1774/1 4679/1770/1
f 4698/1775/1 4711/1763/1 4697/1773/1
f 4674/1726/1 4677/1776/1 4678/1774/1
f 4699/1777/1 4711/1763/1 4698/1775/1
f 4765/1778/1 4795/1772/1 4764/794/1
f 4674/1726/1 4676/1779/1 4677/1776/1
f 4700/1780/1 4711/1763/1 4699/1777/1
f 4765/1778/1 4794/1781/1 4795/1772/1
f 4674/1726/1 4675/1782/1 4676/1779/1
f 4701/1783/1 4711/1763/1 4700/1780/1
f 4766/1784/1 4794/1781/1 4765/1778/1
f 4702/1785/1 4711/1763/1 4701/1783/1
f 4766/1784/1 4793/1786/1 4794/1781/1
f 4767/1787/1 4793/1786/1 4766/1784/1
f 4703/1788/1 4711/1763/1 4702/1785/1
f 4767/1787/1 4792/818/1 4793/1786/1
f 4703/1788/1 4704/1789/1 4711/1763/1
f 4704/1789/1 4705/1790/1 4711/1763/1
f 4705/1790/1 4706/1791/1 4711/1763/1
f 4706/1791/1 4707/1792/1 4711/1763/1
f 4707/1792/1 4708/113/1 4711/1763/1
f 4708/113/1 4709/1793/1 4711/1763/1
f 4709/1793/1 4710/1794/1 4711/1763/1
f 4768/6/1 4792/818/1 4767/1787/1
f 4768/6/1 4791/1795/1 4792/818/1
f 4768/6/1 4790/1796/1 4791/1795/1
f 4769/1797/1 4790/1796/1 4768/6/1
f 4769/1797/1 4789/1798/1 4790/1796/1
f 4770/1799/1 4789/1798/1 4769/1797/1
f 4770/1799/1 4788/61/1 4789/1798/1
f 4770/1799/1 4787/1800/1 4788/61/1
f 4770/1799/1 4786/1801/1 4787/1800/1
f 4771/1802/1 4786/1801/1 4770/1799/1
f 4771/1802/1 4785/1803/1 4786/1801/1
f 4771/1802/1 4784/1804/1 4785/1803/1
f 4771/1802/1 4783/1805/1 4784/1804/1
f 4771/1802/1 4782/1806/1 4783/1805/1
f 4771/1802/1 4781/1807/1 4782/1806/1
f 4772/1808/1 4781/1807/1 4771/1802/1
f 4773/1809/1 4781/1807/1 4772/1808/1
f 4773/1809/1 4780/1810/1 4781/1807/1
f 4774/1811/1 4780/1810/1 4773/1809/1
f 4774/1811/1 4779/1812/1 4780/1810/1
f 4775/1813/1 4779/1812/1 4774/1811/1
f 4775/1813/1 4778/625/1 4779/1812/1
f 4776/1814/1 4778/625/1 4775/1813/1
f 4776/1814/1 4777/1815/1 4778/625/1
f 5036/1816/1 5034/1817/1 5035/1818/1
f 4850/1819/1 4970/1820/1 4849/132/1
f 5036/1816/1 5033/1821/1 5034/1817/1
f 4851/1822/1 4970/1820/1 4850/1819/1
f 5037/1823/1 5033/1821/1 5036/1816/1
f 5037/1823/1 5032/1824/1 5033/1821/1
f 4852/1825/1 4970/1820/1 4851/1822/1
f 5037/1823/1 5031/1826/1 5032/1824/1
f 4853/1827/1 4970/1820/1 4852/1825/1
f 5037/1823/1 5030/1828/1 5031/1826/1
f 5038/1829/1 5030/1828/1 5037/1823/1
f 4854/1830/1 4970/1820/1 4853/1827/1
f 5038/1829/1 5029/1831/1 5030/1828/1
f 4855/1832/1 4970/1820/1 4854/1830/1
f 5038/1829/1 5028/1833/1 5029/1831/1
f 4856/1834/1 4970/1820/1 4855/1832/1
f 5038/1829/1 5027/1835/1 5028/1833/1
f 5039/1836/1 5027/1835/1 5038/1829/1
f 4857/1837/1 4970/1820/1 4856/1834/1
f 5039/1836/1 5026/1838/1 5027/1835/1
f 4858/1839/1 4970/1820/1 4857/1837/1
f 4858/1839/1 4969/1840/1 4970/1820/1
f 5039/1836/1 5025/1841/1 5026/1838/1
f 4859/1842/1 4969/1840/1 4858/1839/1
f 4859/1842/1 4968/1843/1 4969/1840/1
f 5039/1836/1 5024/1844/1 5025/1841/1
f 4859/1842/1 4967/1845/1 4968/1843/1
f 5040/1846/1 5024/1844/1 5039/1836/1
f 4860/1847/1 4967/1845/1 4859/1842/1
f 4860/1847/1 4966/1848/1 4967/1845/1
f 5040/1846/1 5023/1849/1 5024/1844/1
f 4860/1847/1 4965/1850/1 4966/1848/1
f 4861/1851/1 4965/1850/1 4860/1847/1
f 4861/1851/1 4964/1852/1 4965/1850/1
f 4862/1853/1 4964/1852/1 4861/1851/1
f 4862/1853/1 4963/1854/1 4964/1852/1
f 5040/1846/1 5022/1855/1 5023/1849/1
f 4862/1853/1 4962/1856/1 4963/1854/1
f 4863/1857/1 4962/1856/1 4862/1853/1
f 5021/1858/1 5019/1859/1 5020/1860/1
f 4863/1857/1 4961/1861/1 4962/1856/1
f 5041/1862/1 5022/1855/1 5040/1846/1
f 5041/1862/1 5021/1858/1 5022/1855/1
f 5041/1862/1 5019/1859/1 5021/1858/1
f 4864/1863/1 4961/1861/1 4863/1857/1
f 4864/1863/1 4960/1864/1 4961/1861/1
f 4864/1863/1 4959/1865/1 4960/1864/1
f 4865/1866/1 4959/1865/1 4864/1863/1
f 4865/1866/1 4958/1867/1 4959/1865/1
f 4865/1866/1 4885/1868/1 4958/1867/1
f 4885/1868/1 4957/1869/1 4958/1867/1
f 4866/1870/1 4885/1868/1 4865/1866/1
f 4867/1871/1 4885/1868/1 4866/1870/1
f 5042/1872/1 5019/1859/1 5041/1862/1
f 5042/1872/1 5018/1873/1 5019/1859/1
f 4868/1874/1 4885/1868/1 4867/1871/1
f 4869/1875/1 4885/1868/1 4868/1874/1
f 4869/1875/1 4884/1876/1 4885/1868/1
f 4886/1877/1 4957/1869/1 4885/1868/1
f 4869/1875/1 4883/1878/1 4884/1876/1
f 4870/1879/1 4883/1878/1 4869/1875/1
f 4870/1879/1 4882/1880/1 4883/1878/1
f 4870/1879/1 4881/1881/1 4882/1880/1
f 4870/1879/1 4880/1882/1 4881/1881/1
f 4871/1883/1 4880/1882/1 4870/1879/1
f 5043/1884/1 5072/1885/1 5042/1872/1
f 5072/1885/1 5018/1873/1 5042/1872/1
f 4871/1883/1 4879/1886/1 4880/1882/1
f 4871/1883/1 4878/1887/1 4879/1886/1
f 4872/1888/1 4878/1887/1 4871/1883/1
f 4872/1888/1 4877/1889/1 4878/1887/1
f 4872/1888/1 4876/1890/1 4877/1889/1
f 4872/1888/1 4875/1891/1 4876/1890/1
f 4873/1892/1 4875/1891/1 4872/1888/1
f 4873/1892/1 4874/1893/1 4875/1891/1
f 5044/1894/1 5071/1895/1 5043/1884/1
f 5071/1895/1 5072/1885/1 5043/1884/1
f 5044/1894/1 5070/1896/1 5071/1895/1
f 5073/1897/1 5018/1873/1 5072/1885/1
f 5073/1897/1 5017/1898/1 5018/1873/1
f 5044/1894/1 5069/1899/1 5070/1896/1
f 5045/1900/1 5069/1899/1 5044/1894/1
f 5074/1901/1 5017/1898/1 5073/1897/1
f 5045/1900/1 5068/1902/1 5069/1899/1
f 5075/1903/1 5017/1898/1 5074/1901/1
f 5046/1904/1 5068/1902/1 5045/1900/1
f 5046/1904/1 5067/1905/1 5068/1902/1
f 5076/1906/1 5017/1898/1 5075/1903/1
f 5046/1904/1 5066/1907/1 5067/1905/1
f 5047/1908/1 5066/1907/1 5046/1904/1
f 5076/1906/1 5016/1909/1 5017/1898/1
f 5077/1910/1 5016/1909/1 5076/1906/1
f 5047/1908/1 5065/1911/1 5066/1907/1
f 4971/1912/1 5095/1913/1 5096/1914/1
f 5078/1915/1 5016/1909/1 5077/1910/1
f 5047/1908/1 5064/1916/1 5065/1911/1
f 4971/1912/1 5094/1917/1 5095/1913/1
f 5048/1918/1 5064/1916/1 5047/1908/1
f 5049/1919/1 5064/1916/1 5048/1918/1
f 4971/1912/1 5093/1920/1 5094/1917/1
f 5050/1921/1 5064/1916/1 5049/1919/1
f 5050/1921/1 5063/1922/1 5064/1916/1
f 5079/1923/1 5016/1909/1 5078/1915/1
f 4971/1912/1 5092/1924/1 5093/1920/1
f 5051/1925/1 5063/1922/1 5050/1921/1
f 5052/1926/1 5063/1922/1 5051/1925/1
f 4971/1912/1 5091/1927/1 5092/1924/1
f 5052/1926/1 5062/1928/1 5063/1922/1
f 5053/1929/1 5062/1928/1 5052/1926/1
f 5080/1930/1 5016/1909/1 5079/1923/1
f 4971/1912/1 5090/1931/1 5091/1927/1
f 5054/1932/1 5062/1928/1 5053/1929/1
f 5080/1930/1 5015/1933/1 5016/1909/1
f 5054/1932/1 5061/1934/1 5062/1928/1
f 5055/1935/1 5061/1934/1 5054/1932/1
f 4971/1912/1 5089/1936/1 5090/1931/1
f 5081/1937/1 5015/1933/1 5080/1930/1
f 4972/1938/1 5089/1936/1 4971/1912/1
f 5056/1939/1 5061/1934/1 5055/1935/1
f 5056/1939/1 5060/1940/1 5061/1934/1
f 4972/1938/1 5088/1941/1 5089/1936/1
f 4973/1942/1 5088/1941/1 4972/1938/1
f 5057/1943/1 5060/1940/1 5056/1939/1
f 5082/1944/1 5015/1933/1 5081/1937/1
f 4973/1942/1 5087/1945/1 5088/1941/1
f 4974/1946/1 5087/1945/1 4973/1942/1
f 5058/1947/1 5060/1940/1 5057/1943/1
f 5058/1947/1 5059/1948/1 5060/1940/1
f 4975/1949/1 5087/1945/1 4974/1946/1
f 4975/1949/1 5086/1950/1 5087/1945/1
f 5083/1951/1 5015/1933/1 5082/1944/1
f 4976/1952/1 5086/1950/1 4975/1949/1
f 4976/1952/1 5085/1953/1 5086/1950/1
f 5084/1954/1 5015/1933/1 5083/1951/1
f 4977/1955/1 5085/1953/1 4976/1952/1
f 5084/1954/1 5014/1956/1 5015/1933/1
f 4977/1955/1 5084/1954/1 5085/1953/1
f 4978/1957/1 5084/1954/1 4977/1955/1
f 4888/1958/1 4886/1877/1 4887/1959/1
f 4888/1958/1 4957/1869/1 4886/1877/1
f 4888/1958/1 4956/1960/1 4957/1869/1
f 4888/1958/1 4955/1961/1 4956/1960/1
f 4978/1957/1 5014/1956/1 5084/1954/1
f 4979/1962/1 5014/1956/1 4978/1957/1
f 4980/1963/1 5014/1956/1 4979/1962/1
f 4981/1964/1 5014/1956/1 4980/1963/1
f 4982/1965/1 5014/1956/1 4981/1964/1
f 4982/1965/1 5013/1966/1 5014/1956/1
f 4983/1967/1 5013/1966/1 4982/1965/1
f 4984/1968/1 5013/1966/1 4983/1967/1
f 4985/1969/1 5013/1966/1 4984/1968/1
f 4986/1970/1 5013/1966/1 4985/1969/1
f 4986/1970/1 5012/1971/1 5013/1966/1
f 4987/1972/1 5012/1971/1 4986/1970/1
f 4889/1973/1 4955/1961/1 4888/1958/1
f 4890/1974/1 4954/1975/1 4889/1973/1
f 4954/1975/1 4955/1961/1 4889/1973/1
f 4890/1974/1 4953/1976/1 4954/1975/1
f 4988/1977/1 5012/1971/1 4987/1972/1
f 5162/1978/1 5160/1979/1 5161/1980/1
f 4989/1981/1 5012/1971/1 4988/1977/1
f 4989/1981/1 5011/1982/1 5012/1971/1
f 4990/1983/1 5011/1982/1 4989/1981/1
f 5162/1978/1 5159/1984/1 5160/1979/1
f 4890/1974/1 4952/1985/1 4953/1976/1
f 4991/1986/1 5011/1982/1 4990/1983/1
f 5162/1978/1 5158/1987/1 5159/1984/1
f 5163/1988/1 5158/1987/1 5162/1978/1
f 4891/1989/1 4952/1985/1 4890/1974/1
f 4992/1990/1 5011/1982/1 4991/1986/1
f 4891/1989/1 4951/1991/1 4952/1985/1
f 5163/1988/1 5157/1992/1 5158/1987/1
f 4993/1993/1 5011/1982/1 4992/1990/1
f 4993/1993/1 5010/1994/1 5011/1982/1
f 5163/1988/1 5156/1995/1 5157/1992/1
f 4994/1996/1 5010/1994/1 4993/1993/1
f 4891/1989/1 4950/1997/1 4951/1991/1
f 4995/1998/1 5010/1994/1 4994/1996/1
f 5163/1988/1 5155/1999/1 5156/1995/1
f 4996/2000/1 5010/1994/1 4995/1998/1
f 5164/2001/1 5155/1999/1 5163/1988/1
f 5164/2001/1 5154/2002/1 5155/1999/1
f 4997/2003/1 5010/1994/1 4996/2000/1
f 4891/1989/1 4949/2004/1 4950/1997/1
f 4892/2005/1 4949/2004/1 4891/1989/1
f 4997/2003/1 5009/2006/1 5010/1994/1
f 4998/2007/1 5009/2006/1 4997/2003/1
f 5164/2001/1 5153/2008/1 5154/2002/1
f 4999/2009/1 5009/2006/1 4998/2007/1
f 5164/2001/1 5152/2010/1 5153/2008/1
f 5000/2011/1 5009/2006/1 4999/2009/1
f 4892/2005/1 4948/2012/1 4949/2004/1
f 5164/2001/1 5151/2013/1 5152/2010/1
f 5001/2014/1 5009/2006/1 5000/2011/1
f 5165/2015/1 5151/2013/1 5164/2001/1
f 5001/2014/1 5008/2016/1 5009/2006/1
f 5002/2017/1 5008/2016/1 5001/2014/1
f 5165/2015/1 5150/2018/1 5151/2013/1
f 5003/2019/1 5008/2016/1 5002/2017/1
f 4892/2005/1 4947/2020/1 4948/2012/1
f 5165/2015/1 5149/2021/1 5150/2018/1
f 4893/2022/1 4928/2023/1 4892/2005/1
f 4928/2023/1 4947/2020/1 4892/2005/1
f 5004/2024/1 5008/2016/1 5003/2019/1
f 5165/2015/1 5148/2025/1 5149/2021/1
f 5005/2026/1 5008/2016/1 5004/2024/1
f 5005/2026/1 5006/2027/1 5008/2016/1
f 5006/2027/1 5007/2028/1 5008/2016/1
f 5147/2029/1 5145/2030/1 5146/2031/1
f 5165/2015/1 5147/2029/1 5148/2025/1
f 5165/2015/1 5145/2030/1 5147/2029/1
f 5166/2032/1 5145/2030/1 5165/2015/1
f 4928/2023/1 4946/2033/1 4947/2020/1
f 4893/2022/1 4925/2034/1 4928/2023/1
f 4925/2034/1 4927/2035/1 4928/2023/1
f 4929/2036/1 4946/2033/1 4928/2023/1
f 4930/2037/1 4946/2033/1 4929/2036/1
f 4930/2037/1 4945/2038/1 4946/2033/1
f 4894/2039/1 4925/2034/1 4893/2022/1
f 5166/2032/1 5198/2040/1 5145/2030/1
f 5198/2040/1 5144/2041/1 5145/2030/1
f 4894/2039/1 4924/2042/1 4925/2034/1
f 4926/2043/1 4927/2035/1 4925/2034/1
f 5167/2044/1 5198/2040/1 5166/2032/1
f 4931/2045/1 4945/2038/1 4930/2037/1
f 4931/2045/1 4944/2046/1 4945/2038/1
f 4932/2047/1 4944/2046/1 4931/2045/1
f 4894/2039/1 4923/2048/1 4924/2042/1
f 5168/2049/1 5197/2050/1 5167/2044/1
f 5197/2050/1 5198/2040/1 5167/2044/1
f 4932/2047/1 4943/2051/1 4944/2046/1
f 4895/2052/1 4923/2048/1 4894/2039/1
f 4933/2053/1 4943/2051/1 4932/2047/1
f 4933/2053/1 4942/2054/1 4943/2051/1
f 5168/2049/1 5196/2055/1 5197/2050/1
f 5199/2056/1 5144/2041/1 5198/2040/1
f 4934/2057/1 4942/2054/1 4933/2053/1
f 5169/2058/1 5196/2055/1 5168/2049/1
f 4934/2057/1 4941/2059/1 4942/2054/1
f 4895/2052/1 4922/2060/1 4923/2048/1
f 4896/2061/1 4922/2060/1 4895/2052/1
f 4935/2062/1 4941/2059/1 4934/2057/1
f 4935/2062/1 4936/2063/1 4941/2059/1
f 4936/2063/1 4937/2064/1 4941/2059/1
f 4937/2064/1 4938/2065/1 4941/2059/1
f 4938/2065/1 4939/2066/1 4941/2059/1
f 4939/2066/1 4940/2067/1 4941/2059/1
f 5169/2058/1 5195/2068/1 5196/2055/1
f 5200/2069/1 5144/2041/1 5199/2056/1
f 5200/2069/1 5143/2070/1 5144/2041/1
f 5170/2071/1 5195/2068/1 5169/2058/1
f 5170/2071/1 5194/2072/1 5195/2068/1
f 4896/2061/1 4921/2073/1 4922/2060/1
f 5201/2074/1 5143/2070/1 5200/2069/1
f 4897/2075/1 4921/2073/1 4896/2061/1
f 5170/2071/1 5193/2076/1 5194/2072/1
f 5171/2077/1 5193/2076/1 5170/2071/1
f 5202/2078/1 5143/2070/1 5201/2074/1
f 4897/2075/1 4920/2079/1 4921/2073/1
f 5171/2077/1 5192/2080/1 5193/2076/1
f 5203/2081/1 5143/2070/1 5202/2078/1
f 4898/2082/1 4920/2079/1 4897/2075/1
f 5172/2083/1 5192/2080/1 5171/2077/1
f 5172/2083/1 5191/2084/1 5192/2080/1
f 5203/2081/1 5142/2085/1 5143/2070/1
f 5204/2086/1 5142/2085/1 5203/2081/1
f 4898/2082/1 4919/2087/1 4920/2079/1
f 5172/2083/1 5190/2088/1 5191/2084/1
f 5173/2089/1 5190/2088/1 5172/2083/1
f 5097/2090/1 5221/2091/1 5222/2/1
f 4899/2092/1 4919/2087/1 4898/2082/1
f 5097/2090/1 5220/2093/1 5221/2091/1
f 5205/2094/1 5142/2085/1 5204/2086/1
f 5173/2089/1 5189/2095/1 5190/2088/1
f 5097/2090/1 5219/2096/1 5220/2093/1
f 4899/2092/1 4918/2097/1 4919/2087/1
f 5174/2098/1 5189/2095/1 5173/2089/1
f 5097/2090/1 5218/2099/1 5219/2096/1
f 5175/2100/1 5189/2095/1 5174/2098/1
f 5206/2101/1 5142/2085/1 5205/2094/1
f 5175/2100/1 5188/2102/1 5189/2095/1
f 5176/2103/1 5188/2102/1 5175/2100/1
f 4900/2104/1 4918/2097/1 4899/2092/1
f 5097/2090/1 5217/2105/1 5218/2099/1
f 5177/2106/1 5188/2102/1 5176/2103/1
f 5178/2107/1 5188/2102/1 5177/2106/1
f 5097/2090/1 5216/2108/1 5217/2105/1
f 5178/2107/1 5187/2109/1 5188/2102/1
f 5207/2110/1 5142/2085/1 5206/2101/1
f 5179/2111/1 5187/2109/1 5178/2107/1
f 5098/2112/1 5216/2108/1 5097/2090/1
f 4900/2104/1 4917/2113/1 4918/2097/1
f 5207/2110/1 5141/2114/1 5142/2085/1
f 5098/2112/1 5215/2115/1 5216/2108/1
f 5180/2116/1 5187/2109/1 5179/2111/1
f 5099/2117/1 5215/2115/1 5098/2112/1
f 5180/2116/1 5186/2118/1 5187/2109/1
f 5181/2119/1 5186/2118/1 5180/2116/1
f 4901/2120/1 4917/2113/1 4900/2104/1
f 5099/2117/1 5214/2121/1 5215/2115/1
f 5208/2122/1 5141/2114/1 5207/2110/1
f 5182/2123/1 5186/2118/1 5181/2119/1
f 5100/2124/1 5214/2121/1 5099/2117/1
f 5100/2124/1 5213/2125/1 5214/2121/1
f 5183/2126/1 5186/2118/1 5182/2123/1
f 5183/2126/1 5184/2127/1 5186/2118/1
f 5184/2127/1 5185/2128/1 5186/2118/1
f 5101/2129/1 5213/2125/1 5100/2124/1
f 4901/2120/1 4916/2130/1 4917/2113/1
f 5209/2131/1 5141/2114/1 5208/2122/1
f 5101/2129/1 5212/2132/1 5213/2125/1
f 4902/2133/1 4916/2130/1 4901/2120/1
f 5102/2134/1 5212/2132/1 5101/2129/1
f 4903/2135/1 4916/2130/1 4902/2133/1
f 5102/2134/1 5211/2136/1 5212/2132/1
f 5103/2137/1 5211/2136/1 5102/2134/1
f 5210/2138/1 5141/2114/1 5209/2131/1
f 4904/2139/1 4916/2130/1 4903/2135/1
f 5103/2137/1 5210/2138/1 5211/2136/1
f 4904/2139/1 4915/2140/1 4916/2130/1
f 4905/2141/1 4915/2140/1 4904/2139/1
f 5104/2142/1 5210/2138/1 5103/2137/1
f 5104/2142/1 5141/2114/1 5210/2138/1
f 5104/2142/1 5140/2143/1 5141/2114/1
f 4906/2144/1 4915/2140/1 4905/2141/1
f 5105/2145/1 5140/2143/1 5104/2142/1
f 4907/2146/1 4915/2140/1 4906/2144/1
f 5106/2147/1 5140/2143/1 5105/2145/1
f 4908/2148/1 4915/2140/1 4907/2146/1
f 4908/2148/1 4914/2149/1 4915/2140/1
f 4909/2150/1 4914/2149/1 4908/2148/1
f 5107/2151/1 5140/2143/1 5106/2147/1
f 4910/2152/1 4914/2149/1 4909/2150/1
f 5108/2153/1 5140/2143/1 5107/2151/1
f 4911/2154/1 4914/2149/1 4910/2152/1
f 4911/2154/1 4912/2155/1 4914/2149/1
f 4912/2155/1 4913/2156/1 4914/2149/1
f 5109/2157/1 5140/2143/1 5108/2153/1
f 5110/2158/1 5140/2143/1 5109/2157/1
f 5110/2158/1 5139/2159/1 5140/2143/1
f 5111/2160/1 5139/2159/1 5110/2158/1
f 5112/2161/1 5139/2159/1 5111/2160/1
f 5112/2161/1 5138/2162/1 5139/2159/1
f 5113/2163/1 5138/2162/1 5112/2161/1
f 5114/2164/1 5138/2162/1 5113/2163/1
f 5115/2165/1 5138/2162/1 5114/2164/1
f 5115/2165/1 5137/2166/1 5138/2162/1
f 5116/2167/1 5137/2166/1 5115/2165/1
f 5117/2168/1 5137/2166/1 5116/2167/1
f 5118/2169/1 5137/2166/1 5117/2168/1
f 5118/2169/1 5136/2170/1 5137/2166/1
f 5119/2171/1 5136/2170/1 5118/2169/1
f 5120/2172/1 5136/2170/1 5119/2171/1
f 5121/2173/1 5136/2170/1 5120/2172/1
f 5122/2174/1 5136/2170/1 5121/2173/1
f 5122/2174/1 5135/2175/1 5136/2170/1
f 5123/2176/1 5135/2175/1 5122/2174/1
f 5124/2177/1 5135/2175/1 5123/2176/1
f 5125/2178/1 5135/2175/1 5124/2177/1
f 5126/2179/1 5135/2175/1 5125/2178/1
f 5127/2180/1 5135/2175/1 5126/2179/1
f 5127/2180/1 5134/2181/1 5135/2175/1
f 5128/2182/1 5134/2181/1 5127/2180/1
f 5129/2183/1 5134/2181/1 5128/2182/1
f 5130/2184/1 5134/2181/1 5129/2183/1
f 5130/2184/1 5131/2185/1 5134/2181/1
f 5131/2185/1 5132/2186/1 5134/2181/1
f 5132/2186/1 5133/2187/1 5134/2181/1
f 5299/970/1 5297/971/1 5298/972/1
f 5300/973/1 5297/971/1 5299/970/1
f 5301/974/1 5297/971/1 5300/973/1
f 5302/975/1 5297/971/1 5301/974/1
f 5303/976/1 5297/971/1 5302/975/1
f 5304/113/1 5297/971/1 5303/976/1
f 5305/977/1 5297/971/1 5304/113/1
f 5306/978/1 5297/971/1 5305/977/1
f 5307/979/1 5297/971/1 5306/978/1
f 5308/980/1 5297/971/1 5307/979/1
f 5309/981/1 5297/971/1 5308/980/1
f 5310/982/1 5297/971/1 5309/981/1
f 5311/983/1 5297/971/1 5310/982/1
f 5312/984/1 5297/971/1 5311/983/1
f 5313/985/1 5297/971/1 5312/984/1
f 5314/986/1 5297/971/1 5313/985/1
f 5315/987/1 5297/971/1 5314/986/1
f 5316/988/1 5297/971/1 5315/987/1
f 5317/989/1 5297/971/1 5316/988/1
f 5318/990/1 5297/971/1 5317/989/1
f 5319/991/1 5297/971/1 5318/990/1
f 5320/992/1 5297/971/1 5319/991/1
f 5321/993/1 5297/971/1 5320/992/1
f 5322/994/1 5297/971/1 5321/993/1
f 5323/995/1 5297/971/1 5322/994/1
f 5324/996/1 5297/971/1 5323/995/1
f 5325/997/1 5297/971/1 5324/996/1
f 5326/998/1 5297/971/1 5325/997/1
f 5327/999/1 5297/971/1 5326/998/1
f 5328/1000/1 5297/971/1 5327/999/1
f 5329/1001/1 5297/971/1 5328/1000/1
f 5330/1002/1 5297/971/1 5329/1001/1
f 5331/572/1 5297/971/1 5330/1002/1
f 5332/1003/1 5297/971/1 5331/572/1
f 5333/1004/1 5297/971/1 5332/1003/1
f 5223/132/1 5297/971/1 5333/1004/1
f 5224/1005/1 5225/1006/1 5223/132/1
f 5225/1006/1 5226/1007/1 5223/132/1
f 5226/1007/1 5227/1008/1 5223/132/1
f 5227/1008/1 5228/1009/1 5223/132/1
f 5228/1009/1 5229/1010/1 5223/132/1
f 5229/1010/1 5230/1011/1 5223/132/1
f 5230/1011/1 5231/1012/1 5223/132/1
f 5231/1012/1 5232/1013/1 5223/132/1
f 5232/1013/1 5236/1014/1 5223/132/1
f 5236/1014/1 5292/1015/1 5223/132/1
f 5292/1015/1 5293/1016/1 5223/132/1
f 5293/1016/1 5294/1017/1 5223/132/1
f 5294/1017/1 5295/1018/1 5223/132/1
f 5295/1018/1 5296/1019/1 5223/132/1
f 5296/1019/1 5297/971/1 5223/132/1
f 5236/1014/1 5291/1020/1 5292/1015/1
f 5236/1014/1 5290/1021/1 5291/1020/1
f 5236/1014/1 5289/1022/1 5290/1021/1
f 5236/1014/1 5288/1023/1 5289/1022/1
f 5236/1014/1 5287/1024/1 5288/1023/1
f 5236/1014/1 5286/1025/1 5287/1024/1
f 5232/1013/1 5233/1026/1 5236/1014/1
f 5233/1026/1 5235/1027/1 5236/1014/1
f 5237/1028/1 5286/1025/1 5236/1014/1
f 5237/1028/1 5285/1029/1 5286/1025/1
f 5233/1026/1 5234/1030/1 5235/1027/1
f 5237/1028/1 5284/1031/1 5285/1029/1
f 5238/1032/1 5284/1031/1 5237/1028/1
f 5238/1032/1 5283/1033/1 5284/1031/1
f 5239/1034/1 5283/1033/1 5238/1032/1
f 5239/1034/1 5282/1035/1 5283/1033/1
f 5240/1036/1 5282/1035/1 5239/1034/1
f 5240/1036/1 5281/1037/1 5282/1035/1
f 5361/1038/1 5385/2/1 5360/1039/1
f 5241/1040/1 5281/1037/1 5240/1036/1
f 5361/1038/1 5384/1041/1 5385/2/1
f 5241/1040/1 5280/1042/1 5281/1037/1
f 5361/1038/1 5383/1043/1 5384/1041/1
f 5362/1044/1 5383/1043/1 5361/1038/1
f 5362/1044/1 5382/1045/1 5383/1043/1
f 5363/1046/1 5382/1045/1 5362/1044/1
f 5242/1047/1 5280/1042/1 5241/1040/1
f 5242/1047/1 5279/1048/1 5280/1042/1
f 5363/1046/1 5381/1049/1 5382/1045/1
f 5335/1050/1 5359/1051/1 5334/1052/1
f 5364/1053/1 5381/1049/1 5363/1046/1
f 5335/1050/1 5358/475/1 5359/1051/1
f 5364/1053/1 5380/1054/1 5381/1049/1
f 5365/1055/1 5380/1054/1 5364/1053/1
f 5335/1050/1 5357/1056/1 5358/475/1
f 5243/1057/1 5279/1048/1 5242/1047/1
f 5336/1058/1 5357/1056/1 5335/1050/1
f 5365/1055/1 5379/1059/1 5380/1054/1
f 5243/1057/1 5278/1060/1 5279/1048/1
f 5366/1061/1 5379/1059/1 5365/1055/1
f 5336/1058/1 5356/1062/1 5357/1056/1
f 5337/1063/1 5356/1062/1 5336/1058/1
f 5366/1061/1 5378/1064/1 5379/1059/1
f 5367/1065/1 5378/1064/1 5366/1061/1
f 5337/1063/1 5355/1066/1 5356/1062/1
f 5338/1067/1 5355/1066/1 5337/1063/1
f 5367/1065/1 5377/1068/1 5378/1064/1
f 5368/1069/1 5377/1068/1 5367/1065/1
f 5244/1070/1 5278/1060/1 5243/1057/1
f 5338/1067/1 5354/1071/1 5355/1066/1
f 5244/1070/1 5277/320/1 5278/1060/1
f 5339/1072/1 5354/1071/1 5338/1067/1
f 5369/1073/1 5377/1068/1 5368/1069/1
f 5369/1073/1 5376/1074/1 5377/1068/1
f 5339/1072/1 5353/1075/1 5354/1071/1
f 5340/1076/1 5353/1075/1 5339/1072/1
f 5370/1077/1 5376/1074/1 5369/1073/1
f 5370/1077/1 5375/1078/1 5376/1074/1
f 5341/1079/1 5353/1075/1 5340/1076/1
f 5341/1079/1 5352/1080/1 5353/1075/1
f 5245/1081/1 5277/320/1 5244/1070/1
f 5371/1082/1 5375/1078/1 5370/1077/1
f 5371/1082/1 5374/1083/1 5375/1078/1
f 5245/1081/1 5276/1084/1 5277/320/1
f 5342/1085/1 5352/1080/1 5341/1079/1
f 5342/1085/1 5351/1086/1 5352/1080/1
f 5371/1082/1 5372/1087/1 5374/1083/1
f 5372/1087/1 5373/1088/1 5374/1083/1
f 5343/1089/1 5351/1086/1 5342/1085/1
f 5343/1089/1 5350/1090/1 5351/1086/1
f 5344/1091/1 5350/1090/1 5343/1089/1
f 5344/1091/1 5349/1092/1 5350/1090/1
f 5246/1093/1 5276/1084/1 5245/1081/1
f 5246/1093/1 5275/1094/1 5276/1084/1
f 5345/1095/1 5349/1092/1 5344/1091/1
f 5345/1095/1 5348/1096/1 5349/1092/1
f 5346/1097/1 5348/1096/1 5345/1095/1
f 5346/1097/1 5347/1098/1 5348/1096/1
f 5246/1093/1 5274/1099/1 5275/1094/1
f 5247/1100/1 5274/1099/1 5246/1093/1
f 5247/1100/1 5273/1101/1 5274/1099/1
f 5248/1102/1 5273/1101/1 5247/1100/1
f 5248/1102/1 5272/1103/1 5273/1101/1
f 5249/1104/1 5272/1103/1 5248/1102/1
f 5249/1104/1 5271/1105/1 5272/1103/1
f 5250/246/1 5271/1105/1 5249/1104/1
f 5250/246/1 5270/1106/1 5271/1105/1
f 5251/1107/1 5270/1106/1 5250/246/1
f 5251/1107/1 5269/1108/1 5270/1106/1
f 5251/1107/1 5268/1109/1 5269/1108/1
f 5252/1110/1 5268/1109/1 5251/1107/1
f 5252/1110/1 5267/1111/1 5268/1109/1
f 5253/1112/1 5267/1111/1 5252/1110/1
f 5253/1112/1 5266/1113/1 5267/1111/1
f 5253/1112/1 5265/1114/1 5266/1113/1
f 5254/1115/1 5265/1114/1 5253/1112/1
f 5254/1115/1 5264/1116/1 5265/1114/1
f 5254/1115/1 5263/1117/1 5264/1116/1
f 5254/1115/1 5262/1118/1 5263/1117/1
f 5254/1115/1 5261/1119/1 5262/1118/1
f 5255/1120/1 5261/1119/1 5254/1115/1
f 5255/1120/1 5260/1121/1 5261/1119/1
f 5256/1122/1 5260/1121/1 5255/1120/1
f 5257/1123/1 5260/1121/1 5256/1122/1
f 5258/1124/1 5260/1121/1 5257/1123/1
f 5259/1125/1 5260/1121/1 5258/1124/1
f 5386/132/1 5413/3562/1 5412/3563/1
f 5413/3562/1 5411/3564/1 5412/3563/1
f 5413/3562/1 5410/3565/1 5411/3564/1
f 5413/3562/1 5409/3566/1 5410/3565/1
f 5413/3562/1 5408/3567/1 5409/3566/1
f 5413/3562/1 5407/3568/1 5408/3567/1
f 5413/3562/1 5406/3569/1 5407/3568/1
f 5413/3562/1 5414/3570/1 5406/3569/1
f 5414/3570/1 5415/3571/1 5406/3569/1
f 5415/3571/1 5405/3572/1 5406/3569/1
f 5386/132/1 5439/2/1 5413/3562/1
f 5416/3573/1 5405/3572/1 5415/3571/1
f 5417/3574/1 5405/3572/1 5416/3573/1
f 5418/3575/1 5405/3572/1 5417/3574/1
f 5418/3575/1 5404/3576/1 5405/3572/1
f 5419/3577/1 5404/3576/1 5418/3575/1
f 5420/3578/1 5404/3576/1 5419/3577/1
f 5420/3578/1 5403/3579/1 5404/3576/1
f 5421/3580/1 5403/3579/1 5420/3578/1
f 5421/3580/1 5402/3581/1 5403/3579/1
f 5422/3582/1 5402/3581/1 5421/3580/1
f 5423/3583/1 5402/3581/1 5422/3582/1
f 5423/3583/1 5401/3584/1 5402/3581/1
f 5424/3585/1 5401/3584/1 5423/3583/1
f 5424/3585/1 5400/3586/1 5401/3584/1
f 5425/3587/1 5400/3586/1 5424/3585/1
f 5425/3587/1 5399/3588/1 5400/3586/1
f 5426/3589/1 5399/3588/1 5425/3587/1
f 5427/3590/1 5399/3588/1 5426/3589/1
f 5427/3590/1 5398/3591/1 5399/3588/1
f 5428/3592/1 5398/3591/1 5427/3590/1
f 5428/3592/1 5397/3593/1 5398/3591/1
f 5429/3594/1 5397/3593/1 5428/3592/1
f 5430/3595/1 5397/3593/1 5429/3594/1
f 5430/3595/1 5396/3596/1 5397/3593/1
f 5431/3597/1 5396/3596/1 5430/3595/1
f 5431/3597/1 5395/3598/1 5396/3596/1
f 5432/3599/1 5395/3598/1 5431/3597/1
f 5433/3600/1 5395/3598/1 5432/3599/1
f 5433/3600/1 5394/3601/1 5395/3598/1
f 5434/3602/1 5394/3601/1 5433/3600/1
f 5434/3602/1 5393/3603/1 5394/3601/1
f 5435/3604/1 5393/3603/1 5434/3602/1
f 5436/3605/1 5393/3603/1 5435/3604/1
f 5436/3605/1 5392/3606/1 5393/3603/1
f 5437/3607/1 5392/3606/1 5436/3605/1
f 5438/3608/1 5392/3606/1 5437/3607/1
f 5386/132/1 5438/3608/1 5439/2/1
f 5386/132/1 5392/3606/1 5438/3608/1
f 5386/132/1 5391/3609/1 5392/3606/1
f 5386/132/1 5390/3610/1 5391/3609/1
f 5386/132/1 5389/3611/1 5390/3610/1
f 5386/132/1 5388/3612/1 5389/3611/1
f 5386/132/1 5387/3613/1 5388/3612/1
f 5453/3452/1 5451/3404/1 5452/3453/1
f 5453/3452/1 5450/3454/1 5451/3404/1
f 5453/3452/1 5449/3455/1 5450/3454/1
f 5454/3456/1 5449/3455/1 5453/3452/1
f 5454/3456/1 5448/3457/1 5449/3455/1
f 5454/3456/1 5447/3458/1 5448/3457/1
f 5455/3459/1 5447/3458/1 5454/3456/1
f 5455/3459/1 5446/3460/1 5447/3458/1
f 5455/3459/1 5445/3461/1 5446/3460/1
f 5456/3462/1 5445/3461/1 5455/3459/1
f 5456/3462/1 5444/3463/1 5445/3461/1
f 5456/3462/1 5443/3464/1 5444/3463/1
f 5457/3465/1 5443/3464/1 5456/3462/1
f 5457/3465/1 5442/3466/1 5443/3464/1
f 5457/3465/1 5441/3467/1 5442/3466/1
f 5458/3468/1 5441/3467/1 5457/3465/1
f 5458/3468/1 5440/132/1 5441/3467/1
f 5458/3468/1 5553/3469/1 5440/132/1
f 5553/3469/1 5554/3470/1 5440/132/1
f 5554/3470/1 5555/3471/1 5440/132/1
f 5555/3471/1 5556/3472/1 5440/132/1
f 5556/3472/1 5557/3473/1 5440/132/1
f 5557/3473/1 5558/3474/1 5440/132/1
f 5558/3474/1 5559/3475/1 5440/132/1
f 5559/3475/1 5560/3476/1 5440/132/1
f 5560/3476/1 5561/2/1 5440/132/1
f 5459/3477/1 5551/3478/1 5458/3468/1
f 5551/3478/1 5552/3479/1 5458/3468/1
f 5552/3479/1 5553/3469/1 5458/3468/1
f 5460/3480/1 5549/3481/1 5459/3477/1
f 5549/3481/1 5550/3403/1 5459/3477/1
f 5550/3403/1 5551/3478/1 5459/3477/1
f 5461/3482/1 5548/3483/1 5460/3480/1
f 5548/3483/1 5549/3481/1 5460/3480/1
f 5461/3482/1 5547/3484/1 5548/3483/1
f 5461/3482/1 5546/3485/1 5547/3484/1
f 5461/3482/1 5545/3486/1 5546/3485/1
f 5461/3482/1 5544/3487/1 5545/3486/1
f 5461/3482/1 5543/3488/1 5544/3487/1
f 5462/3402/1 5543/3488/1 5461/3482/1
f 5462/3402/1 5542/3489/1 5543/3488/1
f 5462/3402/1 5541/3490/1 5542/3489/1
f 5462/3402/1 5540/3491/1 5541/3490/1
f 5463/3492/1 5540/3491/1 5462/3402/1
f 5463/3492/1 5539/3405/1 5540/3491/1
f 5463/3492/1 5538/3493/1 5539/3405/1
f 5464/3494/1 5538/3493/1 5463/3492/1
f 5464/3494/1 5537/3495/1 5538/3493/1
f 5464/3494/1 5536/3496/1 5537/3495/1
f 5465/3497/1 5536/3496/1 5464/3494/1
f 5465/3497/1 5535/3498/1 5536/3496/1
f 5465/3497/1 5534/3499/1 5535/3498/1
f 5466/3500/1 5534/3499/1 5465/3497/1
f 5466/3500/1 5533/3501/1 5534/3499/1
f 5467/3502/1 5533/3501/1 5466/3500/1
f 5467/3502/1 5532/3503/1 5533/3501/1
f 5467/3502/1 5531/3504/1 5532/3503/1
f 5468/3505/1 5531/3504/1 5467/3502/1
f 5468/3505/1 5530/3506/1 5531/3504/1
f 5469/3507/1 5530/3506/1 5468/3505/1
f 5469/3507/1 5529/3508/1 5530/3506/1
f 5470/3509/1 5529/3508/1 5469/3507/1
f 5470/3509/1 5528/3407/1 5529/3508/1
f 5471/3510/1 5528/3407/1 5470/3509/1
f 5471/3510/1 5527/3511/1 5528/3407/1
f 5472/3512/1 5527/3511/1 5471/3510/1
f 5473/3411/1 5527/3511/1 5472/3512/1
f 5473/3411/1 5526/3513/1 5527/3511/1
f 5474/3514/1 5526/3513/1 5473/3411/1
f 5475/3515/1 5526/3513/1 5474/3514/1
f 5475/3515/1 5525/3516/1 5526/3513/1
f 5476/3517/1 5525/3516/1 5475/3515/1
f 5501/3518/1 5499/3519/1 5500/3520/1
f 5476/3517/1 5524/3521/1 5525/3516/1
f 5477/3522/1 5524/3521/1 5476/3517/1
f 5501/3518/1 5498/3523/1 5499/3519/1
f 5478/3524/1 5524/3521/1 5477/3522/1
f 5478/3524/1 5523/3525/1 5524/3521/1
f 5501/3518/1 5497/3526/1 5498/3523/1
f 5479/3527/1 5523/3525/1 5478/3524/1
f 5501/3518/1 5496/3528/1 5497/3526/1
f 5480/3529/1 5523/3525/1 5479/3527/1
f 5481/3530/1 5523/3525/1 5480/3529/1
f 5481/3530/1 5522/3531/1 5523/3525/1
f 5501/3518/1 5495/3409/1 5496/3528/1
f 5482/3532/1 5522/3531/1 5481/3530/1
f 5501/3518/1 5494/3533/1 5495/3409/1
f 5483/3534/1 5522/3531/1 5482/3532/1
f 5501/3518/1 5493/3535/1 5494/3533/1
f 5483/3534/1 5521/3536/1 5522/3531/1
f 5484/3410/1 5521/3536/1 5483/3534/1
f 5501/3518/1 5492/3537/1 5493/3535/1
f 5485/3538/1 5521/3536/1 5484/3410/1
f 5501/3518/1 5491/3539/1 5492/3537/1
f 5486/3540/1 5521/3536/1 5485/3538/1
f 5501/3518/1 5490/3541/1 5491/3539/1
f 5487/3542/1 5521/3536/1 5486/3540/1
f 5501/3518/1 5489/3543/1 5490/3541/1
f 5487/3542/1 5520/3544/1 5521/3536/1
f 5488/3545/1 5520/3544/1 5487/3542/1
f 5501/3518/1 5488/3545/1 5489/3543/1
f 5501/3518/1 5520/3544/1 5488/3545/1
f 5501/3518/1 5519/3546/1 5520/3544/1
f 5502/3547/1 5519/3546/1 5501/3518/1
f 5503/3548/1 5519/3546/1 5502/3547/1
f 5503/3548/1 5518/3549/1 5519/3546/1
f 5504/3550/1 5518/3549/1 5503/3548/1
f 5504/3550/1 5517/3408/1 5518/3549/1
f 5505/3551/1 5517/3408/1 5504/3550/1
f 5506/3406/1 5517/3408/1 5505/3551/1
f 5506/3406/1 5516/3552/1 5517/3408/1
f 5507/3553/1 5516/3552/1 5506/3406/1
f 5508/3554/1 5516/3552/1 5507/3553/1
f 5508/3554/1 5515/3555/1 5516/3552/1
f 5509/3556/1 5515/3555/1 5508/3554/1
f 5510/3557/1 5515/3555/1 5509/3556/1
f 5510/3557/1 5514/3558/1 5515/3555/1
f 5511/3559/1 5514/3558/1 5510/3557/1
f 5512/3560/1 5514/3558/1 5511/3559/1
f 5512/3560/1 5513/3561/1 5514/3558/1
f 5564/921/1 5562/132/1 5563/900/1
f 5564/921/1 5570/818/1 5562/132/1
f 5570/818/1 5569/794/1 5562/132/1
f 5564/921/1 5572/2/1 5570/818/1
f 5571/796/1 5569/794/1 5570/818/1
f 5564/921/1 5566/901/1 5572/2/1
f 5566/901/1 5571/796/1 5572/2/1
f 5566/901/1 5567/113/1 5571/796/1
f 5567/113/1 5569/794/1 5571/796/1
f 5564/921/1 5565/969/1 5566/901/1
f 5568/782/1 5569/794/1 5567/113/1
f 5581/572/1 5579/113/1 5580/710/1
f 5581/572/1 5578/689/1 5579/113/1
f 5578/689/1 5576/646/1 5577/320/1
f 5578/689/1 5583/475/1 5576/646/1
f 5583/475/1 5575/246/1 5576/646/1
f 5575/246/1 5573/132/1 5574/661/1
f 5575/246/1 5585/2/1 5573/132/1
f 5578/689/1 5582/625/1 5583/475/1
f 5584/671/1 5575/246/1 5583/475/1
f 5581/572/1 5582/625/1 5578/689/1
f 5584/671/1 5585/2/1 5575/246/1
f 5605/3614/1 5603/3615/1 5604/3616/1
f 5603/3615/1 5704/3617/1 5604/3616/1
f 5603/3615/1 5600/3618/1 5704/3617/1
f 5600/3618/1 5703/3619/1 5704/3617/1
f 5595/3620/1 5592/3621/1 5594/3622/1
f 5592/3621/1 5599/3623/1 5594/3622/1
f 5592/3621/1 5593/3624/1 5599/3623/1
f 5593/3624/1 5598/3625/1 5599/3623/1
f 5605/3614/1 5602/3626/1 5603/3615/1
f 5601/3627/1 5703/3619/1 5600/3618/1
f 5595/3620/1 5591/3628/1 5592/3621/1
f 5590/3629/1 5598/3625/1 5593/3624/1
f 5605/3614/1 5720/2/1 5602/3626/1
f 5720/2/1 5601/3627/1 5602/3626/1
f 5720/2/1 5705/3630/1 5601/3627/1
f 5705/3630/1 5703/3619/1 5601/3627/1
f 5595/3620/1 5589/3631/1 5591/3628/1
f 5589/3631/1 5590/3629/1 5591/3628/1
f 5589/3631/1 5586/132/1 5590/3629/1
f 5586/132/1 5598/3625/1 5590/3629/1
f 5605/3614/1 5719/3632/1 5720/2/1
f 5706/3633/1 5703/3619/1 5705/3630/1
f 5595/3620/1 5588/3634/1 5589/3631/1
f 5587/3635/1 5598/3625/1 5586/132/1
f 5606/3636/1 5719/3632/1 5605/3614/1
f 5606/3636/1 5718/3637/1 5719/3632/1
f 5606/3636/1 5717/3638/1 5718/3637/1
f 5606/3636/1 5716/3639/1 5717/3638/1
f 5606/3636/1 5715/3640/1 5716/3639/1
f 5607/3641/1 5715/3640/1 5606/3636/1
f 5607/3641/1 5714/3642/1 5715/3640/1
f 5607/3641/1 5713/3643/1 5714/3642/1
f 5607/3641/1 5712/3644/1 5713/3643/1
f 5607/3641/1 5711/3645/1 5712/3644/1
f 5608/3646/1 5711/3645/1 5607/3641/1
f 5608/3646/1 5710/3647/1 5711/3645/1
f 5608/3646/1 5709/3648/1 5710/3647/1
f 5608/3646/1 5708/3649/1 5709/3648/1
f 5608/3646/1 5707/3650/1 5708/3649/1
f 5609/3651/1 5707/3650/1 5608/3646/1
f 5609/3651/1 5706/3633/1 5707/3650/1
f 5609/3651/1 5642/3652/1 5706/3633/1
f 5642/3652/1 5703/3619/1 5706/3633/1
f 5610/3653/1 5641/3654/1 5609/3651/1
f 5641/3654/1 5642/3652/1 5609/3651/1
f 5595/3620/1 5597/3655/1 5588/3634/1
f 5597/3655/1 5587/3635/1 5588/3634/1
f 5597/3655/1 5598/3625/1 5587/3635/1
f 5610/3653/1 5640/3656/1 5641/3654/1
f 5643/3657/1 5703/3619/1 5642/3652/1
f 5611/3658/1 5640/3656/1 5610/3653/1
f 5611/3658/1 5639/3659/1 5640/3656/1
f 5612/3660/1 5639/3659/1 5611/3658/1
f 5595/3620/1 5596/3661/1 5597/3655/1
f 5612/3660/1 5638/3662/1 5639/3659/1
f 5612/3660/1 5637/3663/1 5638/3662/1
f 5613/3664/1 5637/3663/1 5612/3660/1
f 5613/3664/1 5636/3665/1 5637/3663/1
f 5614/3666/1 5636/3665/1 5613/3664/1
f 5614/3666/1 5635/3667/1 5636/3665/1
f 5615/3668/1 5635/3667/1 5614/3666/1
f 5615/3668/1 5634/3669/1 5635/3667/1
f 5615/3668/1 5633/3670/1 5634/3669/1
f 5616/3671/1 5633/3670/1 5615/3668/1
f 5644/3672/1 5703/3619/1 5643/3657/1
f 5644/3672/1 5702/3673/1 5703/3619/1
f 5645/3674/1 5702/3673/1 5644/3672/1
f 5646/3675/1 5702/3673/1 5645/3674/1
f 5616/3671/1 5632/3676/1 5633/3670/1
f 5646/3675/1 5701/3677/1 5702/3673/1
f 5647/3678/1 5701/3677/1 5646/3675/1
f 5648/3679/1 5701/3677/1 5647/3678/1
f 5649/3680/1 5701/3677/1 5648/3679/1
f 5650/3681/1 5701/3677/1 5649/3680/1
f 5651/3682/1 5701/3677/1 5650/3681/1
f 5617/3683/1 5632/3676/1 5616/3671/1
f 5651/3682/1 5700/3684/1 5701/3677/1
f 5652/3685/1 5700/3684/1 5651/3682/1
f 5653/113/1 5700/3684/1 5652/3685/1
f 5668/3686/1 5666/3687/1 5667/3688/1
f 5654/3689/1 5700/3684/1 5653/113/1
f 5668/3686/1 5665/3690/1 5666/3687/1
f 5655/3691/1 5700/3684/1 5654/3689/1
f 5656/3692/1 5700/3684/1 5655/3691/1
f 5668/3686/1 5664/3693/1 5665/3690/1
f 5657/3694/1 5700/3684/1 5656/3692/1
f 5658/3695/1 5700/3684/1 5657/3694/1
f 5668/3686/1 5663/3696/1 5664/3693/1
f 5659/3697/1 5700/3684/1 5658/3695/1
f 5668/3686/1 5662/3698/1 5663/3696/1
f 5660/3699/1 5700/3684/1 5659/3697/1
f 5668/3686/1 5661/3700/1 5662/3698/1
f 5661/3700/1 5700/3684/1 5660/3699/1
f 5668/3686/1 5700/3684/1 5661/3700/1
f 5669/3701/1 5700/3684/1 5668/3686/1
f 5669/3701/1 5699/3702/1 5700/3684/1
f 5670/3703/1 5699/3702/1 5669/3701/1
f 5617/3683/1 5631/3704/1 5632/3676/1
f 5670/3703/1 5698/3705/1 5699/3702/1
f 5671/3706/1 5698/3705/1 5670/3703/1
f 5672/3707/1 5698/3705/1 5671/3706/1
f 5672/3707/1 5697/3708/1 5698/3705/1
f 5673/3709/1 5697/3708/1 5672/3707/1
f 5618/3710/1 5631/3704/1 5617/3683/1
f 5673/3709/1 5696/3711/1 5697/3708/1
f 5619/3712/1 5631/3704/1 5618/3710/1
f 5619/3712/1 5630/3713/1 5631/3704/1
f 5674/3714/1 5696/3711/1 5673/3709/1
f 5620/3715/1 5630/3713/1 5619/3712/1
f 5674/3714/1 5695/3716/1 5696/3711/1
f 5621/3717/1 5630/3713/1 5620/3715/1
f 5674/3714/1 5694/3718/1 5695/3716/1
f 5675/3719/1 5694/3718/1 5674/3714/1
f 5622/3720/1 5630/3713/1 5621/3717/1
f 5675/3719/1 5693/3721/1 5694/3718/1
f 5676/3722/1 5693/3721/1 5675/3719/1
f 5623/3723/1 5630/3713/1 5622/3720/1
f 5676/3722/1 5692/3724/1 5693/3721/1
f 5624/3725/1 5630/3713/1 5623/3723/1
f 5677/3726/1 5692/3724/1 5676/3722/1
f 5677/3726/1 5691/3727/1 5692/3724/1
f 5625/3728/1 5630/3713/1 5624/3725/1
f 5677/3726/1 5690/3729/1 5691/3727/1
f 5625/3728/1 5626/3730/1 5630/3713/1
f 5626/3730/1 5627/3731/1 5630/3713/1
f 5627/3731/1 5628/3732/1 5630/3713/1
f 5628/3732/1 5629/3733/1 5630/3713/1
f 5678/3734/1 5690/3729/1 5677/3726/1
f 5678/3734/1 5689/3735/1 5690/3729/1
f 5678/3734/1 5688/3736/1 5689/3735/1
f 5678/3734/1 5687/3737/1 5688/3736/1
f 5679/3738/1 5687/3737/1 5678/3734/1
f 5679/3738/1 5686/3739/1 5687/3737/1
f 5679/3738/1 5685/3740/1 5686/3739/1
f 5679/3738/1 5684/3741/1 5685/3740/1
f 5679/3738/1 5683/3742/1 5684/3741/1
f 5679/3738/1 5682/3743/1 5683/3742/1
f 5679/3738/1 5681/3744/1 5682/3743/1
f 5679/3738/1 5680/3745/1 5681/3744/1
f 5905/2461/1 5903/3746/1 5904/3747/1
f 5931/3748/1 5929/2485/1 5930/3749/1
f 5906/3750/1 5903/3746/1 5905/2461/1
f 5931/3748/1 5928/3751/1 5929/2485/1
f 5906/3750/1 5902/3752/1 5903/3746/1
f 5932/3753/1 5928/3751/1 5931/3748/1
f 5932/3753/1 5927/3754/1 5928/3751/1
f 5907/3755/1 5902/3752/1 5906/3750/1
f 5907/3755/1 5901/3756/1 5902/3752/1
f 5933/3757/1 5927/3754/1 5932/3753/1
f 5933/3757/1 5926/3758/1 5927/3754/1
f 5908/3759/1 5901/3756/1 5907/3755/1
f 5908/3759/1 5900/3760/1 5901/3756/1
f 5934/3761/1 5926/3758/1 5933/3757/1
f 5934/3761/1 5925/3762/1 5926/3758/1
f 5909/3763/1 5900/3760/1 5908/3759/1
f 5909/3763/1 5899/3764/1 5900/3760/1
f 5935/3765/1 5925/3762/1 5934/3761/1
f 5935/3765/1 5924/1645/1 5925/3762/1
f 5910/3766/1 5899/3764/1 5909/3763/1
f 5910/3766/1 5898/3767/1 5899/3764/1
f 5936/3768/1 5924/1645/1 5935/3765/1
f 5936/3768/1 5923/3769/1 5924/1645/1
f 5910/3766/1 5897/2444/1 5898/3767/1
f 5911/3770/1 5897/2444/1 5910/3766/1
f 5937/2473/1 5923/3769/1 5936/3768/1
f 5937/2473/1 5922/3771/1 5923/3769/1
f 5911/3770/1 5896/3772/1 5897/2444/1
f 5938/3773/1 5922/3771/1 5937/2473/1
f 5938/3773/1 5921/2468/1 5922/3771/1
f 5912/3774/1 5896/3772/1 5911/3770/1
f 5912/3774/1 5895/625/1 5896/3772/1
f 5938/3773/1 5920/3775/1 5921/2468/1
f 5939/3776/1 5920/3775/1 5938/3773/1
f 5913/2447/1 5895/625/1 5912/3774/1
f 5913/2447/1 5894/3777/1 5895/625/1
f 5939/3776/1 5919/3778/1 5920/3775/1
f 5940/3779/1 5919/3778/1 5939/3776/1
f 5914/3780/1 5894/3777/1 5913/2447/1
f 5940/3779/1 5918/3781/1 5919/3778/1
f 5914/3780/1 5893/3782/1 5894/3777/1
f 5941/3783/1 5918/3781/1 5940/3779/1
f 5760/3784/1 5762/3785/1 5759/3786/1
f 5760/3784/1 5761/2537/1 5762/3785/1
f 5915/3787/1 5893/3782/1 5914/3780/1
f 5941/3783/1 5917/3788/1 5918/3781/1
f 5915/3787/1 5892/3789/1 5893/3782/1
f 5942/3790/1 5917/3788/1 5941/3783/1
f 5916/3791/1 5892/3789/1 5915/3787/1
f 5916/3791/1 5891/3792/1 5892/3789/1
f 5943/3793/1 5917/3788/1 5942/3790/1
f 5764/3794/1 5747/3795/1 5763/3796/1
f 5747/3795/1 5943/3793/1 5763/3796/1
f 5747/3795/1 5917/3788/1 5943/3793/1
f 5747/3795/1 5916/3791/1 5917/3788/1
f 5747/3795/1 5891/3792/1 5916/3791/1
f 5747/3795/1 5890/3797/1 5891/3792/1
f 5747/3795/1 5748/3798/1 5890/3797/1
f 5748/3798/1 5889/2424/1 5890/3797/1
f 5764/3794/1 5750/1661/1 5747/3795/1
f 5749/3799/1 5889/2424/1 5748/3798/1
f 5752/3800/1 5754/3801/1 5751/3802/1
f 5752/3800/1 5753/2526/1 5754/3801/1
f 5756/3803/1 5758/3804/1 5755/3805/1
f 5756/3803/1 5757/3806/1 5758/3804/1
f 5764/3794/1 5749/3799/1 5750/1661/1
f 5764/3794/1 5889/2424/1 5749/3799/1
f 5765/3807/1 5889/2424/1 5764/3794/1
f 5766/3808/1 5801/2617/1 5765/3807/1
f 5801/2617/1 5889/2424/1 5765/3807/1
f 5766/3808/1 5800/3809/1 5801/2617/1
f 5802/3810/1 5889/2424/1 5801/2617/1
f 5803/3811/1 5888/3812/1 5802/3810/1
f 5888/3812/1 5889/2424/1 5802/3810/1
f 5803/3811/1 5887/3813/1 5888/3812/1
f 5767/3814/1 5800/3809/1 5766/3808/1
f 5945/2497/1 5950/3815/1 5944/3816/1
f 5950/3815/1 5949/3817/1 5944/3816/1
f 5950/3815/1 5951/3818/1 5949/3817/1
f 5951/3818/1 5948/3819/1 5949/3817/1
f 5767/3814/1 5799/3820/1 5800/3809/1
f 5768/3821/1 5799/3820/1 5767/3814/1
f 5768/3821/1 5798/3822/1 5799/3820/1
f 5945/2497/1 5953/2/1 5950/3815/1
f 5952/3823/1 5948/3819/1 5951/3818/1
f 5769/2554/1 5798/3822/1 5768/3821/1
f 5769/2554/1 5797/3824/1 5798/3822/1
f 5770/3825/1 5797/3824/1 5769/2554/1
f 5770/3825/1 5796/3826/1 5797/3824/1
f 5771/3827/1 5796/3826/1 5770/3825/1
f 5852/3828/1 5850/3829/1 5851/3830/1
f 5852/3828/1 5849/2388/1 5850/3829/1
f 5852/3828/1 5848/3831/1 5849/2388/1
f 5852/3828/1 5847/3832/1 5848/3831/1
f 5771/3827/1 5795/3833/1 5796/3826/1
f 5772/3834/1 5795/3833/1 5771/3827/1
f 5852/3828/1 5846/3835/1 5847/3832/1
f 5852/3828/1 5845/3836/1 5846/3835/1
f 5852/3828/1 5844/3837/1 5845/3836/1
f 5852/3828/1 5843/3838/1 5844/3837/1
f 5852/3828/1 5842/3839/1 5843/3838/1
f 5852/3828/1 5841/2502/1 5842/3839/1
f 5853/3840/1 5841/2502/1 5852/3828/1
f 5853/3840/1 5840/3841/1 5841/2502/1
f 5853/3840/1 5839/3842/1 5840/3841/1
f 5853/3840/1 5838/3843/1 5839/3842/1
f 5773/3844/1 5795/3833/1 5772/3834/1
f 5773/3844/1 5794/3845/1 5795/3833/1
f 5854/3846/1 5838/3843/1 5853/3840/1
f 5854/3846/1 5837/113/1 5838/3843/1
f 5774/3847/1 5794/3845/1 5773/3844/1
f 5855/3848/1 5837/113/1 5854/3846/1
f 5774/3847/1 5793/2587/1 5794/3845/1
f 5945/2497/1 5947/3849/1 5953/2/1
f 5947/3849/1 5952/3823/1 5953/2/1
f 5947/3849/1 5948/3819/1 5952/3823/1
f 5856/3850/1 5837/113/1 5855/3848/1
f 5856/3850/1 5836/3851/1 5837/113/1
f 5775/3852/1 5793/2587/1 5774/3847/1
f 5857/2406/1 5836/3851/1 5856/3850/1
f 5803/3811/1 5886/3853/1 5887/3813/1
f 5804/3854/1 5886/3853/1 5803/3811/1
f 5804/3854/1 5885/3855/1 5886/3853/1
f 5858/3856/1 5836/3851/1 5857/2406/1
f 5804/3854/1 5884/3857/1 5885/3855/1
f 5775/3852/1 5792/3858/1 5793/2587/1
f 5858/3856/1 5835/3859/1 5836/3851/1
f 5804/3854/1 5883/3860/1 5884/3857/1
f 5859/3861/1 5835/3859/1 5858/3856/1
f 5776/3862/1 5792/3858/1 5775/3852/1
f 5805/3863/1 5883/3860/1 5804/3854/1
f 5805/3863/1 5882/3864/1 5883/3860/1
f 5860/3865/1 5835/3859/1 5859/3861/1
f 5805/3863/1 5881/2434/1 5882/3864/1
f 5805/3863/1 5880/3866/1 5881/2434/1
f 5861/3867/1 5835/3859/1 5860/3865/1
f 5805/3863/1 5879/3868/1 5880/3866/1
f 5805/3863/1 5878/3869/1 5879/3868/1
f 5862/3870/1 5835/3859/1 5861/3867/1
f 5805/3863/1 5877/3871/1 5878/3869/1
f 5805/3863/1 5876/3872/1 5877/3871/1
f 5863/3873/1 5835/3859/1 5862/3870/1
f 5805/3863/1 5875/3874/1 5876/3872/1
f 5805/3863/1 5874/3875/1 5875/3874/1
f 5805/3863/1 5873/2416/1 5874/3875/1
f 5805/3863/1 5872/3876/1 5873/2416/1
f 5805/3863/1 5871/3877/1 5872/3876/1
f 5805/3863/1 5870/3878/1 5871/3877/1
f 5805/3863/1 5869/3879/1 5870/3878/1
f 5805/3863/1 5868/3880/1 5869/3879/1
f 5805/3863/1 5867/3881/1 5868/3880/1
f 5805/3863/1 5866/1746/1 5867/3881/1
f 5805/3863/1 5865/2401/1 5866/1746/1
f 5805/3863/1 5864/3882/1 5865/2401/1
f 5805/3863/1 5863/3873/1 5864/3882/1
f 5805/3863/1 5835/3859/1 5863/3873/1
f 5806/3883/1 5835/3859/1 5805/3863/1
f 5806/3883/1 5834/3884/1 5835/3859/1
f 5777/2576/1 5792/3858/1 5776/3862/1
f 5777/2576/1 5791/3885/1 5792/3858/1
f 5807/3886/1 5834/3884/1 5806/3883/1
f 5945/2497/1 5946/3887/1 5947/3849/1
f 5807/3886/1 5833/2511/1 5834/3884/1
f 5778/3888/1 5791/3885/1 5777/2576/1
f 5808/1722/1 5833/2511/1 5807/3886/1
f 5779/646/1 5791/3885/1 5778/3888/1
f 5780/3889/1 5791/3885/1 5779/646/1
f 5808/1722/1 5832/3890/1 5833/2511/1
f 5780/3889/1 5790/3891/1 5791/3885/1
f 5781/3892/1 5790/3891/1 5780/3889/1
f 5809/2613/1 5832/3890/1 5808/1722/1
f 5782/3893/1 5790/3891/1 5781/3892/1
f 5809/2613/1 5831/3894/1 5832/3890/1
f 5810/3895/1 5831/3894/1 5809/2613/1
f 5783/3896/1 5790/3891/1 5782/3893/1
f 5784/3897/1 5790/3891/1 5783/3896/1
f 5811/3898/1 5831/3894/1 5810/3895/1
f 5811/3898/1 5830/3899/1 5831/3894/1
f 5785/2562/1 5790/3891/1 5784/3897/1
f 5812/3900/1 5830/3899/1 5811/3898/1
f 5812/3900/1 5829/3901/1 5830/3899/1
f 5785/2562/1 5786/3902/1 5790/3891/1
f 5786/3902/1 5787/3903/1 5790/3891/1
f 5787/3903/1 5788/3904/1 5790/3891/1
f 5788/3904/1 5789/3905/1 5790/3891/1
f 5813/3906/1 5829/3901/1 5812/3900/1
f 5813/3906/1 5828/3907/1 5829/3901/1
f 5814/3908/1 5828/3907/1 5813/3906/1
f 5814/3908/1 5827/3909/1 5828/3907/1
f 5815/3910/1 5827/3909/1 5814/3908/1
f 5816/3911/1 5827/3909/1 5815/3910/1
f 5817/2597/1 5827/3909/1 5816/3911/1
f 5818/3912/2 5827/3909/2 5817/2597/2
f 5819/3913/1 5827/3909/1 5818/3912/1
f 5820/3914/1 5827/3909/1 5819/3913/1
f 5821/3915/1 5827/3909/1 5820/3914/1
f 5822/3916/1 5827/3909/1 5821/3915/1
f 5823/3917/1 5827/3909/1 5822/3916/1
f 5824/3918/1 5827/3909/1 5823/3917/1
f 5825/2539/1 5827/3909/1 5824/3918/1
f 5826/3919/1 5827/3909/1 5825/2539/1
f 5721/132/1 5745/2626/1 5746/3920/1
f 5721/132/1 5744/3921/1 5745/2626/1
f 5721/132/1 5743/3922/1 5744/3921/1
f 5722/3923/1 5743/3922/1 5721/132/1
f 5722/3923/1 5742/3924/1 5743/3922/1
f 5723/3925/1 5742/3924/1 5722/3923/1
f 5723/3925/1 5741/3926/1 5742/3924/1
f 5724/3927/1 5741/3926/1 5723/3925/1
f 5724/3927/1 5740/3928/1 5741/3926/1
f 5725/3929/1 5740/3928/1 5724/3927/1
f 5725/3929/1 5739/3930/1 5740/3928/1
f 5726/3931/1 5739/3930/1 5725/3929/1
f 5726/3931/1 5738/3932/1 5739/3930/1
f 5727/3933/1 5738/3932/1 5726/3931/1
f 5727/3933/1 5737/2603/1 5738/3932/1
f 5728/3934/1 5737/2603/1 5727/3933/1
f 5728/3934/1 5736/3935/1 5737/2603/1
f 5728/3934/1 5735/3936/1 5736/3935/1
f 5729/2543/1 5735/3936/1 5728/3934/1
f 5729/2543/1 5734/3937/1 5735/3936/1
f 5730/3938/1 5734/3937/1 5729/2543/1
f 5730/3938/1 5731/3939/1 5734/3937/1
f 5731/3939/1 5732/3940/1 5734/3937/1
f 5732/3940/1 5733/3941/1 5734/3937/1
f 6019/810/1 6069/2/1 6018/798/1
f 5955/858/1 6017/786/1 5954/132/1
f 6019/810/1 6068/827/1 6069/2/1
f 5955/858/1 6016/775/1 6017/786/1
f 6020/815/1 6068/827/1 6019/810/1
f 5955/858/1 6015/763/1 6016/775/1
f 6020/815/1 6067/829/1 6068/827/1
f 5956/862/1 6015/763/1 5955/858/1
f 5956/862/1 6014/750/1 6015/763/1
f 6020/815/1 6066/825/1 6067/829/1
f 5956/862/1 6013/854/1 6014/750/1
f 5956/862/1 6012/853/1 6013/854/1
f 6021/805/1 6066/825/1 6020/815/1
f 6021/805/1 6065/838/1 6066/825/1
f 5957/864/1 6012/853/1 5956/862/1
f 5957/864/1 6011/855/1 6012/853/1
f 6021/805/1 6064/835/1 6065/838/1
f 5957/864/1 6010/861/1 6011/855/1
f 5957/864/1 6009/868/1 6010/861/1
f 6022/793/1 6064/835/1 6021/805/1
f 6022/793/1 6063/836/1 6064/835/1
f 5958/866/1 6009/868/1 5957/864/1
f 5958/866/1 6008/870/1 6009/868/1
f 5958/866/1 6007/872/1 6008/870/1
f 6022/793/1 6062/833/1 6063/836/1
f 5958/866/1 6006/875/1 6007/872/1
f 6022/793/1 6061/746/1 6062/833/1
f 6023/782/1 6061/746/1 6022/793/1
f 5958/866/1 6005/877/1 6006/875/1
f 5959/883/1 6005/877/1 5958/866/1
f 5959/883/1 6004/879/1 6005/877/1
f 5959/883/1 6003/882/1 6004/879/1
f 6023/782/1 6060/764/1 6061/746/1
f 6023/782/1 6059/776/1 6060/764/1
f 6024/772/1 6059/776/1 6023/782/1
f 5960/888/1 6003/882/1 5959/883/1
f 6024/772/1 6058/790/1 6059/776/1
f 6024/772/1 6057/801/1 6058/790/1
f 6025/761/1 6057/801/1 6024/772/1
f 5961/885/1 5990/964/1 5960/888/1
f 5990/964/1 6003/882/1 5960/888/1
f 5961/885/1 5989/968/1 5990/964/1
f 5991/960/1 6003/882/1 5990/964/1
f 5992/957/1 6002/891/1 5991/960/1
f 6002/891/1 6003/882/1 5991/960/1
f 5992/957/1 6001/896/1 6002/891/1
f 6025/761/1 6054/828/1 6057/801/1
f 6054/828/1 6056/813/1 6057/801/1
f 5962/887/1 5989/968/1 5961/885/1
f 6026/751/1 6054/828/1 6025/761/1
f 5962/887/1 5988/967/1 5989/968/1
f 5962/887/1 5987/963/1 5988/967/1
f 5963/892/1 5987/963/1 5962/887/1
f 6027/742/1 6054/828/1 6026/751/1
f 5963/892/1 5986/959/1 5987/963/1
f 5963/892/1 5985/950/1 5986/959/1
f 5964/895/1 5985/950/1 5963/892/1
f 6028/755/1 6054/828/1 6027/742/1
f 5964/895/1 5984/945/1 5985/950/1
f 5965/899/1 5984/945/1 5964/895/1
f 6029/768/1 6054/828/1 6028/755/1
f 5965/899/1 5983/941/1 5984/945/1
f 6029/768/1 6053/843/1 6054/828/1
f 6055/819/1 6056/813/1 6054/828/1
f 6029/768/1 6052/847/1 6053/843/1
f 5965/899/1 5982/938/1 5983/941/1
f 5966/902/1 5982/938/1 5965/899/1
f 6030/779/1 6052/847/1 6029/768/1
f 6030/779/1 6051/851/1 6052/847/1
f 5992/957/1 5998/937/1 6001/896/1
f 5998/937/1 6000/901/1 6001/896/1
f 5998/937/1 5999/906/1 6000/901/1
f 5966/902/1 5981/935/1 5982/938/1
f 6030/779/1 6050/848/1 6051/851/1
f 5967/905/1 5981/935/1 5966/902/1
f 5968/908/1 5981/935/1 5967/905/1
f 6030/779/1 6049/845/1 6050/848/1
f 6031/791/1 6049/845/1 6030/779/1
f 5968/908/1 5980/912/1 5981/935/1
f 5969/910/1 5980/912/1 5968/908/1
f 6032/803/1 6049/845/1 6031/791/1
f 5970/915/1 5980/912/1 5969/910/1
f 6032/803/1 6048/840/1 6049/845/1
f 6033/812/1 6048/840/1 6032/803/1
f 5971/920/1 5980/912/1 5970/915/1
f 5972/926/1 5980/912/1 5971/920/1
f 6034/800/1 6048/840/1 6033/812/1
f 5972/926/1 5979/913/1 5980/912/1
f 6034/800/1 6047/823/1 6048/840/1
f 5973/931/1 5979/913/1 5972/926/1
f 6035/789/1 6047/823/1 6034/800/1
f 5974/929/1 5979/913/1 5973/931/1
f 6035/789/1 6046/818/1 6047/823/1
f 5975/927/1 5979/913/1 5974/929/1
f 6036/777/1 6046/818/1 6035/789/1
f 5975/927/1 5976/924/1 5979/913/1
f 5976/924/1 5977/921/1 5979/913/1
f 5977/921/1 5978/917/1 5979/913/1
f 6037/765/1 6046/818/1 6036/777/1
f 6037/765/1 6045/809/1 6046/818/1
f 6038/754/1 6045/809/1 6037/765/1
f 6038/754/1 6044/795/1 6045/809/1
f 5992/957/1 5997/943/1 5998/937/1
f 6039/743/1 6044/795/1 6038/754/1
f 6039/743/1 6043/780/1 6044/795/1
f 6040/747/1 6043/780/1 6039/743/1
f 6041/753/1 6043/780/1 6040/747/1
f 6041/753/1 6042/766/1 6043/780/1
f 5992/957/1 5994/952/1 5997/943/1
f 5994/952/1 5996/946/1 5997/943/1
f 5994/952/1 5995/949/1 5996/946/1
f 5992/957/1 5993/955/1 5994/952/1
f 6265/3942/1 6260/3943/1 6264/3944/1
f 6260/3943/1 6267/2/1 6264/3944/1
f 6260/3943/1 6261/3945/1 6267/2/1
f 6261/3945/1 6266/3946/1 6267/2/1
f 6265/3942/1 6263/3947/1 6260/3943/1
f 6262/3948/1 6266/3946/1 6261/3945/1
f 6265/3942/1 6262/3948/1 6263/3947/1
f 6265/3942/1 6266/3946/1 6262/3948/1
f 6079/3949/1 6167/3950/1 6078/3951/1
f 6079/3949/1 6166/3952/1 6167/3950/1
f 6081/3953/1 6079/3949/1 6080/3954/1
f 6081/3953/1 6166/3952/1 6079/3949/1
f 6081/3953/1 6165/3955/1 6166/3952/1
f 6081/3953/1 6164/3956/1 6165/3955/1
f 6082/3957/1 6164/3956/1 6081/3953/1
f 6083/3958/1 6163/3959/1 6082/3957/1
f 6163/3959/1 6164/3956/1 6082/3957/1
f 6083/3958/1 6162/3960/1 6163/3959/1
f 6259/3961/1 6070/132/1 6258/3962/1
f 6070/132/1 6257/3963/1 6258/3962/1
f 6070/132/1 6071/3964/1 6257/3963/1
f 6071/3964/1 6256/3965/1 6257/3963/1
f 6255/3966/1 6074/3967/1 6254/3968/1
f 6074/3967/1 6253/3969/1 6254/3968/1
f 6074/3967/1 6075/3970/1 6253/3969/1
f 6075/3970/1 6252/3971/1 6253/3969/1
f 6259/3961/1 6073/3972/1 6070/132/1
f 6072/3973/1 6256/3965/1 6071/3964/1
f 6255/3966/1 6077/3974/1 6074/3967/1
f 6076/3975/1 6252/3971/1 6075/3970/1
f 6162/3960/1 6160/3976/1 6161/3977/1
f 6083/3958/1 6160/3976/1 6162/3960/1
f 6259/3961/1 6072/3973/1 6073/3972/1
f 6259/3961/1 6256/3965/1 6072/3973/1
f 6255/3966/1 6076/3975/1 6077/3974/1
f 6255/3966/1 6252/3971/1 6076/3975/1
f 6084/3978/1 6160/3976/1 6083/3958/1
f 6085/3979/1 6160/3976/1 6084/3978/1
f 6086/3980/1 6160/3976/1 6085/3979/1
f 6086/3980/1 6159/3981/1 6160/3976/1
f 6087/3982/1 6159/3981/1 6086/3980/1
f 6088/3983/1 6159/3981/1 6087/3982/1
f 6089/3984/1 6159/3981/1 6088/3983/1
f 6090/3985/1 6159/3981/1 6089/3984/1
f 6091/3986/1 6159/3981/1 6090/3985/1
f 6092/3987/1 6159/3981/1 6091/3986/1
f 6093/3988/1 6159/3981/1 6092/3987/1
f 6094/3989/1 6159/3981/1 6093/3988/1
f 6095/3990/1 6159/3981/1 6094/3989/1
f 6168/3991/1 6256/3965/1 6259/3961/1
f 6169/3992/1 6256/3965/1 6168/3991/1
f 6169/3992/1 6255/3966/1 6256/3965/1
f 6169/3992/1 6251/3993/1 6255/3966/1
f 6251/3993/1 6252/3971/1 6255/3966/1
f 6169/3992/1 6250/3994/1 6251/3993/1
f 6096/3995/1 6159/3981/1 6095/3990/1
f 6096/3995/1 6097/3996/1 6159/3981/1
f 6097/3996/1 6158/3997/1 6159/3981/1
f 6098/3998/1 6158/3997/1 6097/3996/1
f 6171/3999/1 6169/3992/1 6170/4000/1
f 6171/3999/1 6250/3994/1 6169/3992/1
f 6171/3999/1 6249/4001/1 6250/3994/1
f 6171/3999/1 6248/4002/1 6249/4001/1
f 6172/4003/1 6248/4002/1 6171/3999/1
f 6173/4004/1 6247/4005/1 6172/4003/1
f 6247/4005/1 6248/4002/1 6172/4003/1
f 6173/4004/1 6246/4006/1 6247/4005/1
f 6173/4004/1 6245/4007/1 6246/4006/1
f 6174/4008/1 6245/4007/1 6173/4004/1
f 6174/4008/1 6211/4009/1 6245/4007/1
f 6211/4009/1 6244/4010/1 6245/4007/1
f 6174/4008/1 6208/4011/1 6211/4009/1
f 6208/4011/1 6210/4012/1 6211/4009/1
f 6212/4013/1 6244/4010/1 6211/4009/1
f 6175/4014/1 6208/4011/1 6174/4008/1
f 6175/4014/1 6207/4015/1 6208/4011/1
f 6209/4016/1 6210/4012/1 6208/4011/1
f 6212/4013/1 6243/4017/1 6244/4010/1
f 6176/4018/1 6207/4015/1 6175/4014/1
f 6213/4019/1 6243/4017/1 6212/4013/1
f 6176/4018/1 6206/4020/1 6207/4015/1
f 6213/4019/1 6242/4021/1 6243/4017/1
f 6177/4022/1 6206/4020/1 6176/4018/1
f 6214/4023/1 6242/4021/1 6213/4019/1
f 6214/4023/1 6241/4024/1 6242/4021/1
f 6177/4022/1 6205/4025/1 6206/4020/1
f 6178/4026/1 6205/4025/1 6177/4022/1
f 6215/4027/1 6241/4024/1 6214/4023/1
f 6215/4027/1 6240/4028/1 6241/4024/1
f 6178/4026/1 6204/4029/1 6205/4025/1
f 6179/4030/1 6204/4029/1 6178/4026/1
f 6215/4027/1 6239/4031/1 6240/4028/1
f 6216/4032/1 6239/4031/1 6215/4027/1
f 6180/4033/1 6204/4029/1 6179/4030/1
f 6180/4033/1 6203/4034/1 6204/4029/1
f 6216/4032/1 6238/4035/1 6239/4031/1
f 6217/4036/1 6238/4035/1 6216/4032/1
f 6181/4037/1 6203/4034/1 6180/4033/1
f 6217/4036/1 6237/4038/1 6238/4035/1
f 6181/4037/1 6202/4039/1 6203/4034/1
f 6182/4040/1 6202/4039/1 6181/4037/1
f 6218/4041/1 6237/4038/1 6217/4036/1
f 6218/4041/1 6236/4042/1 6237/4038/1
f 6183/4043/1 6202/4039/1 6182/4040/1
f 6183/4043/1 6201/4044/1 6202/4039/1
f 6218/4041/1 6235/4045/1 6236/4042/1
f 6219/4046/1 6235/4045/1 6218/4041/1
f 6184/4047/1 6201/4044/1 6183/4043/1
f 6219/4046/1 6234/4048/1 6235/4045/1
f 6099/4049/1 6158/3997/1 6098/3998/1
f 6099/4049/1 6157/4050/1 6158/3997/1
f 6219/4046/1 6233/4051/1 6234/4048/1
f 6100/4052/1 6157/4050/1 6099/4049/1
f 6184/4047/1 6200/4053/1 6201/4044/1
f 6101/4054/1 6157/4050/1 6100/4052/1
f 6219/4046/1 6232/4055/1 6233/4051/1
f 6185/4056/1 6200/4053/1 6184/4047/1
f 6102/4057/1 6157/4050/1 6101/4054/1
f 6102/4057/1 6156/4058/1 6157/4050/1
f 6103/4059/1 6156/4058/1 6102/4057/1
f 6220/4060/1 6232/4055/1 6219/4046/1
f 6104/4061/1 6156/4058/1 6103/4059/1
f 6186/4062/1 6200/4053/1 6185/4056/1
f 6220/4060/1 6231/4063/1 6232/4055/1
f 6105/4064/1 6156/4058/1 6104/4061/1
f 6106/4065/1 6156/4058/1 6105/4064/1
f 6107/4066/1 6156/4058/1 6106/4065/1
f 6108/4067/1 6156/4058/1 6107/4066/1
f 6109/4068/1 6156/4058/1 6108/4067/1
f 6110/4069/1 6156/4058/1 6109/4068/1
f 6187/4070/1 6200/4053/1 6186/4062/1
f 6123/4071/1 6121/4072/1 6122/4073/1
f 6111/4074/1 6156/4058/1 6110/4069/1
f 6112/4075/1 6156/4058/1 6111/4074/1
f 6113/4076/1 6156/4058/1 6112/4075/1
f 6114/4077/1 6156/4058/1 6113/4076/1
f 6123/4071/1 6120/4078/1 6121/4072/1
f 6115/4079/1 6156/4058/1 6114/4077/1
f 6116/4080/1 6156/4058/1 6115/4079/1
f 6123/4071/1 6119/4081/1 6120/4078/1
f 6117/4082/1 6156/4058/1 6116/4080/1
f 6123/4071/1 6118/4083/1 6119/4081/1
f 6118/4083/1 6156/4058/1 6117/4082/1
f 6123/4071/1 6156/4058/1 6118/4083/1
f 6220/4060/1 6230/4084/1 6231/4063/1
f 6123/4071/1 6155/4085/1 6156/4058/1
f 6187/4070/1 6199/4086/1 6200/4053/1
f 6188/4087/1 6199/4086/1 6187/4070/1
f 6124/4088/1 6155/4085/1 6123/4071/1
f 6220/4060/1 6229/4089/1 6230/4084/1
f 6221/4090/1 6229/4089/1 6220/4060/1
f 6189/4091/1 6199/4086/1 6188/4087/1
f 6124/4088/1 6154/4092/1 6155/4085/1
f 6125/4093/1 6154/4092/1 6124/4088/1
f 6221/4090/1 6228/4094/1 6229/4089/1
f 6190/4095/1 6199/4086/1 6189/4091/1
f 6126/4096/1 6154/4092/1 6125/4093/1
f 6221/4090/1 6227/4097/1 6228/4094/1
f 6126/4096/1 6153/4098/1 6154/4092/1
f 6190/4095/1 6198/4099/1 6199/4086/1
f 6191/4100/1 6198/4099/1 6190/4095/1
f 6222/4101/1 6227/4097/1 6221/4090/1
f 6127/4102/1 6153/4098/1 6126/4096/1
f 6222/4101/1 6226/4103/1 6227/4097/1
f 6127/4102/1 6152/4104/1 6153/4098/1
f 6192/4105/1 6198/4099/1 6191/4100/1
f 6222/4101/1 6225/4106/1 6226/4103/1
f 6128/4107/1 6152/4104/1 6127/4102/1
f 6128/4107/1 6151/4108/1 6152/4104/1
f 6192/4105/1 6197/4109/1 6198/4099/1
f 6193/4110/1 6197/4109/1 6192/4105/1
f 6223/4111/1 6224/4112/1 6222/4101/1
f 6224/4112/1 6225/4106/1 6222/4101/1
f 6129/4113/1 6151/4108/1 6128/4107/1
f 6129/4113/1 6150/4114/1 6151/4108/1
f 6194/4115/1 6197/4109/1 6193/4110/1
f 6129/4113/1 6149/4116/1 6150/4114/1
f 6130/4117/1 6149/4116/1 6129/4113/1
f 6194/4115/1 6195/4118/1 6197/4109/1
f 6195/4118/1 6196/4119/1 6197/4109/1
f 6130/4117/1 6148/4120/1 6149/4116/1
f 6131/4121/1 6148/4120/1 6130/4117/1
f 6131/4121/1 6147/4122/1 6148/4120/1
f 6131/4121/1 6146/4123/1 6147/4122/1
f 6132/4124/1 6146/4123/1 6131/4121/1
f 6132/4124/1 6145/4125/1 6146/4123/1
f 6132/4124/1 6144/4126/1 6145/4125/1
f 6133/4127/1 6144/4126/1 6132/4124/1
f 6133/4127/1 6143/4128/1 6144/4126/1
f 6133/4127/1 6142/4129/1 6143/4128/1
f 6133/4127/1 6141/4130/1 6142/4129/1
f 6134/4131/1 6141/4130/1 6133/4127/1
f 6134/4131/1 6140/4132/1 6141/4130/1
f 6134/4131/1 6139/4133/1 6140/4132/1
f 6134/4131/1 6138/4134/1 6139/4133/1
f 6134/4131/1 6137/4135/1 6138/4134/1
f 6134/4131/1 6136/4136/1 6137/4135/1
f 6134/4131/1 6135/4137/1 6136/4136/1
